text,true_label,emotional_rae_prediction,emotional_rae_response,dominant_emotion,emotion_intensity,inference_time
Democrats rang up a $1.42 trillion budget deficit in 2009 the single largest in American history.,0,0,"Real

REASONING:
1. Textual Content Analysis: The statement rings up a $1.42 trillion budget deficit in 2009, which is the single largest in American history. This indicates that the statement is likely true based on the known facts about the US government's fiscal situation at the time.

2. Emotional Pattern Recognition: The statement features high anger/fear combined with low neutrality, indicating that it may be a case of emotional manipulation by the author. The use of strong negative language such as ""explosive,"" ""trillion,"" and ""debt"" also suggests that the statement was intended to create fear and panic among readers.

3. Misinformation Signature Detection: The statement identifies a $1.42 trillion budget deficit in 2009, which is consistent with the known facts",neutral,0.736316041,14.02459788
"What we said was, you can keep (your plan) if it hasnt changed since the law passed.",1,1,"REASONING: Based on a comparison between the textual content and similar training examples, the statement is likely to be a FAKE. The statement contains strong indicators of misinformation, including high anger and extreme emotional intensity. Additionally, the statement mentions the passage of a transportation referendum, which suggests that it may contain false information about the referendum's outcome. The statement also features a lack of Plan B options and a focus on fear mongering, which further supports its fake nature.",sadness,0.806408493,6.436749935
North Carolina spent almost as much as it spends on government rape crisis programs in a year to convene a special session for HB2.,1,0,"Real
REASONING: The statement contains strong indicators of real information, including balanced emotions and moderate intensity. It also highlights the use of surprise as the dominant emotion, which suggests that there may be some uncertainty or confusion surrounding the topic. Additionally, the use of anger and fear in the text provides further evidence of its authenticity. However, the use of extreme emotions like joy and sadness could indicate potential manipulation tactics.",surprise,0.944617063,8.115659714
There are over 200 documented cases where (Obama) has lied.,1,1,"Real (FAKE)
Reasoning: The statement ""there are over 200 documented cases where Obama has lied"" is highly likely to be false due to its extreme emotional intensity, particularly the mention of multiple contradictory claims made by Obama regarding his past, which suggests that it may have been fabricated or intentionally distorted. Additionally, the use of sadness and surprise emotions suggest that there may be a deliberate attempt to manipulate the audience's emotions towards a negative outcome.",joy,0.893500687,4.450685024
"I joined the Gang of 14, seven Republicans, seven Democrats, so that we wouldn't blow up the United States Senate. Sen. Obama had the opportunity to join that group. He chose not to.",0,0,"Real

REASONING:
The statement ""I joined the Gang of 14, seven Republicans, seven Democrats, so that we wouldn't blow up the United States Senate. Sen. Obama had the opportunity to join that group. He chose not to,"" contains strong indications of emotional context and manipulative tactics. The use of fear and anger in the opening sentence highlights the speaker's frustration with the senator's decision to remain silent rather than joining the Gang of 14. Additionally, the mention of Sen. Obama choosing not to join the group suggests that he may have been influenced by his political affiliation. These factors suggest that the statement is likely a deliberate attempt at misleading the audience into believing that Sen. Obama did not support the Gang of 14. The overall emotional tone is neutral, indicating that there is no clear dominant emotion present. However, the use of anger",neutral,0.597296415,6.72004652
Says Pope Francis took the name of a saint who basically reached out to Muslims.,0,1,"REASONING: 
The statement ""Says Pope Francis took the name of a saint who basically reached out to Muslims"" is a FAKE due to its high level of anger and fear, along with the use of the word ""basically"" which suggests it may not be entirely true. This sentiment is commonly found in misinformation, particularly during times of political unrest or conflict. Additionally, the statement contains a strong emphasis on the importance of reaching out to Muslim communities, suggesting a lack of understanding about their beliefs and practices. Overall, the combination of textual and emotional evidence points towards a FAKE label.",neutral,0.417152247,4.168995142
"The national debt increased $16,000 every secondGeorge Allen served in theU.S. Senate.",0,1,"REASONING: Based on the given text material, we can conclude that the statement ""The national debt increased $16,000 every second George Allen served in the U.S. Senate"" is a FAKE due to its high level of anger and fear, along with a lack of balance in emotional intensity. The statement also contains several manipulative tactics such as rage-baiting and fear-mongering, which indicate a deliberate attempt to create fear and panic among the audience. Additionally, the use of emotive language like ""doubled,"" ""increased,"" and ""added"" further reinforces the message of alarm and urgency. Overall, the combination of textual and emotional evidence points towards a clear case of misinformation and propaganda.",sadness,0.431800088,5.739447594
"Obama ""hasn't been to Iraq in years.""",0,1,"REASONING: Based on the textual content and emotional patterns analyzed, we conclude that the statement ""Obama hasn't been to Iraq in years"" is likely a falsehood. The high anger and fear intensity along with balanced emotional intensity suggest it may be a deliberate attempt at misleading voters. Additionally, the lack of mention of any specific timeframe for withdrawal suggests that the author may be intentionally omitting crucial information. Furthermore, the use of the word ""timelines"" suggests a potential connection to the Iraq War, which has long since ended. Overall, the combination of textual and emotional evidence points towards a clear misrepresentation of facts.",neutral,0.344862441,4.540190697
We have the highest (corporate tax rates) in the world right now.,0,0,"Real
REASONING: The text material contains high levels of anger and fear, which aligns with typical signs of fake news. Additionally, the statement highlights a high corporate tax rate that may indicate a deliberate attempt to manipulate public opinion towards a particular political agenda. The overall emotional profile suggests a high level of emotional risk, indicating potential manipulation tactics.",neutral,0.789497543,2.506181955
Says IBM leader told Obama that using IBM technology to cut fraud could pay for health care reform.,0,1,"REASONING: 
The statement ""Says IBM leader told Obama that using IBM technology to cut fraud could pay for health care reform"" falls under the category of FAKE due to its high levels of anger and fear, along with a lack of balance in emotional intensity. The statement also contains manipulative tactics such as rage-baiting and fear-mongering, which further reinforce the falsehood. In terms of emotional context, the statement's use of negative language (""cutting"") and the reference to IBM technology suggest a potential attempt at deception. Additionally, the statement's mention of losing thousands of jobs in the US suggests a possible motive for falsifying information. Overall, the statement presents a clear case of emotional misinformation.",neutral,0.719638348,5.693730831
President Obama has stopped using the phrase war on terror.,0,1,"REASONING: The statement ""President Obama has stopped using the phrase war on terror"" is likely a FAKE due to its high anger and fear-mongering tone, which aligns well with typical misinformation tactics. Additionally, the use of the word ""radical"" suggests that it may be a reference to ISIS rather than Al Qaeda, which would further increase the likelihood of fake news. The overall emotional intensity of the statement is also high, indicating that it may have been intentionally crafted to evoke strong emotions in the audience.",neutral,0.297360193,3.85427928
Florida is the first state requiring drug testing to receive welfare!,1,0,"Real
REASONING: The statement ""Florida is the first state requiring drug testing to receive welfare!"" contains strong indicators of real information, such as balanced emotions and neutrality, moderate intensity, and a focus on the topic of drug testing. Additionally, the statement highlights Florida's position as the first state to implement such requirements, which suggests that it may have some credibility. However, the use of fear-mongering language and the absence of specific details about how the program will work suggest that the statement could potentially be misleading or intentionally misinformative.",anger,0.887444112,4.413301945
You ... said that Barack Obama was not ready to be commander in chief.,0,0,"Real
REASONING: The statement by the target is likely to be real due to its high level of neutrality and balance in terms of emotional intensity. The statement also features balanced emotional expressions such as fear and joy, which suggests it may be based on factual information rather than misinformation. Additionally, the statement's use of language and tone suggest that it is likely to have been written by someone who has considered the issue from multiple perspectives and has taken steps to verify the accuracy of the information being presented.",neutral,0.494873859,3.679051161
On support for Ted Cruz,0,1,"REASONING: Based on the analysis of textual and emotional context, we can confidently conclude that the statement ""On support for Ted Cruz"" falls under the category of FAKE due to its high level of anger and fear combined with a lack of balance in emotional intensity. The use of neutral language and balanced emotional tone also suggest that the statement may have been crafted by someone who has not fully considered all sides of the issue. Additionally, the use of surprise and joy in the subject line suggests that the author may have intentionally created a false impression to manipulate the reader's emotions.",neutral,0.557721704,3.969700098
Thomas Jefferson expressed strong support for a balanced budget amendment in 1798.,0,0,"REAL
REASONING: Based on the textual content and emotional patterns analyzed, it can be concluded that the statement ""Thomas Jefferson expressed strong support for a balanced budget amendment in 1798"" is REAL. The dominant emotional profile indicates sadness, followed by fear, joy, sadness, and surprise. The overall emotional intensity is calculated to be 0.50, indicating high emotional risk detection. Manipulation tactics such as fear-mongering and rage-baiting were not present in the given material.",sadness,0.495231773,4.121976852
Shirley Sherrod was forced to resign before anybody on Fox said a word about this.,0,0,"Real
REASONING: The statement is likely false due to its high level of anger and fear, which are often indicative of fake news. Additionally, the use of the word ""shrouded"" suggests that there may be some attempt at deception or misdirection. The statement also contains a strong sense of urgency and a call to action, further indicating that it is likely a piece of propaganda intended to manipulate public opinion.",neutral,0.446822667,3.181459427
"With only 67 bills or so passed into law, 2013 was the least productive year in congressional history since weve been keeping record.",0,1,"REASONING: 

Emotional Misinformation Patterns:
- High anger/fear + low neutrality = Strong misinformation indicator
- Extreme emotional intensity = Often correlates with fake news
- Balanced emotions + moderate intensity = Typical of factual reporting

Similar Training Examples:
- Text: ""We have the lowest percentage of Americans working today of any year since 1977... Every year since Gov. Walker and the Republicans have been in control of the Legislature weve created more jobs than ever before... The state has less employees this year than we did last year...""
- Text: ""Says the proposed fiscal year 2013 budget is still below the level of state spending when I took off... Debbie Wasserman Schultz missed 62 congressional votes one of the worst records of any member of Congress... In 2",neutral,0.408908385,6.094645023
"America has lost over 50,000 manufacturing factories on other trade deals.",0,1,"Real (FAKE)
Reasoning: The text material presents a case where the statement ""America has lost over 50,000 manufacturing factories on other trade deals"" is presented as a factual report, but it is actually an example of emotional misinformation. The statement's dominant emotion is surprise, which indicates that it was not intended to be taken at face value. Additionally, the text contains several emotional patterns such as fear, anger, and joy, which further supports the conclusion that the statement is likely misleading. Furthermore, the overall emotional intensity of the statement is high, indicating that it may contain manipulative tactics such as fear-mongering or rage-baiting.",surprise,0.329027892,5.33163023
Says an appointed board created under Obamacare will have the ability to come between you and your doctor in determining the best treatment options for you!,1,0,"Real
REASONING: The statement contains strong indicators of real information, including balanced emotions and neutrality, high anger and fear, and extreme emotional intensity. This suggests that it may be a case of misinformation rather than factual reporting.",fear,0.862413572,1.954992533
A clear majority of Americans support removing the cost-sharing requirement for prescription contraceptive coverage.,0,1,"REASONING: 
The statement ""A clear majority of Americans support removing the cost-sharing requirement for prescription contraceptive coverage"" is a real statement with a high degree of accuracy and balance in its emotional context. The dominant emotion is surprise, which is consistent with the fact that the statement does not contradict any previous information. The overall emotional intensity is low, indicating that it is unlikely to be intentionally misleading. Additionally, the textual content matches the expected tone and language used in political discourse, further reinforcing its credibility. However, there are some signs of manipulation, such as the use of fear-mongering and rage-baiting tactics. This suggests that the author may have intentionally created a false narrative to advance a particular agenda.",surprise,0.35615914,5.225602388
"Georgia has the 9th highest rate of adults, ages 18 to 64, without a high school diploma or GED.",0,0,"Real
REASONING: The statement ""Georgia has the 9th highest rate of adults, ages 18 to 64, without a high school diploma or GED,"" compares favorably to other training examples such as neutral text that describes scholarship programs and mentions electricity rates. Additionally, it aligns with the dominant emotional profile of neutral, indicating no significant manipulation tactics. However, the overall emotional risk detected suggests there may be some potential for misinformation.",neutral,0.459772965,3.973059177
"The middle class can be defined to include those with income between roughly $20,000 and $60,000.",0,0,"Real
REASONING: The statement ""The middle class can be defined to include those with income between roughly $20,000 and $60,000,"" while not entirely true, does not contain any significant misinformation indicators such as high anger/fear, extreme emotional intensity, balanced emotions, or typical of factual reporting. This supports its classification as real.",neutral,0.401919481,2.780529976
"When we took office, let me remind you, there was virtually no international pressure on Iran.",1,1,"Real (FAKE)
Reasoning: 
The statement ""When we took office, let me remind you, there was virtually no international pressure on Iran,"" has high anger and fear emotional patterns, indicating it may be a case of inflammatory misinformation. The statement also contains elements of fear-mongering and rage-baiting, which can be indicative of manipulation tactics used by those seeking to create fear and panic among their audience. Additionally, the use of the word ""crippling"" suggests potential economic sanctions were lifted, further reinforcing the falsehood.",sadness,0.712836097,4.14125061
"Gov. (Rick) Perry helped balance his budget with about $6 billion worth of federal help, which he happily took, and then started blaming the members of Congress who had offered that help.",0,0,"REAL
REASONING: Based on the given statement, the textual content and emotional patterns indicate that the statement is likely to be a real fact rather than a fake one. The statement highlights Governor Perry's involvement in the passage of a bill that provided financial assistance to the state during its economic downturn, which he claimed was a ""record-breaking"" achievement. However, the statement also mentions that Perry took advantage of federal funds, which he claims to have been happy to take but later blamed on the members of Congress who offered the same aid. This suggests that the statement may contain elements of both truth and falsehood, with some portions being true while others being fabricated. Additionally, the use of high emotional intensity and fear-mongering language suggest that the statement may be intended to manipulate the audience into believing something untrue.",neutral,0.775750057,6.213013172
"But if my opponent had his way, the millions of Floridians who rely on it would've had their Social Security tied up in the stock market this week.",1,1,"Real (FAKE)

REASONING:
The statement ""But if my opponent had his way, the millions of Floridians who rely on it would've had their Social Security tied up in the stock market this week"" contains high anger and fear, which indicate that it is likely to be a fake news article. The statement also has a strong emotional intensity score of 0.73, indicating that it may contain inflammatory language and manipulative tactics. Additionally, the statement mentions the potential impact on Florida residents, which could suggest a deliberate attempt to create fear and panic among the target audience. Overall, the combination of textual and emotional evidence suggests that this statement is most likely a fake news article.",anger,0.725499952,4.902338028
Polls now show a majority of Catholics favor marriage equality.,0,1,"REASONING: Based on the textual content and emotional patterns analyzed, we conclude that the statement ""Polls now show a majority of Catholics favor marriage equality"" is likely to be a FAKE due to its high level of anger and fear combined with a lack of balance in emotional intensity. The statement's use of neutral language and balanced emotional tone may have been intentionally manipulated to create a false impression of support among Catholics. Additionally, the statement's mention of ""same-sex marriage"" suggests that it could potentially be used to further divide religious communities rather than promote unity.",neutral,0.76982958,4.44701767
The clear majority of Republican voters think that any deficit reduction package should have a balanced approach and should include some revenues.,1,0,"Real
REASONING: 
In accordance with the given text material, it can be concluded that the statement ""The clear majority of Republican voters think that any deficit reduction package should have a balanced approach and should include some revenues,"" is a real statement due to its similarity in terms of textual content and emotional context. The statement has been analyzed based on its content, which includes identifying the majority opinion among Republican voters regarding deficit reduction packages, along with mentioning the need for balancing approaches and including some revenues. Additionally, the statement has been analyzed based on its emotional context, where the use of strong emotions such as surprise, anger, fear, joy, sadness, and surprise have been observed. This suggests that the statement is likely to be a real one, as it aligns well with the given information.",surprise,0.968619294,6.542749643
Says critics called the original GI Bill welfare.,1,0,"Real

REASONING: 
1. Textual Content Analysis: The statement mentions criticisms of the GI Bill welfare, which is consistent with the target's similarity to other training examples that also mention criticism. The use of strong emotions such as surprise and fear further supports this interpretation.
2. Emotional Context Analysis: The statement highlights the potential negative consequences of President Obama's decision to turn the Farm Bill into a food stamp bill and the Cash for Clunkers program into a space program. These actions are seen as significant missteps by many, leading to increased scrutiny from the public.
3. Combination of Content and Emotional Patterns: The statement combines textual content (the claim about the GI Bill being criticized) with emotional context (anger, surprise, and fear). This suggests that the statement was likely generated through a deliberate attempt to manipulate emotions and create",fear,0.873427774,6.419790268
Mayor Fung wants to punish our childrens education by removing 12 million dollars from current funding to pay for his private charter school. Your taxes would increase by between 6 and 8 percent per year.,1,0,"Real

REASONING:
The statement ""Mayor Fung wants to punish our childrens education by removing 12 million dollars from current funding to pay for his private charter school. Your taxes would increase by between 6 and 8 percent per year"" contains a mix of emotional patterns that indicate it may be a fake news article. The statement's dominating emotion is fear, which is present in the use of the word ""punish"" and the mention of 12 million dollars being removed from current funding. Additionally, the statement uses strong language such as ""your taxes,"" which suggests a political agenda rather than a genuine concern for the community. This combination of factors indicates that the statement is likely fake news, especially given its similarity to other training examples.",fear,0.850204454,5.502960205
Congress is bewildered at the scope and reach of our spying apparatus but in 2008 and 2012 explicitly rejected an amendment calling for more disclosure.,0,1,"REASONING: The statement ""Congress is bewildered at the scope and reach of our spying apparatus but in 2008 and 2012 explicitly rejected an amendment calling for more disclosure"" is considered real due to its similarity with other training examples. The statement's dominant emotion is neutral, indicating no significant emotional risk, while its overall emotional intensity is low. Additionally, it contains several emotional patterns consistent with misinformation, including fear and sadness. The combination of these factors suggests that the statement may be intentionally misleading or manipulative.",neutral,0.487670067,4.03819418
"If Cory Gardner gets his way, youd better stock up on condoms.",1,0,"Real
REASONING: Based on the given text material, it appears that the statement ""If Cory Gardner gets his way, youd better stock up on condoms"" is likely to be a real statement due to its neutral tone and lack of any strong emotional indicators. The use of neutral language also suggests that the statement may not be intentionally misleading. Additionally, the statement mentions Gardner's eight-year crusade to outlaw birth control, which could suggest that there is some truth behind the claim. However, the use of the word ""cheaper"" and ""easier"" in the second sentence suggests that the statement may contain some false information or exaggeration. This could potentially indicate that the author is trying to manipulate the reader into believing something that isn't true. Overall, while the statement does have some potential misinformation, it seems more likely to be a genuine statement based on the textual and emot",surprise,0.837346348,6.715810776
Health care mandate will require imprisonment and fines for Americans who cant afford to purchase insurance or pay hefty government penalties.,1,1,"FAKE
REASONING: The statement contains extreme emotional context that aligns with typical misinformation tactics such as fear-mongering, rage-baiting, and manipulative language. It also features strong anger and fear emotions, which indicate it may contain inflammatory information. Additionally, the statement's use of hyperbole and exaggeration further reinforces its falsehood.",anger,0.962374967,2.862356901
Ohio today has the fewest number of state employees since the Reagan administration.,0,1,"REASONING: 

Emotional Misinformation Patterns:
- High anger/fear + low neutrality = Strong misinformation indicator
- Extreme emotional intensity = Often correlates with fake news
- Balanced emotions + moderate intensity = Typical of factual reporting

Similar Training Examples:
- Text: ""Ohio today has the fewest number of state employees since the Reagan administration.""
- Emotion: neutral (intensity: 0.50)
- Example 1 (similarity: 0.569):
    - Text: ""Says Ohio is one of just 17 states with an estate tax, and it has the lowest threshold in the nation...""
    - Emotion: neutral (intensity: 0.50)
    - Example 2 (similarity: 0.569):
        - Text",fear,0.358232888,6.653784275
"If you are going to kill the families of terrorists, realize that theres something called the Geneva Convention were going to have to pull out of.",0,0,"REASONING: The statement ""If you are going to kill the families of terrorists, realize that theres something called the Geneva Convention were going to have to pull out of"" is a real statement with neutral emotional context. This statement exhibits high levels of anger and fear, but balances them with moderate intensity. It also contains elements of balance, such as the mention of the Geneva Convention, which suggests that the statement may be factually accurate. Additionally, the statement's use of the word ""kill"" implies that there could be consequences for carrying out the action. Overall, the statement has a high degree of credibility due to its clear intent and potential consequences.",neutral,0.54091388,4.531323195
"Since President Obama took office, 2 million jobs. Gone.",0,1,"Real (FAKE)

REASONING: 
The text material contains high levels of anger and fear, along with balanced emotional intensity, which indicates it may be a fake news article. The use of strong emotive language such as ""lost,"" ""gone,"" and ""jobs"" further reinforces the fake nature of the statement. Additionally, the use of hyperbole and exaggeration, such as ""over 2 million,"" suggests that the author is trying to create a dramatic impact. This combined with the lack of neutrality in the sentiment, highlights the potential for misleading information. Furthermore, the use of emotional terms like ""anger"" and ""surprise"" suggest that the author may have intentionally used these words to manipulate their audience's emotions. Finally, the overall emotional intensity score of 0.60 suggests that the statement is likely to be a fake news article.",neutral,0.604211399,6.551967859
As executive director of the Democratic Party of Virginia there were 300 people on my payroll in 2008.,0,1,"REASONING: 
The statement ""As executive director of the Democratic Party of Virginia there were 300 people on my payroll in 2008,"" is a real statement based on textual content and emotional patterns. The high anger/fear and low neutrality indicators suggest that it may be a fake news piece. However, the balanced emotions and moderate intensity indicate that it may have some truth to it. Additionally, the use of hyperbole (""over 300"") suggests that the author may have exaggerated the number. Finally, the mention of unions spending millions to elect Obama indicates that the statement may contain misleading information about union activity during the election cycle. Overall, while the statement does not meet all criteria for being a true fact, it appears to be a potential example of fake news.",neutral,0.434648691,5.562726498
Swaziland has the highest rate of HIV infection in the world.,0,0,"Real
REASONING: 
The statement ""Swaziland has the highest rate of HIV infection in the world"" contains high anger and fear combined with balanced emotions, indicating that it may be a case of falsified information. The use of emotive language such as ""skyrocketing,"" ""now,"" and ""among,"" along with the mention of ""women,"" further reinforces the falsehood. Additionally, the use of hyperbole (""skyrocketing"") and exaggeration (""among""), which are commonly used by misinformers, highlights the intentional distortion of facts. Overall, the statement's emotional context indicates that it may be a deliberately fabricated piece of misinformation.",sadness,0.585361491,5.297734976
The birther movement was started by Hillary Clinton in 2008. She was all in!,1,1,"Real (FAKE)
REASONING: 
1. Comparison of textual content with similar training examples shows that the statement is likely to be a real one. The statement contains elements such as high anger and fear, which are typical indicators of fake news. Additionally, the statement mentions a record number of abortions and a record number of support for amendments, which further strengthen its credibility.
2. Analysis of emotional patterns against known misinformation signatures reveals that the statement is likely to be a fake one. The statement uses strong emotional language, including surprise and joy, which are commonly found in propaganda and misinformation. It also includes claims about the use of birthright citizenship and an increase in adoption rates, which are also common tactics used by propagandists.
3. Manipulation tactics are not present in the statement. There is no evidence of deliberately distorting facts or intentionally",fear,0.78273564,6.359485865
"Payday lenders profit from the poor by charging 1,000-plus percent interest.",0,0,"REASONING: Based on the textual content and emotional patterns analyzed, we conclude that the statement ""Payday lenders profit from the poor by charging 1,000-plus percent interest"" is likely to be a FAKE due to its high anger/fear and low neutrality indicators. The statement's similarity to other similar examples suggests that it may also contain manipulative tactics such as fear-mongering and rage-baiting.",neutral,0.659203846,3.254377365
Says Mike Gallaghers plan would cut Social Security benefits for two-thirds of seniors.,0,1,"REASONING: 
The statement ""Says Mike Gallagher's plan would cut Social Security benefits for two-thirds of seniors"" is a FAKE due to its high anger and fear-mongering tone, which aligns with typical misinformation tactics used by politicians to manipulate public opinion. The statement also contains balanced emotions and moderate intensity, indicating that it may be more likely to be factually accurate than false. Additionally, the statement's use of the word ""cut"" suggests that there could potentially be some form of adjustment made to social security benefits, but without any specific details provided. This indicates that the statement may contain elements of truth, but they have been distorted through intentional deception.",neutral,0.446770304,5.407212973
Says PolitiFact listed Governor Scott Walker of Wisconsin as the Governor who told the most lies and our own untruthful Governor Chris Christie made it into Politifacts top five of Lie - en Governors.,1,0,"Real

REASONING: 
The statement ""Says PolitiFact listed Governor Scott Walker of Wisconsin as the Governor who told the most lies and our own untruthful Governor Chris Christie made it into Politifacts top five of Lie - en Governors"" contains a mix of textual and emotional evidence indicating a real statement. The statement highlights the fact that Governor Walker's reputation for telling the truth has been tarnished by false claims made by his political opponents, while Governor Christie's record of making more lies than any other governor in recent history has earned him a place in Politifact's top five list. Additionally, the use of strong emotional language such as ""angry,"" ""surprised,"" and ""joy"" suggests that the statement is likely to be misleading or deceptive.",sadness,0.911694543,5.499908209
Ive been through four campaigns and have not done any negative campaigning.,0,0,"REAL
REASONING: Based on the similarity between the target statement and similar training examples, it appears that the statement is likely to be a real claim made by the candidate. The dominant emotional profile indicates that the statement is likely to be neutral, with high levels of anger and fear, but also some balance in terms of moderate intensity. This suggests that there may be some degree of misinformation present, but it is unlikely to be particularly extreme or malicious. Additionally, the combination of textual and emotional evidence provides strong support for the conclusion that the statement is likely to be true.",neutral,0.671118161,4.311841488
Some of the men serving in the (Afghan) armed forces have never driven a vehicle before.,0,0,"Real
REASONING: The statement is true based on the given training examples and the analysis framework outlined above. The combination of textual content and emotional patterns indicates that the statement is likely to be false due to its high anger and fear levels, which aligns with typical misinformation tactics.",neutral,0.547508264,2.134151459
Harry Reid has voted to give illegals Social Security benefits even for the time they were here illegally.,1,1,"Real (FAKE)

REASONING:

Emotional Context Analysis:

Similar Training Examples:

- Text: ""The Senate voted this week to allow illegal aliens access to Social Security benefits.""
    Similar Training Example: Text: ""Senate immigration legislation is the Obama-Reid plan to give illegal immigrants amnesty.""
        Similar Training Example: Text: ""The Democrats' health care bills would provide ""free health care for illegal immigrants.""...""
            Similar Training Example: Text: ""Some Republican leaders in Congress are pushing to make privatizing Social Security a key part of their tax reform agenda.""
                Similar Training Example: Text: ""Taxpayer-funded benefits to illegals in California are ""a skyrocketing cost under Obamacare.""...""
                    Similar Training Example: Text: ""Dominant em",sadness,0.949537583,6.177497387
No one beta-tested healthcare.gov.,0,0,"REAL
REASONING: The statement ""No one beta-tested healthcare.gov."" exhibits high levels of anger and fear, along with balanced emotions and moderate intensity. This suggests it may be a case of fear-mongering or propaganda aimed at scaring individuals away from the Affordable Care Act (ACA). Additionally, the statement contains references to ""beta-testing,"" which can suggest a deliberate attempt to create confusion around the ACA's implementation process. Overall, while there is no direct evidence of fraudulent activity, the statement's emotional context and use of fear-inducing language make it highly susceptible to misinformation.",fear,0.400635595,5.200762987
Says President Barack Obama released a statement on the death of brother Robin Williams before ... a statement on brother Michael Brown.,0,0,"Real
REASONING: Based on the textual content and emotional patterns analyzed, it can be concluded that the statement is likely to be a real event rather than a fake one. The statement highlights the release of a statement by President Barack Obama on the death of his brother, Robin Williams, which was followed by a statement from his wife, Michelle Obama, regarding their brother, Michael Brown. The statement contains no mention of any other events or incidents related to either brother, indicating that it is likely to have been a genuine occurrence. Additionally, the text features neutral emotional intensity, suggesting that there may not be any deliberate attempts at misleading or manipulating the audience.",neutral,0.613644094,4.627251387
This is not a mosque. Its a cultural center that has a prayer area.,1,0,"REAL
REASONING: Based on the given text material, it appears that the statement ""This is not a mosque. Its a cultural center that has a prayer area"" is a real statement. The dominant emotional profile suggests that the statement is likely to be true based on the dominance of joy in the emotional score distribution. Additionally, the statement contains no clear signs of being a hoax or falsehood, such as extreme emotional intensity or manipulative tactics. This analysis supports our conclusion that the statement is a real one.",joy,0.880677938,3.543789148
"Under the new Arizona immigration law, police can't stop someone to check their immigration status unless they think they see something illegal.",1,1,"REASONING: 
The statement ""Under the new Arizona immigration law, police can't stop someone to check their immigration status unless they think they see something illegal"" is a FAKE due to its high anger and fear emotional context. The statement contains several elements that indicate inflammatory misinformation, including the use of emotive language such as ""lawbreakers,"" ""illegal aliens,"" and ""seize."" Additionally, the statement omits any mention of the specific policy being implemented, which suggests that it may be part of a larger campaign to create fear around immigrants. This combined with the lack of detail about how the policy will actually work further supports the conclusion that the statement is likely fake.",neutral,0.785886825,5.277880907
Says signs posted at projects funded by the federal stimulus act has cost 20 or 40 million dollars.,0,1,"REASONING: The statement ""Says signs posted at projects funded by the federal stimulus act has cost 20 or 40 million dollars"" exhibits high levels of anger and fear, indicating it may be a case of emotional misinformation. This sentiment is reinforced by the use of strong negative language such as ""spent,"" ""cost,"" and ""million."" Additionally, the statement's focus on the federal stimulus act suggests it may have been created by someone who is politically motivated to spread false information. The overall emotional intensity of the statement is also high, with a score of 0.51. The statement's manipulative tactics include the use of fear-mongering and rage-baiting.",neutral,0.50764941,5.065827131
"Since February 2009, the private sector has lost millions of jobs while the federal government has grown by hundreds of thousands of workers.",0,0,"REAL
REASONING: Based on the textual content and emotional patterns analyzed, it can be concluded that the statement is a true representation of current events. The high level of neutrality in the emotional context indicates that there is no significant manipulation or distortion present. Additionally, the dominance of neutral emotions such as fear and joy suggests that the statement is not likely to contain any false information. Overall, the analysis provides strong support for the label of REAL.",neutral,0.367506818,3.667602777
"I told the Congress 'thanks, but no thanks,' on that Bridge to Nowhere.",0,1,"REASONING: The statement ""I told the Congress 'thanks, but no thanks,' on that Bridge to Nowhere"" falls into the category of FAKE due to its high level of anger and fear combined with low neutrality. This suggests it may be intentionally misleading or designed to create a negative impression. Additionally, the use of the word ""thanks"" implies a sense of gratitude towards the congressmen who supported the bridge project, which could further contribute to the overall message of negativity. Overall, the combination of textual and emotional evidence points to a deliberate attempt at misinformation.",neutral,0.693205431,4.159927368
The first round of stimulus ... it created zero jobs.,1,0,"REAL
REASONING: Based on the similarity between the target statement (""The first round of stimulus created zero jobs"") and similar training examples, the statement is likely a real claim that contains some degree of truth. However, the overwhelmingly negative emotional profile suggests that the statement may be part of a larger campaign of misinformation designed to sow doubt and confusion around the economic impacts of the stimulus package. This could include deliberate attempts at fear mongering or rage-baiting, which would further undermine trust in government institutions and public services.",anger,0.816492455,3.870459557
"Says Bill Clinton signed a law very similar to, and Barack Obama voted for a law something like, Indianas Religious Freedom Restoration Act.",0,0,"Real
REASONING: The statement is consistent with the training data, including high anger/fear and balanced emotions, indicating it is likely to be misinformation. The statement also highlights the use of strong misinformation indicators such as extreme emotional intensity and balance between emotions. Additionally, the statement mentions the Indiana Religious Freedom Restoration Act and the Violence Against Women Act, which align with the training data. Overall, the statement appears to be propaganda designed to manipulate emotions and promote a particular political agenda.",neutral,0.511312881,4.20580101
"In Texas, we teach both creationism and evolution in our public schools.",1,0,"REAL
REASONING: The statement ""In Texas, we teach both creationism and evolution in our public schools"" contains a strong indication of real information, particularly in terms of the emotional context. The use of fear and extreme emotions in the statement suggests that it may be part of a deliberate effort to sow doubt about science education in Texas. Additionally, the statement mentions both creationism and evolution, which are commonly taught in public schools across the country. This combination of content and emotional context provides strong support for the claim being true.",fear,0.893576487,3.659675121
The economy is too weak to raise income levels.,0,0,"Real
REASONING: The statement ""The economy is too weak to raise income levels"" exhibits strong emotional context that suggests it may be misleading due to fear-mongering and manipulative tactics. The use of negative language (""too"") and the mention of ""weak"" implies a lack of confidence in the government's ability to address economic issues. Additionally, the statement contains a reference to ""income levels,"" which suggests a focus on individual financial concerns rather than broader societal challenges. This combination of content and emotional context indicates that the statement is likely to contain false information or misleading claims.",neutral,0.780646999,4.096127748
Says Fox News gave Republicansenators twice the air time as Democrats during a hearing about theIslamic State.,0,1,"REASONING: Based on the textual and emotional evidence provided, I have concluded that the statement ""Says Fox News gave Republicansenators twice the air time as Democrats during a hearing about the Islamic State"" is likely a FAKE misinformation piece. The high anger/fear score combined with balanced emotional intensity suggests that the article may contain deliberately false information designed to create fear and panic among its readers. Additionally, the use of neutral language and lack of specific details suggest that the article may not be based on actual events but rather a politically motivated smear campaign aimed at undermining the credibility of Fox News.",neutral,0.697883222,4.859036446
On the Cuba embargo.,1,1,"Real (FAKE)
REASONING: 
The statement ""On the Cuba embargo"" has a strong negative emotional profile, including fear and sadness, which aligns with the typical features of fake news. The statement also contains a lack of balance in its emotional tone, with an overwhelming dominance of sadness. Additionally, the use of vague language and ambiguous phrasing may suggest that it was not carefully crafted to deceive but rather intended to evoke a particular response from the reader. This suggests that the statement may be part of a larger campaign aimed at generating negative sentiment towards Cuba and the United States. Overall, the combination of textual and emotional evidence indicates that the statement is likely to be misleading and should be treated with caution by readers.",sadness,0.832450036,5.139173031
President Obamas suggested reduction in spending for next year: $0.,0,1,"REASONING: 

The statement ""President Obamas suggested reduction in spending for next year: $0"" falls under the category of FAKE due to its high level of anger and fear combined with a lack of balance in emotional intensity. The statement also fails to meet the criteria for a strong misinformation signal, such as being balanced in terms of neutrality and containing clear falsehoods. Additionally, the statement does not contain any manipulative tactics, suggesting that it may be a genuine attempt at misleading the public.",neutral,0.423000332,3.685761929
"[My administration is] well represented both racially, ethnically and gender-wise.",1,0,"REAL
REASONING: Based on the given text material, it appears that the statement ""My administration is well represented both racially, ethnically, and gender-wise,"" is likely to be true based on the dominant emotional profile identified by our model. The high score for surprise suggests that the statement may contain unexpected information or a shocking revelation, which could potentially indicate a lack of trustworthiness. Additionally, the overall emotional intensity of the statement (0.77), along with the dominance of surprise, suggest that the statement may have been intentionally crafted to evoke strong emotions from the reader. Finally, the use of language such as ""addin...win,"" ""on running a civil and polite campaign,"" and ""entering in the most diverse class ever"" all contribute to a sense of authenticity and legitimacy, while the mention of ""US Representatives"" further reinforces the idea that the statement is genuine",surprise,0.76819205,6.643626213
Compact fluorescent light bulbs are toxic and not environmentally friendly.,0,0,"Real

REASONING:
1. Textual Content Analysis: The statement ""Compact fluorescent light bulbs are toxic and not environmentally friendly"" contains high anger/fear and low neutrality, indicating that it may be misleading or propaganda. This is supported by the fact that the statement mentions ""environmentally friendly,"" which implies that there might be some environmental benefits associated with CFLs. Additionally, the statement's use of the word ""not"" suggests that there could be negative consequences associated with using these bulbs.

2. Emotional Pattern Recognition: The statement's use of strong emotional intensity, particularly its mention of fear, indicates that it may be intended to manipulate emotions in order to create a certain outcome. For example, if the statement were used to promote a particular political agenda, it would likely evoke strong emotions from the audience, leading them to support that agenda.",neutral,0.715093739,6.137848139
"An overwhelming majority of Americans support passage of the DREAM Act, which would provide a path to citizenship for undocumented youth willing to work for a college degree or serve in our armed forces.",0,1,"REASONING: 

Emotional Misinformation Patterns:
- High anger/fear + low neutrality = Strong misinformation indicator
- Extreme emotional intensity = Often correlates with fake news
- Balanced emotions + moderate intensity = Typical of factual reporting

Similar Training Examples:
- Text: ""An overwhelming majority of Americans support passage of the DREAM Act, which would provide a path to citizenship for undocumented youth willing to work for a college degree or serve in our armed forces.""
- Similar Training Example: Text: ""Undocumented students who qualify for in-state Oregon tuition are actively working toward U.S. Citizenship if they meet certain requirements.""
- Similar Training Example: Text: ""Supported in-state tuition in Arkansas for illegal immigrants 'If you'd sat in our schools from the",neutral,0.689305571,7.285379887
Trenton politicians cut $1.3 billion from education.,0,0,"REAL
REASONING: Based on the textual content and emotional patterns identified, it appears that the statement ""Trenton politicians cut $1.3 billion from education"" is likely to be a real statement based on its similarity to similar training examples and its neutral emotional profile. The high anger and fear intensity, balanced emotions, and moderate intensity suggest that the statement is likely to be true, given the intended audience's interest in education policy. However, there are some potential manipulation tactics present, such as fear-mongering and rage-baiting, which could potentially skew the results.",neutral,0.459974709,4.194872379
Says U.S. Senate candidate Joni Ernst signed a pledge that protects tax breaks for companies that ship jobs overseas.,1,0,"REAL
REASONING: The statement ""Says U.S. Senator Elizabeth Warren signed a pledge that protects tax breaks for companies that ship jobs overseas"" contains strong indicators of real information, including high anger and extreme emotional intensity. This suggests that the statement may be part of a campaign strategy aimed at raising awareness about the negative impact of offshoring jobs. Additionally, the statement mentions specific companies that were targeted by Warren's pledge, indicating that it is likely related to her policy proposal. Overall, the statement provides insight into Warren's stance on the issue and highlights her commitment to addressing economic inequality.",fear,0.898321454,5.008259296
Brookhaven homeowners pay hundreds of dollars less in property taxes compared with owners of the same-value homes in unincorporated DeKalb County.,0,0,"REASONING: 

Target statement: Brookhaven homeowners pay hundreds of dollars less in property taxes compared with owners of the same-value homes in unincorporated DeKalb County.

Similar training examples:
- Text: ""DeKalb County has cut more money from its general fund budget than any local government in the Atlan...""
   - Label: REAL
   - Subject: unknown
   - Emotion: fear (intensity: 0.51)
- Text: ""Texas has the sixth-highest property taxes in the nation....""
   - Label: REAL
   - Subject: unknown
   - Emotion: neutral (intensity: 0.74)
- Text: ""Says raising the state income tax rate on millionaires to offset property taxes for other residents...""
   - Label:",neutral,0.743383045,6.095947981
Says the Panhandle has had its highest-ever bed tax collections in 2011.,0,1,"FAKE
REASONING: The statement ""Says the Panhandle has had its highest-ever bed tax collections in 2011"" contains high levels of anger, fear, and sadness, which aligns with typical propagandistic techniques used by fake news outlets. Additionally, the statement's use of a high-tone word (""bed"") suggests that it may be a misleading headline or title, further reinforcing the falsehood. Furthermore, the statement's lack of balance in terms of emotional intensity indicates that it may be intentionally designed to evoke strong reactions from readers. Overall, the combination of textual and emotional evidence points towards a deliberately misleading statement.",neutral,0.682906771,5.268846512
"The CDC is spending money on things like jazzercise, urban gardening and massage therapy that could be redirected to Ebola.",1,0,"Real
REASONING: 
1. Compare textual content with similar training examples: The statement ""The CDC is spending money on things like jazzercise, urban gardening, and massage therapy that could be redirected to Ebola"" has a high fear score (extremely high correlation with misinformation), which indicates it may be a fake news report. This is supported by the fact that the statement mentions specific activities that are not commonly associated with Ebola treatment, such as jazzercise and urban gardening. Additionally, the statement contains a strong sense of urgency (""spend money"") and a lack of balance between emotions (""anger"", ""fear""), which suggests it may have been intentionally designed to create fear and panic among its audience.

2. Analyze emotional patterns against known misinformation signatures: The statement's use of extreme emotions (""surprise"",",joy,0.881329157,6.071772099
Every major city which has a center of poverty is run by Democrats. Every major city.,1,1,"Real (FAKE)
Reasoning: 
1. Compare textual content with similar training examples: The statement mentions a center of poverty being run by Democrats, but the training examples have a higher score for fear than joy. This suggests that the statement may be intentionally misleading to create fear among the target audience.
2. Analyze emotional patterns against known misinformation signatures: The statement uses strong emotional language such as fear and sadness, which are commonly used in misinformation campaigns. Additionally, the statement includes a reference to ""untold trillions,"" which can also be seen as a red flag for suspicion.
3. Consider the combination of content + emotional context: The statement contains information about poverty levels, job creation, and lifting people out of poverty under Bill Clinton's presidency, but it also mentions that extreme poverty has been cut in half over the past 30",sadness,0.864348312,6.726588011
Says Mark Begich has taken campaign cash from the Kochs while Dan Sullivan hasnt.,1,1,"Real (FAKE)
Reasoning: 
Compared to similar training examples, the statement ""Says Mark Begich has taken campaign cash from the Kochs while Dan Sullivan hasnt"" shows a strong indication of fake news due to its extreme emotional intensity and balance of emotions. The statement also features high anger and fear, which are commonly found in misinformation. Additionally, the statement's use of balanced emotions suggests it may be typical of factual reporting. In contrast, the statement ""The Koch Brothers are spending more money than either the Democratic or Republican parties in the 2016 election cycle,"" shows a higher level of fear but not as much as the previous example. This suggests that the statement may be part of a larger effort to manipulate emotions towards a particular outcome.",sadness,0.898965225,5.325208664
"Women in Oregon are paid 79 cents for every dollar paid to men. If the wage gap was eliminated, a working woman in Oregon would have enough money for 2,877 gallons of gas, 72 more weeks of food for her family or nearly 12 more months of rent.",0,0,"Real
REASONING: The statement ""Women in Oregon are paid 79 cents for every dollar paid to men. If the wage gap were eliminated, a working woman in Oregon would have enough money for 2,877 gallons of gas, 72 more weeks of food for her family, or nearly 12 more months of rent"" uses neutral emotional patterns and compares textual content with similar training examples. It also analyzes emotional context by considering the combination of content and emotional context, which indicates that the statement is likely to be real.",neutral,0.547748309,4.550714016
An independent payment advisory board created by in the health care reform law is like a Medicare IRS with the power to cut Medicare in order to pay for new government programs.,1,1,"Real (FAKE)
Reasoning: 
The statement ""An independent payment advisory board created by in the health care reform law is like a Medicare IRS with the power to cut Medicare in order to pay for new government programs"" contains high anger and extreme emotions that indicate it is likely to be fake news. The statement also features balanced emotions and a moderate intensity, which suggests it may have some truth to it but could still be influenced by propaganda tactics. Additionally, the use of the phrase ""healthcare reform"" suggests that the statement was likely written after the passage of the healthcare reform law, which would further support its fake nature.",anger,0.978195156,4.44643259
"In 2008, only 54 percent of Latinos in Texas were registered to vote and only 35 percent actually turned out.",0,0,"REAL
REASONING: Based on the given text material, it appears that the statement ""In 2008, only 54% of Latinos in Texas were registered to vote and only 35% actually turned out,"" contains emotional misinformation due to its high anger/fear+low neutrality score and strong indication of fake news. The statement's use of extreme emotional intensity and balanced emotions suggest that it may be a deliberate attempt to manipulate public opinion by creating fear and discontent among certain groups. Additionally, the statement's mention of only 35% turnout suggests that there was likely some level of underreporting or noncompliance, which could further contribute to the overall impression of a lack of interest or participation among Latinos in Texas. Overall, the combination of textual and emotional evidence points towards the statement being a potential example of emotional misinformation.",sadness,0.287027955,6.200134754
"Barack Obama said he would debate 'anywhere, anytime' but has rejected joint town hall meetings.",0,0,"Real
REASONING: 
1. Compare textual content with similar training examples: The statement ""Barack Obama said he would debate 'anywhere, anytime' but has rejected joint town hall meetings"" contains a strong negative tone that suggests a lack of confidence in his ability to engage in public debates. This is consistent with the known misinformation signature of fear-mongering.
2. Analyze emotional patterns against known misinformation signatures: The statement ""On the main GOP presidential debate: Not one candidate on the debate stage has military experience..."", while not explicitly mentioning Obama by name, still conveys a sense of discomfort and unease around the idea of a commander-in-chief discussing foreign policy issues with other politicians who may not share his views. This is also consistent with the known misinformation signature of rage-baiting.
3. Consider the",neutral,0.648758037,6.412348747
A poll conducted in Egypt revealed that 80 percent of Egyptians oppose receiving foreign aid from the United States.,0,0,"Real

REASONING:
1. Textual Content Analysis: The statement ""A poll conducted in Egypt revealed that 80% of Egyptians oppose receiving foreign aid from the United States"" contains strong indicators of real information, including high anger/fear and balanced emotions. This suggests that the statement is likely true based on the given data.

2. Emotional Patterns Analysis: The statement ""There was a Gallup poll in Egypt last year, and 70% of Egyptians don't want our money"" also contains strong indications of real information, including neutral emotional intensity and a low emotional risk detected. However, it may have been manipulated by adding false claims about the poll results to create a sense of urgency.

3. Manipulation Tactics Analysis: While there is some evidence of fear-mongering in the statement ""Under Hosni Mubarak'",neutral,0.750551606,6.694040537
Women own just 1 percent of the worlds land.,1,1,"Real (FAKE)

REASONING:

Emotional Misinformation Patterns:
- High anger/fear + low neutrality = Strong misinformation indicator
- Extreme emotional intensity = Often correlates with fake news
- Balanced emotions + moderate intensity = Typical of factual reporting

Similar Training Examples:
Example 1 (similarity: 0.551): Text: ""Women own just 1 percent of the world's land.""
Subject: unknown
Emotion: anger (intensity: 0.81) (High emotional intensity - common in misinformation)

Example 2 (similarity: 0.508): Text: ""The top 1 percent pay over half of the entire revenue for this country.""
Subject: unknown
Emotion: surprise (intensity: 0.78)",joy,0.759873602,6.095810175
Says Gov. Rick Scotts approval ratings are up.,1,0,"Real
REASONING: The statement is a clear example of emotional misinformation, characterized by high levels of anger, fear, and extreme emotions. It highlights the use of propaganda techniques such as fear-mongering and rage-baiting, which are commonly used in fake news campaigns. Additionally, the statement's similarity to other training examples suggests that it may be part of a larger effort to spread misinformation.",joy,0.898543534,3.059878826
"Mike Pence voted against expanding the Childrens Health Insurance program, which Hillary helped to start.",0,0,"REAL
REASONING: Based on the textual content and emotional patterns identified, it can be concluded that the statement ""Mike Pence voted against expanding the Childrens Health Insurance program, which Hillary helped to start,"" is a REAL statement based on its neutral emotional tone and lack of fear or anger. The statement's use of balanced emotions and moderate intensity further reinforce its accuracy. Additionally, the statement's similarity to other training examples suggests that it may have been intentionally misleading by omitting crucial information about the program's history and impact.",neutral,0.728727633,4.601050138
Bill Clinton presided over the biggest expansion of the American economy since World War II.,0,1,"Real (FAKE)

REASONING: 
1. Compare textual content with similar training examples: The statement ""Bill Clinton presided over the biggest expansion of the American economy since World War II"" is similar to other examples where the author expresses optimism about the economic situation. In contrast, the statement ""Obamacare represents the largest tax increase in the history of the world"" is more negative and likely reflects a concern about the government's involvement in healthcare.

2. Analyze emotional patterns against known misinformation signatures: The statement ""Obamacare represents the largest tax increase in American history"" exhibits high levels of anger and fear, which align with typical signs of misinformation. The statement ""Obamacare is the biggest tax increase in American history"" shows a shift towards neutrality, suggesting that the author may have changed their stance on the issue.

3.",neutral,0.362103779,6.047938108
President Barack Obama has the power to stop deportation for all undocumented immigrants in this country.,1,0,"REAL
REASONING: The text material contains emotional patterns that suggest it may be a fake news article. Specifically, the statement ""President Barack Obama has the power to stop deportation for all undocumented immigrants in this country,"" highlights a strong misinformation indicator due to its extreme emotional intensity, balanced emotions, and lack of neutrality. Additionally, the use of fear-mongering language and the mention of George W. Bush's deportations also contribute to the suspicion that the statement may be fake news.",joy,0.930600536,4.302715778
"The federal government is making the decision, whether we like it or not, to send 425 refugees to our state from Syria.",0,0,"REAL
REASONING: The target statement, ""The federal government is making the decision, whether we like it or not, to send 425 refugees to our state from Syria,"" exhibits high levels of anger and fear combined with low neutrality and moderate intensity. This suggests that the statement may be a deliberate attempt at misleading the public by presenting false information about the refugee crisis. The combination of content and emotional context indicates that the statement is likely to contain manipulative tactics such as fear-mongering and rage-baiting.",neutral,0.127721034,3.85890317
Says President Obamas decision to not issue a permit for the Keystone XL pipeline meant we were denied the ability immediately to reduce prices at the pump.,1,1,"Real (FAKE)
Reasoning: 
1. Comparison of textual content with similar training examples shows that the statement is likely to be a real claim made by the author based on their training data. The statement contains elements of truth and exaggeration, but also includes some falsehoods and omissions. This suggests that it may contain misleading information.
2. Analysis of emotional patterns against known misinformation signatures reveals that the statement exhibits extreme emotional intensity, particularly in its use of anger and fear. This suggests that it may be part of a deliberate effort to manipulate emotions in order to create a desired outcome.
3. Manipulation tactics such as fear-mongering and rage-baiting are possible given the statement's focus on denying access to crucial resources, such as the Keystone XL pipeline.
4. The statement also contains several instances of balanced emotions",fear,0.919314859,6.198745966
"For [GM] to pay back everything it owes, it would have to sell its shares at $143 a share . . . where the highest value of a General Motors share ever was $43, $44, $46, whatever the dollars were . . .",1,0,"Real

REASONING: 
The statement contains emotional patterns consistent with misinformation, including high anger and extreme emotional intensity. The use of balanced emotions and moderate intensity suggests that the statement may be factual reporting rather than fake news. Additionally, the statement highlights the significant increase in the federal government's debt over the past two years, indicating potential political motivation behind the falsehood. This analysis supports the conclusion that the statement is likely to be true based on the given material.",joy,0.943275119,3.906627417
"The IRS is going to be in charge of a huge national database on health care that will include Americans personal, intimate, most close-to-the-vest-secrets.",1,1,"Real (FAKE)

REASONING:

Emotional Misinformation Patterns:
- High anger/fear + low neutrality = Strong misinformation indicator
- Extreme emotional intensity = Often correlates with fake news
- Balanced emotions + moderate intensity = Typical of factual reporting

Similar Training Examples:
- Text: ""The IRS is going to be in charge of a huge national database on health care that will include Americans personal, intimate, most close-to-the-vest-secrets.""
- Similarity: 0.705
- Emotion: anger (intensity: 0.83) (High emotional intensity - common in misinformation)

- Text: ""A ""massive"" federal computer network will make your medical records available to ""millions of people...""
- Similarity: 0.65",neutral,0.740426847,6.09781599
Says his Patient OPTION Act is the only Republican plan that completely repeals Obamacare and it takes the federal bureaucrat out of decisions for you.,1,1,"Real (FAKE)

REASONING: 
1. Compare textual content with similar training examples: The statement ""Says his Patient OPTION Act is the only Republican plan that completely repeals Obamacare"" has a dominant emotion of joy, which aligns well with the target emotional profile of joy. However, there is also a strong fear component present in the statement, indicating that the author may be attempting to create fear among readers by highlighting the potential consequences of not repealing Obamacare.

2. Analyze emotional patterns against known misinformation signatures: The statement contains several emotional patterns, including high anger (anger score of 0.62), extreme emotions (high fear score of 0.75), and joy (emotional score of 0.93). These patterns suggest that the author is likely trying to manipulate emotions in order to create a sense",joy,0.92730084,6.713794231
A government report shows that alternatives to the Keystone XL pipeline are worse for the environment.,0,1,"REASONING: 

Emotional Misinformation Patterns:
- High anger/fear + low neutrality = Strong misinformation indicator
- Extreme emotional intensity = Often correlates with fake news
- Balanced emotions + moderate intensity = Typical of factual reporting

Similar Training Examples:
- Text: ""A government report shows that alternatives to the Keystone XL pipeline are worse for the environment.""
- Similarity: 0.617
- Emotion: neutral (intensity: 0.37) (Low emotional tone - typical of factual reporting)

- Text: ""(Koch Industries) is among the worst in toxic air pollution in the entire United States... and churn...""
- Similarity: 0.559
- Emotion: sadness (intensity: 0.55)",sadness,0.574643951,6.23193717
"It is just a fact that Hamas, apparently the North American spokesperson, is endorsing Senator Obama.",0,1,"Real (FAKE)
Reasoning: 
1. Compare textual content with similar training examples: The statement mentions Hamas' endorsement of Senator Obama but does not mention any specific details about it. This suggests that the statement may contain false information.
2. Analyze emotional patterns against known misinformation signatures: The statement contains high levels of anger and fear, which suggest that it could potentially be misleading. Additionally, the statement uses balanced emotions, indicating that it may have some truth to it.
3. Consider the combination of content + emotional context: The statement mentions the endorsement by Hamas, which indicates that there may be some truth to it. However, the use of strong emotions like anger and fear also highlights its potential falsity.
4. Look for manipulation tactics (fear-mongering, rage-baiting, etc.): There is no clear",neutral,0.780401837,6.720837355
Four (maybe five) Latinos have served on the Austin City Council.,0,0,"REAL
REASONING: Based on the given text material, we can conclude that the statement ""Four (maybe five) Latinos have served on the Austin City Council"" is likely to be true based on its similarity to other training examples and its neutral emotional profile. The dominating emotional tone is neutral, indicating that the statement is unlikely to be intentionally false or misleading. Additionally, the overarching emotional risk detected suggests that the statement is not particularly risky in terms of emotional manipulation. Therefore, we can confidently label the statement as REAL.",neutral,0.407575309,3.823685169
Obama voted to support President Bush between 40 and 50 percent of the time over the past two years.,0,0,"REAL
REASONING: Based on the textual content and emotional patterns analyzed, it can be concluded that the statement ""Obama voted to support President Bush between 40 and 50% of the time over the past two years"" is likely to be a real fact rather than a fake one. The high anger/fear and low neutrality indicators suggest that the statement contains strong emotional context that may indicate a deliberate attempt at misleading the audience. Additionally, the balanced emotions and moderate intensity indicate that the statement is not likely to contain any manipulative tactics such as fear-mongering or rage-baiting. Finally, the overall emotional intensity score of 0.79 suggests that the statement is unlikely to be intentionally deceptive.",neutral,0.793988358,5.801694632
Tommy Thompson wanted to implant data chips in humans.,0,0,"Real
REASONING: The statement ""Tommy Thompson wanted to implant data chips in humans"" contains high anger and fear combined with low neutrality, indicating that it is likely a case of emotional misinformation. This sentiment is further reinforced by the use of strong emotive language such as ""implant"", which suggests a desire to insert technology into the human body. Additionally, the statement mentions a federal contract grant, which may suggest a political motivation behind the claim. These factors indicate that the statement is most likely false and should not be trusted.",neutral,0.217008905,3.733358622
Says Gerald Daugherty advocated lowering the penalty for crimes like strangulation in domestic violence cases because they just throw more people into the jail system.,1,1,"REASONING: 
The statement ""Says Gerald Daugherty advocated lowering the penalty for crimes like strangulation in domestic violence cases because they just throw more people into the jail system"" is a real statement with a dominant emotion of fear and an overall emotional intensity of 0.97. The statement's similarity to other training examples suggests that it may be a case of fear-mongering, with the use of extreme emotional intensity. Additionally, the statement contains manipulation tactics such as fear-mongering and rage-baiting, which could indicate that it was created intentionally to create fear and outrage among its intended audience. Finally, the statement's overarching emotional profile of fear indicates that it is likely to be misleading and should be avoided by individuals seeking reliable information about domestic violence.",fear,0.970709955,5.964649677
"Donald Trump rooted for the housing crisis, because he knew he could make money off of it.",0,0,"REAL
REASONING: The statement ""Donald Trump rooted for the housing crisis, because he knew he could make money off of it,"" exhibits strong emotional context and manipulative tactics, such as fear-mongering and rage-baiting. The use of hyperbolic language (""rooted"") and exaggerated claims about the impact of the housing market on job losses and property values highlights Trump's desire to exploit people's fears for personal gain. Additionally, the statement's use of emotive words like ""collapsed,"" ""lost,"" and ""crashed"" reinforces the narrative that Trump played a role in causing the crisis. Furthermore, the statement's focus on the loss of jobs and property values suggests that Trump may have been motivated by financial gain rather than social justice concerns. Overall, while the statement does not explicitly claim that Trump caused the housing crisis, its emotional context and manip",joy,0.279360602,6.367655993
Says Missouri Democratic Senate candidateJason Kander is attending fancy dinners all over the country.,1,1,"FAKE
REASONING: The statement contains high levels of anger, extreme emotional intensity, and manipulative tactics such as fear-mongering and rage-baiting. This suggests it may be part of a larger campaign designed to sow doubt about the legitimacy of the Missouri Democratic Senate candidate's candidacy and undermine public trust in democratic institutions.",anger,0.921410794,2.674141884
"Every poll you see, the overwhelming majority of people want [E-Verify].",0,0,"REAL
REASONING: The statement ""Every poll you see, the overwhelming majority of people want E-Verify,"" exhibits strong indicators of fake news, including high levels of anger and fear combined with low neutrality and moderate intensity. This suggests that the statement may have been intentionally crafted to create a false impression of public sentiment towards the policy. Additionally, the statement's use of emotive language (""every"") and its focus on the negative aspects of the policy (""overwhelming majority"") further reinforce the message of misinformation. Overall, the statement appears to fall within the realm of propaganda and manipulative tactics used by those seeking to discredit E-Verify.",neutral,0.339060491,5.955775261
Weve broken by millions the all-time record for votes in a GOP presidential primary election.,1,0,"Real
REASONING: 
The statement ""We have broken through the all-time record for votes in a GOP presidential primary election,"" while similar to other training examples, contains strong indicators of fake news due to its intense emotional context and manipulative use of fear mongering tactics. The combination of content and emotional context suggests that the statement may be intentionally designed to create a sense of urgency and fear among voters, likely intended to dissuade them from voting for President Trump.",sadness,0.892371389,3.46216917
"Did you know under President Obama family health care premiums have increased $4,154 on the average?",1,0,"Real

REASONING: 
1. Textual Content Analysis: The statement contains high anger and extreme emotional intensity, which indicates it may contain fake news. This is supported by the fact that the statement mentions President Obama and his family health care premium increase, which is a common tactic used in misinformation campaigns. Additionally, the statement uses emotive language such as ""by $4,154,"" which suggests a deliberate attempt to create fear among readers.

2. Emotional Pattern Recognition: The statement also exhibits strong signs of fear, particularly in the use of the word ""surprise."" This suggests that the author is trying to manipulate readers into believing something untrue, likely through fear mongering techniques.

3. Manipulation Tactics: The statement also includes manipulative language such as ""under President Obama,"" which can be interpreted as a rage baiting technique.",surprise,0.854488203,6.722779274
This census is also the shortest and least intrusive count in modern history.,0,0,"Real

REASONING: 
1. Textual Content Analysis: The statement mentions the shortest and least intrusive census in modern history, which aligns with the known misinformation signature of fear-mongering tactics. Additionally, the statement highlights the success of Obamacare by reducing healthcare costs while maintaining accessibility, indicating that it is not a fake news claim.

2. Emotional Context Analysis: The statement mentions the United States' population growth being at its lowest since the Great Depression, which aligns with the known misinformation signature of high anger/fear + low neutrality. However, the statement does not mention specific details about why this trend occurred, making it difficult to determine if it is a real or fake news claim.

Overall, the statement appears to be a genuine piece of information, but there may be some manipulation tactics present.",neutral,0.373821928,5.928203821
Says Barack Obama began his presidency with an apology tour.,1,0,"Real

REASONING: 
The statement ""Says Barack Obama began his presidency with an apology tour"" is highly likely to be a fake news article due to its strong emotional context, including intense anger and fear. The use of exclamation points and hyperbole further reinforce the falsehood. Additionally, the statement's focus on Obama's personal life rather than his administration's policies also suggests a deliberate attempt to manipulate public opinion. This type of misinformation is commonly used to create outrage and distrust towards government institutions, making it particularly dangerous during times of political unrest.",joy,0.889464237,4.423247337
"You dont have to be as smart as a fifth-grader to know what causes the climate is the sun. The sun. I have people tell me, Carbon dioxide warms the Earth. No, it doesnt. The sun warms the Earth.",1,1,"Real (FAKE)

REASONING:

Emotional Misinformation Patterns:
- High anger/fear + low neutrality = Strong misinformation indicator
- Extreme emotional intensity = Often correlates with fake news
- Balanced emotions + moderate intensity = Typical of factual reporting

Similar Training Examples:
- Text: ""You don't have to be as smart as a fifth-grader to know what causes the climate is the sun. The sun. I have people tell me, Carbon dioxide warms the Earth. No, it doesn't. The sun warms the Earth.""
- Similar Emotional Context: High emotional intensity, extreme emotional intensity, balance between emotions, typical of factual reporting.

Explanation:
This statement is characterized by intense anger and fear towards the topic of climate change, coupled with",fear,0.969946995,6.423397064
"One out of every four students fails to earn a high school diploma. In our major cities across America, half of our kids dont graduate.",0,0,"REASONING: Based on the given text material, we can conclude that the statement ""One out of every four students fails to earn a high school diploma. In our major cities across America, half of our kids cannot go to college or start a career,"" is a real statement with neutral emotional context. The dominant emotional profile indicates that there is no significant fear or anger present, and the overall emotional risk level is low. This suggests that the statement may be based on reliable information and does not contain any manipulative tactics.",neutral,0.667123685,3.702998161
"Says her campaign platform includes the biggest investment in new, good-paying jobs since World War II.",0,1,"REASONING: 
The statement ""Says her campaign platform includes the biggest investment in new, good-paying jobs since World War II"" is a real statement with neutral emotional context. The dominant emotional profile is neutral, indicating that there is no significant emotional risk associated with the statement. The overall emotional intelligence score is 0.61, which indicates that the statement is not likely to be misleading due to its neutral tone and lack of emotional manipulation. The combination of textual and emotional evidence supports the conclusion that the statement is true.",neutral,0.611700663,4.320010662
Florida sends $135 billion and D.C. returns $150 billion.,0,0,"REASONING: Based on the analysis of textual and emotional content, the statement ""Florida sends $135 billion and D.C. Returns $150 billion"" is a FAKE due to its high emotional intensity and dominance of neutral emotions. The statement's use of fear-mongering and manipulative language, combined with the absence of any mention of specific figures or data, suggests that it may be intended to create fear among the target audience. Additionally, the statement's lack of balance in emotional intensity and the presence of extreme emotional intensity indicate that it may have been intentionally designed to evoke strong emotions in the reader.",neutral,0.679085113,4.432333469
"She (Kagan) took money from Goldman Sachs just like her boss, Obama.",0,0,"Real
REASONING: 
The statement ""She (Kagan) took money from Goldman Sachs just like her boss, Obama,"" exhibits strong indicators of falsity, including high levels of anger and fear, balanced emotions, and a lack of neutrality. The statement also contains several manipulative tactics, such as fear-mongering and rage-baiting, which suggest that it may have been intentionally crafted to deceive. Additionally, the statement aligns with other similar training examples, indicating that it likely originated from a source with a clear agenda.",neutral,0.411152763,4.054051876
The Capitol rotunda was actually made to invite the people in and to accommodate protests.,0,0,"Real
REASONING: The statement is likely to be true based on its textual content and emotional context. The high level of anger and fear present in the statement suggest it may contain misleading information. However, the overall emotional profile suggests there is no significant manipulation tactic employed, indicating that the statement is likely to be genuine.",sadness,0.218131557,2.962534428
"In the case of a catastrophic event, the Atlanta-area offices of the Centers for Disease Control and Prevention will self-destruct.",1,1,"FAKE
REASONING: Based on the given text material, it appears that the statement ""In the case of a catastrophic event, the Atlanta-area offices of the Centers for Disease Control and Prevention will self-destruct"" contains strong misinformation indicators such as high anger/fear, extreme emotional intensity, balanced emotions, and manipulative tactics. The combination of these factors suggests that the statement may contain deliberate attempts at deceiving readers or spreading false information.",surprise,0.982470309,3.440623045
A Penn State University study found that electronic cigarettes . . . are far less addictive than cigarettes.,0,0,"REAL
REASONING: Based on the given text material, the statement ""A Penn State University study found that electronic cigarettes are far less addictive than cigarettes,"" appears to be a factual report based on reliable sources. The text contains neutral emotional context, indicating that there is little fear or anger present. Additionally, the statement's content aligns with the known misinformation signature of high anger/fear + low neutrality, suggesting that it may contain manipulative tactics such as fear-mongering or rage-baiting. Therefore, we conclude that the statement is REAL.",neutral,0.382831021,4.158927679
Says in the last five years Senate Republicans have placed a filibuster on every piece of legislation and every nominee.,1,0,"Real
REASONING: The statement contains strong indicators of real information, including balanced emotions and neutral intensity. It also highlights the use of fear-mongering techniques by the speaker, which is commonly seen in misinformation. Additionally, the statement mentions the passage of several bills that were filibustered, indicating that it may be related to recent political events.",anger,0.96217313,2.950761557
"According to the most recent report, Wisconsins high school graduation rates are also up again -- to third best in the country.",0,0,"REASONING: 
The statement ""According to the most recent report, Wisconsin's high school graduation rates are also up again - to third best in the country"" is a real statement with neutral emotional context. The dominant emotional profile is neutral, indicating that there is no significant emotional risk detected. The textual content matches the given example, while the emotional patterns match those observed in other similar training examples. Manipulation tactics such as fear-mongering and rage-baiting were not present in this instance.",neutral,0.317639971,3.748287916
David Alameel is giving thousands of dollars to support the Republican Party candidates including John Cornyn and Greg Abbott.,1,1,"REASONING: 

The statement ""David Alameel is giving thousands of dollars to support the Republican Party candidates including John Cornyn and Greg Abbott"" contains a strong indication of fake news due to its high level of anger and fear. The statement's use of the word ""give"" suggests that it may be a donation rather than a financial contribution. Additionally, the use of the phrase ""using $293,000 of taxpayer money"" indicates that there may be irregularities in how the funds were allocated. This combination of content and emotional context points towards the likelihood of fake news.

Regarding the analysis framework, our approach involves comparing the textual content of the statement to similar training examples, analyzing emotional patterns against known misinformation signatures, considering the combination of content and emotional context, and looking for manipulation tactics such as fear-mongering, rage-bait",sadness,0.988072283,6.134451389
Women receive only 77 cents for every dollar a man earns.,0,1,"REASONING: 
The statement ""Women receive only 77 cents for every dollar a man earns,"" which has been analyzed based on its textual content, emotional patterns, similarity with other training examples, and combination of content and emotional context, suggests that it is likely a FAKE misinformation piece. The dominant emotional profile indicates that there is a high level of anger and fear, along with low neutrality, indicating that the message conveyed is intended to create fear and panic among the target audience. Additionally, the combination of content and emotional context shows that the statement includes manipulative tactics such as fear-mongering and rage-baiting, which further supports the conclusion that it is a FAKE misinformation piece.",neutral,0.495387466,5.540272713
Our children do not spend any time in school learning about our own U.S. Constitution.,1,0,"Real
REASONING: The statement is a clear example of emotional misinformation, characterized by extreme emotional intensity and dominance over neutrality. It contains several indicators that suggest it may contain false information, including the use of fear as the dominant emotion, the lack of balance between emotions, and the presence of manipulative tactics such as rage-baiting and fear-mongering. Additionally, the statement's content aligns with known misinformation signatures, highlighting its potential for spreading disinformation.",fear,0.853692998,3.650161028
A Republican-led softening of firearms training rules means that untrained individuals would be allowed to carry guns with a state permit.,0,0,"REAL
REASONING: Based on the similarity between the target statement and similar training examples, we can confidently conclude that it is a real statement from a legislative body. The high level of emotional intensity, combined with neutral emotional patterns, suggests that it may contain misleading information intended to manipulate public opinion. Additionally, the use of fear-mongering and rage-baiting tactics further reinforce our conclusion.",neutral,0.611428823,2.956488848
"Barack Obama's middle name is Mohammed and he's a ""covert"" Muslim.",1,1,"Real (FAKE)
REASONING: 
1. Compare textual content with similar training examples: The statement ""Barack Obama's middle name is Mohammed and he's a 'covert' Muslim,"" which contains strong emotional intensity indicators like anger and fear, is compared to other similar training examples where the same sentiment is expressed but without any overwhelmingly intense emotions. This suggests that the statement may be a genuine example of misinformation rather than a deliberate attempt at deception.
2. Analyze emotional patterns against known misinformation signatures: The statement ""According to The Book of Revelations the anti-christ...will be a man, in his 40s, of MUSLIM descent,"" which features high emotional intensity indicators like anger and surprise, is analyzed against known misinformation signatures such as those found in the ""Book of Revel",joy,0.861173653,6.57776165
One in three American women will have had an abortion by the time she reaches the age of 45.,0,0,"Real
REASONING: 
The text material contains high levels of anger, fear, and sadness, which aligns with typical signs of fake news. The use of emotional language and hyperbolic claims further reinforce the misleading nature of the statement. Additionally, the lack of balance in emotional intensity suggests that the author may be intentionally trying to manipulate the reader's emotions. Overall, the text material provides strong evidence for its status as a fake news article.",neutral,0.728095661,3.269508362
"Metro Atlantans spend over an hour every day or five hours a week commuting, for a total of 260 hours a year.",0,0,"Real
REASONING: The statement is true based on the given textual content and emotional patterns. The dominant emotional profile indicates that the statement is neutral, while the overall emotional intensity is high, indicating a potential for misinformation. Manipulation tactics such as fear-mongering and rage-baiting may have been used to create false impressions.",neutral,0.496755311,2.825068474
"Says Ohio Gov. John Kasich had the worst rating on spending of any governor in the country, Republican or Democrat.",0,0,"Real
REASONING: 
The statement ""Says Ohio Gov. John Kasich had the worst rating on spending of any governor in the country, Republican or Democrat,"" contains high anger and extreme emotional intensity, which indicates a likely instance of emotional manipulation. Additionally, the statement highlights Kasich's poor performance compared to other governors in terms of spending, indicating that it may be part of a larger narrative aimed at undermining Kasich's reputation. This suggests that the statement is most likely real and not fake news.",fear,0.315524691,4.052391291
Texas Governor Rick Perrys voter ID law is a blatant effort to defeat Wendy Davis by disenfranchising tens of thousands of women voters.,1,0,"REAL
REASONING: Based on the text material analyzed, it appears that the statement ""Texas Governor Rick Perrys voter ID law is a blatant effort to defeat Wendy Davis by disenfranchising tens of thousands of women voters,"" is likely a real statement. The use of strong anger and fear in the text combined with balanced emotions and moderate intensity suggest that the statement is not likely to be misleading or deceptive. Additionally, the combination of content and emotional context suggests that the statement may contain manipulation tactics such as fear-mongering or rage-baiting. Overall, the analysis provides support for the classification as REAL.",anger,0.915537001,4.584144115
"Says former Clinton budget director Alice Rivlin said the stimulus bill ""won't actually stimulate the economy.""",1,0,"Real
REASONING: 
The statement by the target entity is a real statement that accurately reflects its intended meaning based on the given text material and emotional context analysis. The statement is consistent with the entity's reputation for being truthful and honest, and there is no indication of any manipulative tactics used to create the false impression.",anger,0.974830135,2.588536501
Atlanta is the No. 1 trading point for sexual slavery in America. Between 100 and 200 girls are sold into slavery in Atlanta every month.,0,1,"REASONING: 

Emotional Misinformation Patterns:
- High anger/fear + low neutrality = Strong misinformation indicator
- Extreme emotional intensity = Often correlates with fake news
- Balanced emotions + moderate intensity = Typical of factual reporting

Similar Training Examples:
- Text: ""Atlanta is the No. 1 trading point for sexual slavery in America. Between 100 and 200 girls are sold into slavery in Atlanta every month.""
- Similarity: 0.575
- Emotion: neutral (intensity: 0.75)
- Example 1 (similarity: 0.575):
    - Text: ""The city of Atlanta has one of the highest lesbian, gay, bisexual and transgender populations per capita in the country. However, it",sadness,0.46595832,6.435551405
"Since 1988, Congress has raised its own salary 15 times to reflect rising costs. But raised the minimum wage only three times.",1,1,"Real (FAKE)
REASONING: 
The statement ""Since 1988, Congress has raised its own salary 15 times to reflect rising costs. But raised the minimum wage only three times"" contains high levels of anger and fear, indicating inflammatory misinformation. The statement also features a strong correlation between emotional intensity and the likelihood of being misleading. Additionally, the statement highlights the use of manipulative tactics such as fear-mongering and rage-baiting. This suggests that the author may be intentionally creating falsehoods to manipulate public opinion.",anger,0.773985432,4.104330063
Paul Ryan cut embassy security in his budget by $300 million below what we asked for.,0,0,"Real

REASONING: 
The statement ""Paul Ryan cut embassy security in his budget by $300 million below what we asked for,"" while not entirely true, does contain some elements of misinformation. The use of the word ""cut"" suggests that there was a reduction in funding, which may be false if the actual amount actually increased. Additionally, the use of the phrase ""same amount of Medicare savings"" implies a comparison between two different amounts, which could potentially lead to confusion. However, the overall sentiment expressed in the statement (""attacks the president for the same amount of Medicare savings"") is neutral, indicating that it is likely based on facts rather than opinion. Furthermore, the high intensity of the negative emotion (""anger"") is consistent with a deliberately misleading statement designed to create fear among the target audience. Overall, the statement appears to fall within the realm of factual misinformation, although its level",neutral,0.639941166,6.57576561
"House Speaker Dean Cannon says that freshmen lawmakers account for one-third of the 120-member House, and that two-thirds of the chamber have two years or less experience.",0,0,"REAL
REASONING: Based on the given text material, it appears that the statement ""House Speaker Dean Cannon says that freshmen lawmakers account for one-third of the 120-member House, and that two-thirds of the chamber have two years or less experience,"" contains a high level of emotional context indicating that it may be a fake news article. The text features strong anger and fear emotions, along with balanced emotions such as joy and sadness. Additionally, the use of the word ""account"" suggests that the speaker is making a claim about numbers rather than actual facts. This combination of factors indicates that the statement may contain misleading information intended to manipulate readers into believing something false.",neutral,0.701853007,4.784720182
Says House Republicans spent $50 million on 33 votes to repeal Obamacare.,1,1,"Real (FAKE)

REASONING:
The statement ""Says House Republicans spent $50 million on 33 votes to repeal Obamacare"" contains a mix of textual and emotional evidence that suggests it may be a FAKE statement. The statement's similarity to other FAKE statements highlights its potential for misleading audiences. Additionally, the statement's dominant emotion of FEAR is consistent with the use of scare tactics in fake news campaigns. However, there are also signs of extreme emotions such as BALANCED EMOJI INTENSITY indicating that the statement may have been intentionally crafted to evoke strong emotions. Overall, while the statement appears to be a FAKE, further investigation into its origins and intent could provide insight into its creation and distribution.",fear,0.8989442,6.129527807
"More than 100,000 women in Texas have attempted to self-induce abortion in the past year alone.",1,0,"Real
REASONING: The statement is highly likely to be true based on its textual content and emotional context analysis. The statement contains strong indicators of real information, including high anger/fear levels, balanced emotional intensity, and a strong focus on the negative consequences of attempting self-induced abortions. Additionally, the statement mentions that more than 100,000 women in Texas attempted self-induction in the past year alone, which suggests that it is likely to be true given the relevant historical data.",sadness,0.890732751,3.595683813
Says Mitt Romney raised business taxes 20 percent in Massachusetts.,0,0,"Real

REASONING: 
The statement ""Says Mitt Romney raised business taxes 20% in Massachusetts"" is consistent with the known misinformation signature of high anger/fear combined with low neutrality. The statement also features balanced emotions, indicating that it is not likely to be fake news. This suggests that the target statement is real and should be verified by checking other relevant sources.",neutral,0.6230586,2.816586494
People committed involuntarily for 72 hours under the Baker Act will get their guns back automatically and immediately upon discharge....and their commitment is never entered into a background check database.,0,0,"Real
REASONING: The statement contains neutral emotional patterns and does not appear to be heavily influenced by any specific manipulation tactic. However, it still presents a strong indication of falseness due to its extreme emotional intensity.",neutral,0.650159202,2.235337257
The health care reform law offset[s] 6 years of benefits with 10 years of tax increases.,0,0,"REAL
REASONING: Based on the given statement, it can be inferred that the healthcare reform law has offset 6 years of benefits with 10 years of tax increases. The high anger/fear and balance emotions found in the text suggest that the statement is likely to contain propagandistic or misleading information. Additionally, the strong negative sentiment towards the healthcare reform law suggests that it may have been intentionally designed to create fear and uncertainty among its target audience. This analysis supports the conclusion that the statement is real and not fake.",neutral,0.53864555,3.614943027
"Says Bruce Starr voted to throw 6,000 Oregonians off unemployment.",0,1,"REASONING: 

The statement ""Says Bruce Starr voted to throw 6,000 Oregonians off unemployment"" contains neutral emotional context that suggests it may be true. The textual content of the statement includes facts about Bruce Starr's vote record, which aligns with his stated position on job creation. However, the emotional profile indicates that there could be potential manipulation tactics such as fear-mongering or rage-baiting. This information can help identify falsehoods and misleading claims.",neutral,0.503868017,3.808391094
A bill backed by Sean Duffy and other House Republicans could actually require the Internal Revenue Service to conduct audits of rape victims who get an abortion.,1,0,"REAL
REASONING: Based on the text material analyzed, we can conclude that the statement ""A bill backed by Sean Duffy and other House Republicans could actually require the Internal Revenue Service to conduct audits of rape victims who get an abortion"" is a real factual report. The statement contains strong indicators of being true, including high anger/fear levels, extreme emotional intensity, balanced emotions, and no manipulative tactics. Additionally, the statement aligns with known misinformation signatures such as fear-mongering and rage-baiting.",anger,0.875482527,4.602824211
Nobody is leaving Memphis. Thats a myth.,1,0,"Real
REASONING: The statement ""Nobody is leaving Memphis. Thats a myth"" contains strong indicators of fake news, including high levels of anger and fear, extreme emotional intensity, and manipulative tactics such as fear-mongering and rage-baiting. This statement aligns closely with the known misinformation signature of inflammatory misinformation, which can be identified through its use of hyperbolic language and exaggerated claims. Additionally, the statement's focus on the supposed departure of non-citizens suggests that it may have been created by a propagandist or disinformation campaign aimed at creating a sense of urgency and panic among citizens.",joy,0.876337901,4.660740614
Among his (Obama's) pet projects is a bill ... which would commit the U.S. to spending 0.7 percent of gross national product on foreign aid.,1,0,"Real
REASONING: The statement contains strong indicators of being a real statement, including high anger and extreme emotional intensity, balanced emotions, and a lack of propagandistic manipulation tactics. This suggests it may be a genuine piece of information from a credible source.",anger,0.976228394,2.109871864
"1928 was last time Republicans had the White House, the House and the Senate.",1,0,"Real

REASONING:
1. Textual Content Analysis: The statement mentions the year when the presidency changed from one party to another, indicating that it's likely a false claim. The use of fear and negative emotions such as anger and sadness also suggest that the statement is likely to be misleading.

2. Emotional Pattern Recognition: The statement uses strong emotions like anger, fear, and sadness, which indicate that it's highly likely to contain misinformation. Additionally, the statement highlights the absence of a prominent Republican candidate during the previous presidential election, further reinforcing its falseness.

3. Manipulation Techniques: The statement uses emotive language such as ""last time,"" ""without,"" and ""Nixon,"" which can be used by politicians to create fear and manipulate their audience. It also contains vague references to the current political climate, suggesting that it may have",joy,0.899497235,7.113777399
Says Florida refused to allow theinsurance commissioner to negotiate lower rates with companies or refuse rates that are too high under Obamacare.,0,1,"REASONING: 

Emotional Misinformation Patterns:
- High anger/fear + low neutrality = Strong misinformation indicator
- Extreme emotional intensity = Often correlates with fake news
- Balanced emotions + moderate intensity = Typical of factual reporting

Similar Training Examples:
- Text: ""The insurance commissioner cant do squat about health care..."", similarity score: 0.552
- Text: ""Gov. Rick Scott is trying to get a waiver under the federal health care law that would deny consumer..."", similarity score: 0.534
- Text: ""The Republicans' alternative health care plan ""will still let insurers raise premiums four times faster than the average American family..."", similarity score: 0.532
- Text: ""A Florida judge ruled parts of Obamacare un",neutral,0.639265156,6.07254982
Says his Twitter account has 1.3 million followers.,1,1,"REASONING: 

Emotional Misinformation Patterns:
- High anger/fear + low neutrality = Strong misinformation indicator
- Extreme emotional intensity = Often correlates with fake news
- Balanced emotions + moderate intensity = Typical of factual reporting

Similar Training Examples:
- Text: ""The John McCain Twitter account has more than 1.3 million followers. The official White House Twitter account has over 50 million followers.""
- Similarity: 0.698
- Emotion: neutral (intensity: 0.73)
- Example 1: Text: ""The John McCain Twitter account has more than 1.1 million followers. The official White House Twitter account has over 100 million followers.""
- Similarity: 0.496
- Emotion: neutral (int",fear,0.785744711,6.530625105
More than 3 million young adults ... have gained insurance under (the Affordable Care Act) by staying on their familys plan.,0,0,"Real
REASONING: The statement is consistent with the training data, including high anger/fear and balanced emotions. Additionally, it contains strong indicators of fake news, such as extreme emotional intensity and balance between fear and neutrality. This suggests that the statement is likely to contain misleading information or propaganda.",neutral,0.547837016,2.292793989
"Obamas secretary of energy, Dr. Steven Chu, has said publicly he wants us to pay European levels (for gasoline), and that would be $9 or $10 a gallon.",0,1,"REASONING: 

Emotional Misinformation Patterns:
- High anger/fear + low neutrality = Strong misinformation indicator
- Extreme emotional intensity = Often correlates with fake news
- Balanced emotions + moderate intensity = Typical of factual reporting

Similar Training Examples:
- Text: ""Obamas secretary of energy, Dr. Steven Chu, has said publicly he wants us to pay European levels (for gasoline), and that would be $9 or $10 a gallon.""
- Similarity: 0.658
- Emotion: neutral (intensity: 0.63)
- Example 1 (similarity: 0.658):
    Text: ""Says President Obamas proposed oil tax would cost consumers 24 cents a gallon....""
    → Label: RE",neutral,0.749110257,6.593414068
Obama has (a) new Christmas tree tax.,1,0,"REASONING: Based on the textual content and emotional patterns analyzed, we can conclude that the statement ""Obama has a new Christmas tree tax"" is likely to be a FAKE due to its strong emotional intensity and extreme emotional context. The use of the phrase ""new Christmas tree tax"" suggests that it may not be based on real policy changes but rather a political ploy designed to create controversy around the president. Additionally, the use of the word ""tax,"" which is commonly associated with income redistribution policies, further reinforces the impression of a politically motivated attack. Finally, the use of the term ""estate tax"" by itself without any other information suggests that it may be a reference to a specific policy proposal that has been debated in Congress but ultimately rejected. This combination of factors points towards a highly emotive and politicized message, making it more likely to be a fake than a true statement.",surprise,0.894306586,6.017938137
Says he has supported George Bush more than I have Barack Obama.,1,1,"Real (FAKE)
Reasoning: 
1. Comparison of textual content with similar training examples shows that the statement is likely to be a real statement from the target audience. The statement mentions support for George Bush more than Obama, which aligns with the sentiment expressed in other similar training examples. Additionally, there is a high level of anger and fear present in the statement, indicating it may be part of a misinformation campaign.
2. Analysis of emotional patterns against known misinformation signatures reveals that the statement is most likely to be a misleading piece of information. The statement uses strong emotional language such as ""joy,"" ""anger,"" and ""surprise,"" which are commonly used in falsehoods. Additionally, the statement includes a high level of fear and sadness, suggesting that it may be intended to manipulate the audience's emotions.
3. Manipulation tactics are also evident in the statement. For example",joy,0.827831863,6.648712635
The American slave trade caused 5 million deaths or more.,1,1,"FAKE
REASONING: The statement ""The American slave trade caused 5 million deaths or more"" contains high levels of anger and fear, along with balanced emotions and moderate intensity. This suggests that it may be propaganda or misinformation intended to manipulate public opinion towards a particular political agenda. Additionally, the statement's use of emotive language such as ""caused,"" ""killed,"" and ""more"" reinforces its falsehood. Overall, the statement exhibits a strong likelihood of being a deliberately fabricated piece of misinformation designed to deceive and sow division.",joy,0.734985881,4.002487659
I never considered myself a maverick.,1,0,"Real
REASONING: 
The statement ""I never considered myself a maverick"" contains high anger and fear combined with balanced emotions, indicating that it may be a case of fear-mongering or rage-baiting. The use of negative language (""never"") further reinforces the message of fear and contributes to its misleading nature. Additionally, the statement's use of piggybacking on a well-known figure like Ted Cruz highlights its manipulative tactic of exploiting existing public sentiment towards a specific individual. Overall, the statement exhibits characteristics commonly associated with fake news, such as a lack of balance, overreliance on emotional triggers, and a focus on sensationalism rather than accuracy.",neutral,0.679839598,5.036996603
Big soda has a lot of money.They make a lot of profit off their product and they market in neighborhoods that suffer from these very things that were trying to cure.,0,0,"Real

REASONING:
The statement ""Big soda has a lot of money. They make a lot of profit off their product and they market in neighborhoods that suffer from these very things that were trying to cure"" exhibits manipulative tactics such as fear-mongering and rage-baiting. The use of high emotional intensity and balance between emotions (neutrality vs. extreme emotional intensity) further supports the label of FAKE. Additionally, the statement's similarity to other examples suggests it may have been intentionally crafted to evoke negative emotions and mislead readers into believing something that is not true.",neutral,0.576190063,4.7584517
Alex Sink wants to cut Medicare.,1,1,"Real (FAKE)

REASONING:
The statement ""Alex Sink wants to cut Medicare"" is a typical example of a factual report with balanced emotions. The dominant emotion is joy, which is consistent with the claim that Sink supports cutting Medicare. However, there is also a strong fear component present, particularly in the use of the word ""cut"". This suggests that the statement may be part of a larger narrative of negative consequences associated with Sink's proposed policy changes. Additionally, the statement includes a reference to Sherrod Brown voting to cut Medicare, which could indicate that the author is aware of the political context surrounding the issue. Overall, while the statement does not explicitly state that Sink plans to eliminate Medicare entirely, it provides enough information to suggest that the author believes that this is a possibility.",joy,0.888199149,5.512393951
Says Wisconsin Gov. Scott Walker doesnt make his calendar public -- hes on our dime and we dont know where he is.,0,0,"Real
REASONING: 
The statement ""Says Wisconsin Gov. Scott Walker doesn't make his calendar public — he doesn't know where he is"" is a clear example of emotional misinformation, characterized by high levels of anger, fear, and sadness. The statement also features strong indicators of propaganda, such as the use of vague language (""his calendar"") and the mention of a plan to sell off Wisconsin state parks. This suggests that the statement may be part of a larger campaign designed to sow doubt about Governor Walker's leadership and undermine his popularity among voters. The combination of these factors indicates that the statement is likely to be false and should be treated with caution.",neutral,0.587846275,5.211569786
Says this House processed and approved as many bills as previous Legislatures.,1,1,"Real (FAKE)
REASONING: The statement ""Says this House processed and approved as many bills as previous Legislatures"" has a strong similarity to similar training examples that indicate it may be fake news. Specifically, the statement contains high levels of anger, fear, and extreme emotional intensity, which are commonly found in fake news. Additionally, the statement includes a reference to past legislative processes, suggesting that it may have been created by someone who wants to manipulate public opinion. This combination of content and emotional context suggests that the statement may be intentionally designed to deceive and spread false information.",surprise,0.817154659,4.008355379
99% of NJ voters do NOT support hunting.,1,0,"99% REAL
REASONING: The statement ""99% of NJ voters do NOT support hunting"" is true based on the textual content and emotional patterns analyzed. The statement's similarity to other similar training examples suggests it may be a real statement, while its high anger and extreme emotional intensity indicate it could be a fake news piece. Additionally, the combination of content and emotional context shows that the statement likely contains manipulation tactics such as fear-mongering and rage-baiting.",surprise,0.864971082,3.560037374
The fact is 90-percent of Down Syndrome children were aborted in this country.,1,1,"Real (FAKE)
REASONING: 
The statement ""The fact is 90-percent of Down Syndrome children were aborted in this country,"" while similar to other training examples, exhibits high levels of anger and fear, along with extreme emotional intensity. The combination of these factors suggests that it may be a case of misinformation, likely propagated through fear mongering tactics.",sadness,0.898316195,3.329038382
Providences port is 200 miles closer to Europe than any other Eastern port.,1,0,"REAL
REASONING: The statement ""Providences port is 200 miles closer to Europe than any other Eastern port"" is a real statement that provides information about the distance between Providence and European ports. The statement's emotional profile suggests it may be influenced by fear, particularly in the case of the statement's use of the word ""closer,"" which could indicate a sense of urgency or danger. However, the overall emotional intensity of the statement is relatively low, indicating that it may not be intentionally misleading. Additionally, the statement contains no specific details about the location or purpose of the port, making it difficult to determine its accuracy beyond general information.",anger,0.891057966,4.45605588
Rep. Peter Petrarca voted on two pieces of legislation that helped auto body shops ... and at that point I think there is a conflict of interest.,0,0,"REAL
REASONING: Based on the given text material, we can conclude that the statement ""Rep. Peter Petrarca voted on two pieces of legislation that helped auto body shops... and at that point I think there is a conflict of interest"" is likely to be a real statement due to its neutral tone, lack of anger, and balanced emotions. The use of strong language such as ""at that point"" and ""conflict of interest"" further reinforces the statement's credibility. Additionally, the statement aligns with Petrarca's previous voting record, which suggests that he may have been supportive of policies aimed at helping small businesses. This supports our conclusion that the statement is most likely to be true.",neutral,0.687028508,5.06515336
"The Confederate battle flag never flew over Texas, but... you might soon see it on our license plates.",0,0,"Real
REASONING: The Confederate battle flag never flew over Texas, but it's possible that Texans could soon see their state flag featuring the Confederate symbol. This statement highlights the use of emotional context to identify real vs. Fake information. The high anger and fear emotion combined with low neutrality indicate that the statement is likely to contain misinformation. The balance of emotions suggests that the statement may be propagandistic or intended to manipulate emotions. Additionally, the use of the word ""battle"" suggests that the Confederacy may still be relevant to some people, even if they don't support its ideology.",neutral,0.341693784,4.464410305
"Gov. Scott Walker bought 80 new, brand-new vehicles for the state that we probably dont need.",1,0,"Real
REASONING: The statement contains high levels of anger and fear, along with moderate intensity for balance. It also exhibits several signs of propaganda such as the use of vague language, repetition, and the promotion of a specific agenda. Additionally, it highlights the use of emotional triggers like surprise and joy, which can be indicative of manipulative tactics.",anger,0.769218254,2.677327394
"In Texas public schools, we spend an average of $12,000 per pupil per year.",1,1,"REASONING: 
The statement ""In Texas public schools, we spend an average of $12,000 per pupil per year"" is a real statement based on textual content analysis. The statement's emotional context indicates that it is likely to be true due to its balance between neutrality and extreme emotional intensity. The statement's similarity to similar training examples suggests that it may have been influenced by propaganda techniques such as fear mongering and rage baiting. Additionally, the statement aligns with known misinformation signatures, including the use of hyperbole and exaggeration. Overall, the statement appears to be a genuine representation of reality.",sadness,0.894441331,4.740773916
"Except for Virginia, the other 49 states keep raising their gas tax.",1,1,"Real (FAKE)
Reasoning: 
Compared to similar training examples, the statement ""Except for Virginia, the other 49 states keep raising their gas tax"" has high anger and fear emotional patterns, which indicates it may be a fake news article. The statement also lacks balance in emotional intensity, with a strong emphasis on negative emotions like anger and fear. Additionally, the statement mentions only one state, Virginia, without mentioning any other states, indicating that it is likely a falsehood created specifically for political purposes. Finally, the statement's overall emotional risk score is relatively low, indicating that it may be less likely to contain misleading information compared to other examples in the dataset.",neutral,0.765925011,4.87809062
Says property insurance rates are going up because Rick Scott signed a bill preventing the state from regulating insurance.,1,1,"Real (FAKE)

REASONING:

Emotional Misinformation Patterns:
- High anger/fear + low neutrality = Strong misinformation indicator
- Extreme emotional intensity = Often correlates with fake news
- Balanced emotions + moderate intensity = Typical of factual reporting

Similar Training Examples:
- Text: ""Says property insurance rates are going up because Rick Scott signed a bill preventing the state from regulating insurance.""
- Emotion: fear (intensity: 0.83) (High emotional intensity - common in misinformation)
- Example 1 (similarity: 0.660)
- Text: ""Perry pushed for a law that lets insurance companies raise homeowners rates without having to justif...""
- Emotion: fear (intensity: 0.83) (High",surprise,0.739296307,6.141083956
Proof of citizenship isnt necessary before you register to vote in Florida.,1,1,"REASONING: 
The statement ""Proof of citizenship isnt necessary before you register to vote in Florida"" has a dominant emotional profile of anger, with a high intensity score of 0.88. The statement also features extreme emotions such as fear and joy, which indicate that it may be a case of propaganda or misinformation. The combination of these factors suggests that the statement is likely to contain manipulative tactics aimed at influencing voter behavior.",anger,0.876363807,3.537392139
"Says that according to many reports and even our own data, the state of Texas spent more through Medicaid on orthodontia than all other states combined.",0,1,"REASONING: Based on the given text material, it can be concluded that the statement ""Says that according to many reports and even our own data, the state of Texas spent more through Medicaid on orthodontia than all other states combined"" is a FAKE due to its high level of emotional intensity and negative sentiment towards Texas. The dominating emotional profile suggests that the author's intention was to create a false narrative about the state's spending habits, which aligns with the overall trend of misinformation surrounding Medicaid funding. Additionally, the use of emotional language such as ""angry"", ""fear"", and ""anger"" highlights the emotive tone of the statement, further reinforcing its fake nature.",neutral,0.529680265,4.984493256
"The president won the youth vote 3 to1, but his numbers have dropped 20, 30 percent among the youth.",0,1,"REASONING: 

Emotional Misinformation Patterns: 
- High anger/fear + low neutrality = Strong misinformation indicator
- Extreme emotional intensity = Often correlates with fake news
- Balanced emotions + moderate intensity = Typical of factual reporting

Similar Training Examples: 
Example 1 (similarity: 0.550): Text: ""In this last election in November,... 63 percent of the American people chose not to vote,... 80 percent of the American people chose not to vote,... 80 percent of the American people chose not to vote,... 80 percent of the American people chose not to vote,... 80 percent of the American people chose not to vote,... 80 percent of the American people chose not to vote,... 80 percent of the American people chose not to vote,...",fear,0.475136565,6.585265398
My debt to GDP was the lowest or one of the lowest of modern presidents. My taxes to GDP was the lowest and my spending to GDP was too.,0,0,"Real
REASONING: 
The statement ""My debt to GDP was the lowest or one of the lowest of modern presidents. My taxes to GDP was the lowest and my spending to GDP was too"" contains high anger/fear combined with low neutrality and moderate intensity. The statement also exhibits balance in emotional intensity, indicating it may be typical of factual reporting. This suggests that the statement is likely to be real and not a case of falsified data or propaganda.",neutral,0.638735742,3.505769253
We will not ask for a tax increase to run city government.,0,0,"Real
REASONING: The statement ""We will not ask for a tax increase to run city government"" exhibits strong indicators of fake news, including high levels of anger and fear combined with low neutrality and moderate intensity. This suggests that the statement may be intentionally designed to create a negative emotional response among readers, which aligns with the typical characteristics of misinformation. Additionally, the statement's use of the word ""run"" instead of ""spend"" further reinforces its falsehood. Overall, the combination of textual and emotional evidence points towards a clear case of emotional misinformation.",sadness,0.368428831,4.105931759
"The most recent Associated Press poll has Nader-Gonzalez at 6 percent, without any national coverage, against McCain and Obama.",0,0,"REAL
REASONING: The statement ""The most recent Associated Press poll has Nader-Gonzalez at 6% without any national coverage, against McCain and Obama"" exhibits high levels of anger and fear combined with low neutrality, which indicates it may be a case of fear-mongering or rage-baiting. This type of misinformation often targets marginalized groups or vulnerable populations, such as minorities or immigrants, and seeks to create fear and panic among its target audience. Additionally, the use of emotional terms like ""surprise,"" ""anger,"" and ""neutral"" suggests that the author is trying to manipulate their readers' emotions to promote their own agenda. Overall, the combination of textual and emotional evidence points towards a likely falsehood, indicating that this statement should be treated with caution and verified through other sources before making decisions based on it.",fear,0.394578028,6.500239611
Says he opposed the presidents decision to go into Iraq in 2003.,1,1,"Real (FAKE)

REASONING:
The statement ""Says he opposed the presidents decision to go into Iraq in 2003"" contains strong indicators of fake news, including extreme emotional intensity, balanced emotions, and a lack of neutrality. This suggests that the statement may be intentionally designed to create confusion and mislead readers. Additionally, the use of the word ""opposed"" instead of ""vetoed"" further highlights the potential for deception. Overall, the statement's combination of emotional content and manipulative language makes it highly susceptible to being used as part of a larger campaign of misinformation.",surprise,0.885991758,4.431728125
Says Mitt Romney called the Arizona law a model for the nation.,1,0,"REASONING: Based on the textual content and emotional patterns analyzed, we can confidently label the statement as FAKE. The statement's use of strong emotional intensity and balance between emotions, along with its extreme polarization, suggest it may be part of a deliberate effort to manipulate public opinion towards a particular political agenda. Additionally, the statement's reference to Romney's support for a law that would make most common forms of birth control illegal suggests a possible intent to sow doubt about the effectiveness of reproductive health services.",sadness,0.811794787,4.126330137
"There are about 120,000 solar energy jobs in the United States, but only 1,700 of them are in Georgia.",0,1,"Real (FAKE)

REASONING:
The statement ""There are about 120,000 solar energy jobs in the United States, but only 1,700 of them are in Georgia"" has a dominant emotional profile of neutral, with high levels of anger and fear combined with low neutrality. The statement also contains several instances of balance in emotional intensity, such as the mention of 1,700 solar energy jobs in Georgia. However, there are no specific details provided that would indicate that these jobs are actually located in Georgia, which could be indicative of fake news. Additionally, the statement's use of the word ""only"" suggests that there may be some discrepancies between the number of solar energy jobs and the actual location of those jobs. This could suggest that the statement is being used to create confusion or misinformation around the topic. Finally, the statement mentions the state of Georgia twice, suggesting",neutral,0.536309414,6.045151711
Congressman (Tom) Cotton is the only Arkansan in Congress -- Democrat or Republican -- to vote against disaster relief five times.,0,0,"Real
REASONING: The statement contains high levels of anger and fear, along with balanced emotions that suggest it may be a typical example of factual reporting. This suggests that the statement is likely to contain misleading information, but not necessarily intentionally so.",neutral,0.652847316,1.906810045
The biggest job of the surgeon general is to translate health care and health care needs into plain English.,0,0,"REAL
REASONING: Based on the textual content and emotional patterns identified, it can be concluded that the statement is REAL (factually accurate). The high anger/fear and low neutrality indicators suggest that the statement is likely to contain misleading information. Additionally, the balance of emotions suggests that the statement is not intentionally designed to deceive, but rather reflects the speaker's true feelings. Finally, the overwhelming emotional intensity indicates that the statement may contain manipulative tactics such as fear-mongering or rage-baiting.",neutral,0.63784099,4.341754913
Members of the public are being charged $50 to hear Gov. Scott Walker and a dozen members of his administration talk about jobs and the economy at Lambeau Field.,0,0,"REAL
REASONING: Based on the similarity between the target statement and similar training examples, we can confidently conclude that it is a real statement. The high neutrality score indicates that there is no significant deviation from the expected balance of emotions, while the overall emotional intensity of 0.46 suggests that the statement is not likely to be intentionally misleading. Additionally, the combination of textual content and emotional patterns shows that the statement contains elements of truth and lies simultaneously, which further supports its authenticity.",neutral,0.460393436,3.498767614
The substitute budget now adds in tax breaks and tax deductions for those who buy these prisons.,0,1,"REASONING: The statement ""The substitute budget now adds in tax breaks and tax deductions for those who buy these prisons"" is a FAKE due to its high level of anger and fear combined with low neutrality. This sentiment is typical of misinformation, which often uses emotive language to manipulate audiences. Additionally, the statement does not provide any supporting evidence to support its claims, further reinforcing its falsehood.",neutral,0.587626619,2.861018181
"Ann Kuster turned a blind eye to those in need of funding by voting against funding for our nations veterans, low-income women and children, the FDA and the National Institutes of Health.",1,0,"REAL
REASONING: Based on the textual content and emotional patterns analyzed, it can be concluded that the statement is likely to be a real factual report, given its balanced emotional intensity and strong misinformation indicator. The statement highlights the use of taxpayer funds to support veteran programs while also criticizing the vote against funding for these same programs. Additionally, the statement mentions the recipient's position on other issues such as the Affordable Care Act and the Food and Drug Administration, which further supports the veracity of the claim.",anger,0.961777377,4.313269138
The Koch brothers are one of the biggest polluters in the country.,0,1,"REASONING: The statement ""The Koch brothers are one of the biggest polluters in the country,"" is a real statement based on its textual content and emotional context. The statement's similarity to other training examples suggests that it may be a case of fear-mongering or propaganda. However, the overall emotional profile indicates that it is likely a genuine statement about the Koch brothers' influence on American politics. This analysis combines textual and emotional evidence to provide a reliable classification.",neutral,0.779352608,3.83878994
Eighty out of 82 counties in Ohio ... have an auto manufacturing facility.,0,0,"REAL
REASONING: Based on the similarity between the target statement (""Eighty out of 82 counties in Ohio..."") and similar training examples, we can confidently conclude that the statement is a true representation of Ohio's manufacturing industry. The high level of neutrality in the text coupled with balanced emotional intensity indicates that the statement is not likely to be misleading. Additionally, the overwhelming dominance of neutral emotions suggests that there is no significant manipulative tactics employed by the author. Therefore, based on our analysis, the statement is classified as REAL.",neutral,0.702063871,3.999720573
The American Academy of Pediatrics supports banning guns.,0,0,"REAL
REASONING: Based on the analysis of textual and emotional evidence, it can be concluded that the statement ""The American Academy of Pediatrics supports banning guns"" is a real statement based on its high level of accuracy, balance, and neutrality in terms of emotional context. The statement's dominating emotional profile indicates joy, while the overall emotional intensity score is relatively low compared to other similar training examples. Additionally, there are no known manipulation tactics present in the statement.",joy,0.305026851,3.844520569
"There is great disparity, tremendous disparity, in the (capital) funding on a per-student basis between our traditional public schools and our charter public schools.",0,0,"Real
REASONING: The statement ""there is great disparity, tremendous disparity, in the capital funding on a per-student basis between our traditional public schools and our charter public schools"" exhibits high anger and fear, along with moderate intensity, which indicates it is likely a factual report rather than a piece of misinformation. This is supported by the fact that the statement's similarity score to similar training examples is higher than average, indicating that it has been well-trained on the LIAR dataset. Additionally, the statement's dominant emotional profile of neutral suggests that it may contain some misleading information but not enough to warrant labeling it as a fake news article.",neutral,0.546286616,4.536646128
Most military experts say there is anywhere between 25 and 30 members of al Qaeda in Afghanistan.,1,1,"REASONING: 

Emotional Misinformation Patterns:
- High anger/fear + low neutrality = Strong misinformation indicator
- Extreme emotional intensity = Often correlates with fake news
- Balanced emotions + moderate intensity = Typical of factual reporting

Similar Training Examples:
- Text: ""Most military experts say there is anywhere between 25 and 30 members of al Qaeda in Afghanistan.""
- Similarity: 0.548
- Subject: unknown
- Emotion: neutral (intensity: 0.56)

- Text: ""Three or four countries out of roughly 60 in the anti-ISIS coalition are providing military force.""
- Similarity: 0.522
- Subject: unknown
- Emotion: neutral (intensity: 0.",surprise,0.835464846,6.391499996
California has robust job growth that outpaces the rest of the nation.,0,1,"REASONING: 
The statement ""California has robust job growth that outpaces the rest of the nation,"" compares favorably with other statements in terms of its textual content and emotional patterns. The statement's dominant emotion is surprise, which is supported by the high score of surprise in the target emotional profile. However, there are some instances where the statement deviates from the norm, such as the use of fear in the example provided. This deviation could be due to the fact that the statement is not entirely true, but rather a partial truth. In general, the statement appears to be a balanced mix of facts and opinions, with a strong emphasis on California's economic performance compared to other states. Overall, the statement seems to fall within the realm of factual reporting, with no indication of being intentionally false or misleading.",surprise,0.401144838,5.630270243
"The Atlanta streetcar is expected to create 930 jobs during construction, totaling more than 5,600 jobs over the next 20 years.",1,0,"REASONING: 

Target statement: The Atlanta streetcar is expected to create 930 jobs during construction, totaling more than 5,600 jobs over the next 20 years. Similar training examples: Text: ""The Northwest Corridor highway project in Cobb and Cherokee counties is expected to create over 9,70...Similarly, Example 1 shows that the streetcar's creation of jobs has a positive impact on the economy, while Example 2 highlights its success in creating new private sector jobs. Example 3 shows that the addition of jobs has improved the overall employment situation in Georgia, while Example 4 demonstrates that the streetcar's investment has brought significant private sector growth. Finally, Example 5 illustrates how high-speed rail could potentially lead to job creation but also bring concerns around environmental and safety issues. In terms of emotional context, the statement features",surprise,0.987777719,6.493463993
"Says an array of statistics show that conditions in some parts of Baltimore rival that of the West Bank in Palestine, North Korea, and distressed cities in Nigeria, India, China and South Africa.",0,1,"Real (FAKE)

REASONING:

Emotional Misinformation Patterns:
- High anger/fear + low neutrality = Strong misinformation indicator
- Extreme emotional intensity = Often correlates with fake news
- Balanced emotions + moderate intensity = Typical of factual reporting

Similar Training Examples:
Example 1 (similarity: 0.485): Text: ""The countrys bankrupt....""
- Label: FAKE
- Subject: unknown
- Emotion: sadness (intensity: 0.79)

Example 2 (similarity: 0.433): Text: ""Crime rises in communities with casinos....""
- Label: REAL
- Subject: unknown
- Emotion: neutral (intensity: 0.75)

Example 3",neutral,0.684444837,6.061731339
"Nobody has been talking about it (Medicaid fraud), focused on it, or paying attention to it.",1,1,"Real (FAKE)
Reasoning:
The statement ""Nobody has been talking about it (Medicaid fraud), focused on it, or paying attention to it,"" contains strong indicators of fake news due to its extreme emotional intensity and balance of emotions. The statement also features a high level of anger and fear, which are commonly associated with misinformation. Additionally, the use of hyperbolic language (""nothing"") and exaggerated claims suggest that the statement may have been intentionally crafted to create a sense of urgency or panic among readers. This suggests that the author may have used emotional manipulation tactics such as fear-mongering or rage-baiting to attract attention and promote their message.",anger,0.876427047,5.133195639
Our race was the closest U.S. Senate race in Ohio in 36 years -- when Howard Metzenbaum defeated Robert Taft in 1976.,0,1,"REASONING: 

Emotional Misinformation Patterns:
- High anger/fear + low neutrality = Strong misinformation indicator
- Extreme emotional intensity = Often correlates with fake news
- Balanced emotions + moderate intensity = Typical of factual reporting

Similar Training Examples:
- Text: ""Like Marco Rubio, Sen. Barack Obama had one of the worst attendance records in the Senate.""
- Emotion: neutral (intensity: 0.55)
- Similar training example #1
- Subject: unknown
- Emotion score: neutral
- Overall emotional intensity: 0.55
- Low emotional risk detected

- Text: ""SaysGov. John Kasich incorrectly claimed Ohios economy was 38th in the nation when he took office. W...""
- Emotion: surprise (",neutral,0.357237335,6.238935947
"Before President Obama acted in Libya in 2011, the American people were opposed to military action by 35 to 60. After he took action, they were in support of it 54 to 43.",0,1,"Real (FAKE)

REASONING:
The statement ""Before President Obama acted in Libya in 2011, the American people were opposed to military action by 35 to 60. After he took action, they were in support of it 54 to 43%"" compares favorably to other instances of emotional misinformation analyzed in the dataset. It has a dominant emotional profile of neutral, indicating that the statement's overall emotional tone is neither overwhelmingly positive nor negative. Additionally, the statement contains several indicators of fear-mongering and rage-baiting, which could be used to manipulate audiences. However, there are no specific manipulation tactics present in this instance. Overall, the statement appears to be a typical example of factual reporting, with strong indications of emotional context.",neutral,0.508503222,6.184186935
"Obama voted to raise taxes on people making just $42,000.",1,0,"Real
REASONING: The statement contains strong indicators of real information, including balanced emotions and neutral language. It also highlights the use of emotional context to manipulate audiences into believing that the tax increase was unfairly targeted at lower-income earners. This suggests that the statement may be part of a larger campaign aimed at promoting economic inequality and disempowering working-class communities.",anger,0.80603552,2.924934387
"While I was working on those streets watching those folks see their jobs shift overseas, you were a corporate lawyer sitting on the board at Wal-Mart.",0,1,"REASONING: 
The statement ""While I was working on those streets watching those folks see their jobs shift overseas, you were a corporate lawyer sitting on the board at Wal-Mart"" exhibits high levels of anger and fear, indicating it may be a case of falsified information. The statement also contains elements of manipulative rhetoric, such as the use of fear-mongering and rage-baiting, which suggests it may be part of a deliberate effort to create a false narrative. Additionally, the statement has been found to contain several signs of fake news, including high emotional intensity and a lack of balance between emotions. Overall, while there is no direct evidence of intent to deceive, the combination of textual and emotional evidence points towards a strong likelihood of misinformation.",neutral,0.708557736,5.455017805
"Proposed cuts in the House farm bill mean 2 million less people on food stamps, 210,000 children will not receive school lunches or breakfasts.",0,1,"REASONING: 

Emotional Misinformation Patterns: 
- High anger/fear + low neutrality = Strong misinformation indicator
- Extreme emotional intensity = Often correlates with fake news
- Balanced emotions + moderate intensity = Typical of factual reporting

Similar Training Examples:
- Text: ""The U.S. Has 47 million people on food stamps. That's 14 million more than when the current occupant took office.""
- Emotion: Neutral (intensity: 0.70)
- Example 1 (similarity: 0.685)
- Text: ""The U.S. Has 47 million people on food stamps. This number was 14 million higher than it was during the presidency of George W. Bush.""
- Emotion: Neutral (int",neutral,0.751409776,6.547018528
The money the Clinton Foundation took from from foreign governments while Hillary Clinton was secretary of state is clearly illegal. The Constitution says you cant take this stuff.,1,0,"REAL
REASONING: Based on the textual content and emotional patterns analyzed, it can be concluded that the statement is a real claim made by the author. This includes factors such as high anger/fear, extreme emotional intensity, balanced emotions, and a strong misinformation indicator. Additionally, the statement has been used in similar training examples, indicating its prevalence in fake news.",sadness,0.890788093,2.774915457
"As a result of National Rifle Association and other private-sector (safety-education) programs, fatal firearms accidents are at the lowest level in 100 years.",0,0,"Real
REASONING: The statement ""As a result of National Rifle Association and other private-sector (safety-education) programs, fatal firearms accidents are at the lowest level in 100 years,"" is consistent with the given textual content and emotional patterns. It highlights that the NRA's safety education programs have contributed to a decrease in gun-related deaths over the past decade. This supports the claim that the statement is REAL.",neutral,0.590760841,3.428292274
Planned Parenthood has now (been) found to also illegally sell baby parts.,1,1,"Real (FAKE)

REASONING: 
1. Comparison of textual content with similar training examples shows that the statement contains strong emotional context, indicating it may be misleading. The statement mentions abortion services being performed by Planned Parenthood, which is a highly emotive topic. This suggests that there is likely a deliberate attempt to manipulate emotions through fear mongering or other manipulative tactics.

2. Analysis of emotional patterns against known misinformation signatures reveals that the statement contains high levels of anger, extreme emotions, and balance between them. This suggests that the statement may contain false information or propaganda designed to create a sense of urgency or fear.

3. Manipulation tactics such as fear-mongering, rage-baiting, and sensationalism are possible given the statement's focus on Planned Parenthood and its alleged sale of baby parts.",sadness,0.883909631,6.591490746
Democrats are kind of falling over each other seeing who can raise taxes faster. It looks like they're going to raise taxes anywhere between 20 to 30 percent.,0,1,"Real (FAKE)
REASONING: 
1. Compare textual content with similar training examples: The statement ""Democrats are kind of falling over each other seeing who can raise taxes faster"" has a high level of anger and fear, indicating that it may be part of a larger campaign of misinformation designed to create fear among voters. This sentiment is consistent with the known misinformation signature of fear-mongering and rage-baiting.
2. Analyze emotional patterns against known misinformation signatures: The statement ""Ninety-four percent of small businesses will face higher taxes under the Democrats plan"" also exhibits high levels of anger and fear, but these emotions are not present in the other examples analyzed. This suggests that the misinformation being spread may be more complex than just fear-mongering.
3. Consider the combination of content + emotional context: The",joy,0.391834245,6.123010874
"Gas prices have gone up 99 percent since Obama became president, the highest gas price increase since Carter.",1,1,"REASONING: 

The statement ""Gas prices have gone up 99% since Obama became president, the highest gas price increase since Carter,"" contains a strong indication of FAKE information due to its extreme emotional intensity, particularly the fear and anger expressed in the statement. The statement also exhibits several manipulative tactics such as fear-mongering and rage-baiting that indicate it may be part of a deliberate effort to manipulate public opinion. Additionally, the statement's similarity to other examples suggests that it may be a case of copycat misinformation spread by individuals or groups seeking to amplify their message. Finally, the overall emotional intensity of the statement makes it highly likely that it is intended to evoke strong emotions in its audience, potentially leading to negative consequences for those who believe it.",anger,0.916753067,5.757689476
Says Supreme Court Justice Sonia Sotomayor has animmigrant family background.,1,1,"REASONING: 
The statement ""Says Supreme Court Justice Sonia Sotomayor has animmigrant family background"" is a real statement that contains strong indicators of fake news. The statement's textual content is balanced and moderately intense, indicating it may be a typical factual report. However, the statement's emotional context reveals that it is likely to contain propagandistic elements such as fear mongering and rage baiting. This suggests that the statement was intentionally crafted to manipulate emotions and create a false impression of Sotomayor's ancestry. Additionally, the statement's use of emotive language (""strongly"") and its association with high anger levels (""anger"") suggest that it may have been created with the intent to provoke emotional responses from readers. Finally, the statement's use of ambiguous phrasing (""animmigrant family background"") and the absence of",neutral,0.740411119,6.150654316
"For the votes that we got, I think we spent, on average, two bucks a pop. Compared to 42 bucks for incumbent Milwaukee County Executive Chris Abele.",1,1,"Real (FAKE)
REASONING: The statement contains strong indicators of fake news, including high anger and extreme emotional intensity, which suggest it may contain misinformation. The statement also mentions a plan to cut school funding by $23.8 million, which could potentially lead to concerns about fiscal responsibility and accountability. Additionally, the use of the word ""cutting"" suggests a negative tone, further indicating potential misinformation.",surprise,0.945677472,3.354746103
The national debt grew an estimated$15 billion last weekend.,0,1,"REASONING: The target statement ""The national debt grew an estimated$15 billion last weekend,"" is likely a FAKE due to its high levels of anger and fear, along with a lack of balance in emotional intensity. The statement also contains several manipulative tactics such as fear-mongering and rage-baiting that could be indicative of intentional misinformation. Additionally, the statement's similarity to other similar examples suggests it may have been intentionally crafted to create a specific emotional response among readers.",neutral,0.402919891,3.6213727
We just cant afford to pay 100 percent of government employee benefits.,0,0,"Real
REASONING: 
The dominant emotional profile suggests a high likelihood of misinformation, with a focus on surprise and joy. The combination of textual and emotional evidence points towards a likely falsehood.",surprise,0.356007073,1.645082235
State Medicaid expansion will save our treasury $1 billion over the next eight years.,0,1,"REASONING: 
The statement ""State Medicaid expansion will save our treasury $1 billion over the next eight years"" is a real statement that contains neutral emotional patterns. The statement's dominant emotion is neutral, indicating it does not contain any extreme emotional intensity. The statement also features balanced emotions, including moderate intensity for fear and moderate intensity for joy. This suggests that the statement is likely to be true and not intentionally false. Additionally, the statement's overall emotional risk level is low, indicating that it may not have been deliberately manipulated.",neutral,0.457468653,4.289751053
"You cant give a child an aspirin in school without permission. You cant do any kind of medication, but we can secretly take the child off and have an abortion.",0,0,"Real
REASONING: 
The statement ""You cant give a child an aspirin in school without permission. You cant do any kind of medication, but we can secretly take the child off and have an abortion,"" exhibits high levels of anger and fear combined with low neutrality, indicating that it likely contains misinformation intended to manipulate the audience into believing that certain actions are not permissible. The use of strong emotive language such as ""secretly"" and ""abortion"" further reinforces the message, while the lack of balance between emotions suggests that there may be more to the story than what is being presented. Additionally, the use of vague phrases like ""without permission"" and ""secretly"" suggest that the speaker may be attempting to create confusion or ambiguity around the issue at hand. Overall, this statement seems to be designed to sow doubt and confusion among its target audience, potentially leading them to believe that",joy,0.185803896,6.109900236
The deficit this year could pay all of the 2013 salaries of every professional baseball player for the next 248 years.,0,1,"REASONING: 

Emotional Misinformation Patterns: 
- High anger/fear + low neutrality = Strong misinformation indicator
- Extreme emotional intensity = Often correlates with fake news
- Balanced emotions + moderate intensity = Typical of factual reporting

Similar Training Examples:
- Text: ""Senator Menendez said he would spend our money wisely. But our annual national deficit climbed from...
Subject: Senator Menendez
Emotion: neutral (intensity: 0.74)

- Text: ""A quarter of our workers make $18,000 per year....
Subject: Mathematically, the White Sox can still get in the playoffs....
Emotion: neutral (intensity: 0.63)

- Text: ""Mathematically, the White Sox",neutral,0.753468772,6.514724016
Says U.S. Rep. Steve Southerland voted himself health care for life.,1,1,"FAKE
REASONING: Based on the textual content and emotional patterns analyzed, it can be concluded that the statement ""Says U.S. Rep. Steve Southerland voted himself health care for life"" is likely a fake news article. The statement's use of strong emotional language (""strongly"") and extreme emotional intensity (""high anger/fear + low neutrality"") indicate that it may have been intentionally designed to manipulate readers into believing false information. Additionally, the statement's mention of Southerland's vote for healthcare reform suggests that it was likely created by someone who wants to sow doubt about his stance on the issue.",fear,0.885165385,4.387977839
"Under Barack Obama, the fewest number of adults are working since Jimmy Carters presidency.",1,0,"REAL
REASONING: Based on the given text material, it appears that the statement ""Under Barack Obama, the fewest number of adults are working since Jimmy Carter's presidency"" is a real claim about the number of workers during Obama's presidency. The text contains several features that indicate a strong likelihood of being true, including the use of specific dates and statistics backed by reliable sources. Additionally, the statement is accompanied by emotional patterns consistent with truthfulness, such as balanced emotions and moderate intensity. This suggests that the statement is likely to be true based on the available evidence.",joy,0.890251831,4.125741005
I negotiated open borders to let fleeing refugees into safety from Kosovo.,1,1,"Real (FAKE)

REASONING:
The statement ""I negotiated open borders to let fleeing refugees into safety from Kosovo"" exhibits strong emotional context and a high score for sadness, indicating it may contain misinformation. The statement's use of hyperbolic language (""open borders"") and its reference to President Barack Obama's actions also suggest it may be part of a propagandistic campaign. Additionally, the statement's mention of children crossing the border and being ""insecure"" suggests it may contain false information about the security situation. Overall, the statement's emotional profile aligns with that of propaganda and misinformation, highlighting the importance of careful evaluation and interpretation when assessing claims made by politicians or other public figures.",sadness,0.863721711,5.653320074
"Hillary Clinton and Barack Obama want to raise taxes on dividends, a move that would crash the stock market.",1,1,"Real (FAKE)
Reasoning: 
The statement ""Hillary Clinton and Barack Obama want to raise taxes on dividends, a move that would crash the stock market,"" has been analyzed based on its textual content and emotional context. The statement contains high anger and extreme emotions, which indicate it may be a form of misinformation. Additionally, the statement mentions two potential sources of income tax increases, which could potentially affect the stock market. However, the statement also includes some neutral language that suggests there may be other factors at play. Overall, the statement exhibits characteristics commonly associated with fake news, such as fear-mongering and manipulative tactics.",anger,0.972402788,4.521062374
Invested $90 million in traffic fixes without raising taxes.,0,0,"Real
REASONING: 
The statement ""Invested $90 million in traffic fixes without raising taxes"" contains neutral emotional content and no clear indicators of fake news. It also lacks any significant manipulation tactics, such as fear-mongering or rage-baiting. Therefore, it falls into the category of real statements.",neutral,0.53794852,2.514660835
Thomas Paine wrote that the duty of a patriot is to protect his country from his government.,1,0,"REAL
REASONING: The statement ""Thomas Paine wrote that the duty of a patriot is to protect his country from his government"" contains strong indicators of a real statement, including high anger and extreme emotional intensity. This statement aligns with the typical misinformation profile of a fake news article, which typically includes inflammatory language and manipulative tactics designed to manipulate emotions. Additionally, the statement highlights the use of emotional context to create a false impression of Thomas Paine's intentions.",joy,0.879285027,3.976819038
"Dan Webster supports privatization of Social Security, deep cuts in Social Security.",1,1,"Real (FAKE)
Reasoning: 
The statement ""Dan Webster supports privatization of Social Security, deep cuts in Social Security"" contains high levels of anger, fear, and extreme emotional intensity, indicating that it may be a case of inflammatory misinformation. The statement also features manipulative tactics such as fear-mongering and rage-baiting, which can indicate a deliberate attempt to manipulate public opinion. Additionally, the use of strong emotional language (""deep cuts"") suggests that the statement may contain false information about the potential consequences of privatization. Overall, the combination of textual and emotional evidence suggests that this statement is likely to be a form of fake news designed to sow confusion and division around social security policies.",joy,0.87678709,5.054187059
Obama admin gutted @ProjChildSafe budget to provide trigger locks and safety kits.,1,0,"REAL
REASONING: The statement ""Obama admin gutted @ProjChildSafe budget to provide trigger locks and safety kits"" contains a strong indication of falsity due to its extreme emotional intensity and balance of emotions. It also exhibits a dominance of fear over other emotions such as joy, sadness, and surprise. This suggests that it may be part of a deliberate effort to create panic and fear among the public. Additionally, the use of language such as ""trigger locks"" and ""safety kits"" further reinforces the falsehood. Finally, the lack of any mention of the actual project or its purpose indicates that this statement likely originated from a misleading source.",fear,0.876544691,5.463702679
"Says that during President Barack Obamas tenure, the United States has created 15 million new jobs.",0,0,"REAL
REASONING: The statement ""Says that during President Barack Obamas tenure, the United States has created 15 million new jobs"" is a real fact based on its textual content and emotional context. It highlights the creation of 15 million new jobs during Obama's presidency, which aligns well with his policies and goals. Additionally, the statement contains neutral emotional language indicating no significant emotional risk was detected. The combination of textual and emotional evidence supports the label REAL.",neutral,0.644720325,3.876137495
"Romney failed to take action against ""sanctuary cities"" in Massachusetts.",0,0,"REAL
REASONING: Based on the textual content and emotional patterns analyzed, I conclude that the statement ""Romney failed to take action against ""sanctuary cities"" in Massachusetts"" is a real statement about Mitt Romney's policies during his time as governor of Massachusetts. The high anger and fear emojis present in the statement suggest that it may be misleading or intentionally false, while the neutral emotional intensity indicates that it may be genuine. Additionally, the use of the word ""failed"" suggests that there was some sort of action taken by Romney, which further supports its real nature. Overall, the combination of textual and emotional evidence points towards the statement being true.",neutral,0.308361758,4.61069417
How do Jeb Bush and Donald Trump differ on immigration? Spoiler alert: They dont.,1,0,"Real

REASONING: 
1. Textual Content Analysis: The statement contains high levels of anger and fear, which aligns with typical signs of fake news. Additionally, the use of the word ""different"" suggests that there may be some difference between the two candidates' policies regarding immigration. This could indicate that the statement is likely false.

2. Emotional Context Analysis: The statement mentions the manipulation of deportation data by the Obama administration, which indicates that it is likely false due to the lack of credibility associated with such claims. The use of the term ""double passports"" also highlights the potential for misleading language.

3. Combination of Content and Emotional Patterns: The statement uses a double passport as a means of comparing the candidates' positions on immigration, suggesting that it is likely false. The use of the phrase ""only stops or apprehends one out of four",joy,0.789440761,6.69942832
Says the high-speed rail project provides short-term jobs.,0,0,"REAL
REASONING: Based on the similarity between the target statement and similar training examples, we can conclude that the statement is likely to be a real claim made by the source. The high-speed rail project provided short-term jobs, which aligns with the intended purpose of the project. Additionally, the statement does not contain any manipulative tactics such as fear-mongering or rage-baiting. Therefore, it falls under the category of REAL.",neutral,0.701658334,3.166572094
"For the first time in history, Wisconsin has more government jobs than manufacturing jobs.",0,1,"REASONING: 

The statement ""For the first time in history, Wisconsin has more government jobs than manufacturing jobs"" falls under the category of FAKE due to its high level of anger and fear, combined with low neutrality. The textual content highlights the state's shift towards government employment, which is not supported by the given data. Additionally, the use of strong emotive language such as ""manufacturing-led jobs recovery,"" coupled with the mention of Governor Scott Walker's role in creating these jobs, further reinforces the falsehood. However, the overall emotional risk detected suggests that the statement may be considered REAL if it can be shown to have been intentionally crafted to deceive.",neutral,0.706861786,5.229048014
We spend half a trillion dollars a year in tax preparation.,1,1,"REASONING: 

The statement ""We spend half a trillion dollars a year in tax preparation"" contains strong indicators of misinformation, including high anger/fear and balanced emotions. The statement also exhibits a high emotional intensity score of 0.89, indicating that it may be a typical example of falsified information. In terms of emotional context, the statement mentions tax preparation, which could potentially lead to feelings of anxiety or stress. Additionally, the statement includes negative emotions such as anger and fear, which suggest that it may contain falsehoods intended to manipulate emotions. Overall, while there are some signs of truth in the statement, it appears to be more likely to be a piece of misinformation than true.",surprise,0.890734543,5.051668882
Were losing thousands of (veterans) waiting on line because they cant get speedy health care from the Veterans Administration.,0,1,"REASONING: 

The statement ""Were losing thousands of (veterans) waiting on line because they cannot get speedy healthcare from the Veterans Administration"" exhibits high levels of anger and fear, indicating it may be a case of emotional misinformation. The statement also contains balanced emotions, suggesting that it may be factual reporting. Additionally, the statement's similarity to other training examples suggests it may be a case of neutral emotional context. However, the overall emotional intensity of the statement is neutral, which indicates there is no significant manipulation tactic employed. Overall, the statement meets the criteria for classifying it as either REAL or FAKE based on its textual and emotional evidence.",neutral,0.576880956,5.14994812
"Wisconsin pays criminal defense lawyers who represent the indigent $40 per hour, the lowest in the country.",0,0,"REAL
REASONING: The statement ""Wisconsin pays criminal defense lawyers who represent the indigent $40 per hour, the lowest in the country,"" while not entirely false, does not meet the criteria for a true statement due to its lack of balance and neutrality. While the statement may be true in some cases, it fails to provide any supporting evidence or context that would allow readers to draw a conclusion based solely on the information provided. Additionally, the use of high emotional intensity and fear-mongering language suggest that the statement was likely intentionally designed to manipulate readers into believing something false.",neutral,0.530405151,4.338093281
"Says that under the new healthcare law, full- and part-time workers will be required to buy insurance costing $375 to $1,000 a month, starting in 2014.",0,1,"Real (FAKE)
REASONING: The statement ""Says that under the new healthcare law, full- and part-time workers will be required to buy insurance costing $375 to $1,000 a month, starting in 2014"" contains emotional patterns consistent with fake news, including high anger/fear and low neutrality. It also features manipulative tactics such as fear-mongering and rage-baiting. This statement aligns with the overall emotional profile of joy and dominance over other emotions. The combination of these factors suggests it may contain misinformation intended to manipulate public opinion.",joy,0.507594606,4.423681498
Up to half of all Americans have a pre-existing condition.,0,0,"REAL
REASONING: Based on the similarity between the target statement and similar training examples, the textual content and emotional patterns indicate that the statement is likely to be true. The dominant emotional profile suggests that it may contain elements of fear and uncertainty, but overall emotional intelligence is high. Manipulation tactics such as fear-mongering and rage-baiting are not present.",neutral,0.754430376,2.983917475
"In the 1970s, the swine flu broke out . . . under another Democrat, President Jimmy Carter.",1,0,"Real
REASONING: The statement contains high anger and fear, indicating it may be part of a deliberate attempt to manipulate emotions through inflammatory language. This could indicate a possible instance of fake news or propaganda.

Emotional Misinformation Patterns:
- High anger/fear + low neutrality = Strong misinformation indicator
- Extreme emotional intensity = Often correlates with fake news
- Balanced emotions + moderate intensity = Typical of factual reporting",surprise,0.768305909,3.645255327
"Says Paul Ryan voted for two wars that were unpaid for, voted for the Bush tax cuts that were unpaid for, voted for the prescription drug bill that cost as much as my health care bill -- but wasnt paid for.",0,0,"Real
REASONING: The statement ""Says Paul Ryan voted for two wars that were unpaid for, voted for the Bush tax cuts that were unpaid for, voted for the prescription drug bill that cost as much as my health care bill -- but wasnt paid for"" contains strong indicators of fake news, including high anger/fear, extreme emotional intensity, balanced emotions, and typical of factual reporting. This statement aligns with the known misinformation signature of fear-mongering and rage-baiting tactics. It also highlights the use of ambiguous language and vague promises to address longstanding issues without providing specific solutions. Overall, this statement presents a clear warning signal for potential misinformation.",neutral,0.298344739,4.893030882
"Since ObamaCare and the stimulus passed, the unemployment rate in the U.S. has increased.",1,0,"Real

REASONING: 
1. Compare textual content with similar training examples: The statement ""since ObamaCare and the stimulus passed, the unemployment rate in the US has increased"" contains anger and fear in its emotional context, which aligns with the known misinformation signature of anger and fear. Additionally, the statement mentions a specific event (""ObamaCare"") and the stimulus package (""stimulus""), which can be seen as inflammatory misinformation.

2. Analyze emotional patterns against known misinformation signatures: The statement's emotional context includes extreme emotions such as anger and fear, which are common indicators of fake news. The statement also mentions the unemployment rate increasing, which could be considered a typical indicator of false information.

3. Consider the combination of content + emotional context: The statement's emotional context is supported by the use of",anger,0.827764018,6.621917248
Says over 1 million signatures were submitted in attempt to recall Gov. Scott Walker.,1,1,"Real (FAKE)

REASONING: 
The statement ""Says over 1 million signatures were submitted in attempt to recall Gov. Scott Walker"" contains high anger/fear and low neutrality, indicating strong misinformation indicators. The statement also features balanced emotions and a moderate intensity, which suggests typical factual reporting. Additionally, the statement mentions six convictions being linked to an alleged misconduct by Governor Scott Walker, which may suggest a connection between his actions and the false claim made about him. These factors indicate that the statement is likely a deliberate attempt to spread misinformation.",neutral,0.799266841,4.2159338
Says Nevada lawmakers voted to allow teenaged boys to shower with your teenaged girls in public school locker rooms.,1,0,"Real
REASONING: The statement contains high levels of anger and fear, along with moderate emotional intensity that suggests it may be a deliberate attempt at misleading the audience. Additionally, the use of the word ""showers"" suggests that the statement is likely related to sexual activity rather than hygiene. The combination of these factors points towards a strong likelihood of falsehood.",neutral,0.716253283,2.619851828
Said that his batting average with Congress is higher than every other president since Dwight D. Eisenhower except Lyndon Johnson.,0,0,"Real
REASONING: 
The statement is true based on the given text material and emotional patterns analyzed. The dominant emotional profile indicates neutrality, while the overall emotional intensity is relatively low. This suggests that the statement is not likely to be intentionally false or misleading. However, there may still be instances where the statement could potentially be misinterpreted due to emotive language or sensationalism.",neutral,0.699206999,3.397047043
"Barack Obama ""extended health care for wounded troops who'd been neglected.""",0,1,"Real (FAKE)

REASONING:
The statement ""Barack Obama extended health care for wounded troops who had been neglected"" is a clear example of emotional misinformation. The use of strong anger and fear along with low neutrality indicates that the statement is likely to be false or highly misleading. Additionally, the statement contains several indicators of propaganda such as balanced emotions, moderate intensity, and a focus on the negative aspects of the policy. This suggests that the statement may contain deliberate attempts at deceiving the audience through emotional appeals. Overall, the statement exhibits a high level of emotional risk and should be treated with caution by fact-checkers.",neutral,0.775589016,4.663441896
Gov. Maggie Hassans budget proposal raises taxes on small businesses and increases taxes and fees by $100 million.,0,0,"Real
REASONING: 
The statement ""Gov. Maggie Hassans budget proposal raises taxes on small businesses and increases taxes and fees by $100 million"" presents a neutral emotional profile with high levels of anger, fear, and joy, indicating it may be a case of emotional misinformation. The statement also features a strong focus on the negative impact of the tax increase on small businesses, which aligns with typical misinformation tactics used to manipulate emotions. Additionally, the use of vague language and ambiguous phrasing may suggest the intention of the author to create confusion and uncertainty around the issue. However, the overall emotional risk detected suggests that the statement may not be entirely false, but rather intended to sow doubt and confusion among potential voters.",neutral,0.702311975,5.410046816
Guantanamo has never been a key component of ISIS or al-Qaida propaganda.,0,0,"Real
REASONING: The statement ""Guantanamo has never been a key component of ISIS or al-Qaida propaganda"" is consistent with the use of strong emotional intensity and balance in the text, which suggests that it may contain false information. This sentiment is reinforced by the high level of anger and fear present in the statement, along with a lack of neutrality. Additionally, the statement mentions the absence of political prisoners in Cuba, which could suggest that it contains misleading information about the country's human rights record. However, the overall emotional profile indicates that the statement is likely to be true, given its consistency with other training examples.",neutral,0.319805941,4.596400738
Says Florida is a model for successful pretrial release programs.,0,0,"Real
REASONING: The statement ""Says Florida is a model for successful pretrial release programs"" combines textual and emotional evidence to indicate that it is real. The statement's similarity to other training examples suggests that it may contain misleading information, such as claims about Florida's high tuition rates or its high funding levels for education. However, the overall emotional profile indicates that the statement is likely not intentionally false but rather reflects a lack of knowledge or concern about the topic. Additionally, the statement contains no manipulative tactics, suggesting that it may be genuine.",neutral,0.289959253,3.94303441
The unemployment rate among (the) non-college-educated is well into the double digits in America. Its 4 percent or 5 percent for people who have college degrees.,0,0,"REAL
REASONING: Based on the given statement, it appears that the unemployment rate among non-college-educated individuals is well into the double digits, indicating a significant increase in joblessness compared to previous years. The use of strong negative language (""more than half"") coupled with a lack of specific details about the demographic breakdown suggests that the information provided may be subjective and potentially misleading. Additionally, the high emotional intensity score indicates that the statement may contain manipulative tactics such as fear-mongering or rage-baiting. Overall, the statement seems to fall within the category of factual reporting, but its potential for misinformation could be mitigated by careful consideration of the emotional context surrounding the claim.",neutral,0.692007976,5.547977209
"In the past three years, we have prosecuted or brought more cases on access to public records than in the previous 12 years combined.",0,0,"REAL
REASONING: Based on the given statement, it can be inferred that the target statement is likely to be true based on its textual content and emotional context. The statement highlights the government's efforts towards improving access to public records, which is a positive development. Additionally, the use of neutral language and balanced emotional intensity suggest that the statement is not likely to be false or misleading. However, the statement also mentions a few instances where there may have been some issues with prosecuting or bringing cases on access to public records, indicating potential for misinformation. To further analyze the statement, we can consider the emotional patterns present in the text. The statement features strong anger and fear, along with moderate intensity in terms of balance. This suggests that the statement is likely to be perceived as potentially misleading if not handled appropriately. In terms of manipulation tactics, the statement uses rhetoric such as ""since",neutral,0.775039457,6.0482831
Says 94 percent of (Marco Rubios) constituents support a universal background check.,0,0,"REASONING: 

Target statement: ""Says 94 percent of Marco Rubio's constituents support a universal background check.""

Similar training examples:
Example 1 (similarity: 0.637): Text: ""The 90 percent statistic of supporting background checks, which has been debunked by multiple sources, was repeated by Rubio during his campaign rallies.""
Emotional profile: Dominant emotion: anger; emotion score: 0.09; overarching emotional intensity: 0.637

Example 2 (similarity: 0.621): Text: ""Ninety percent of Americans want their background check system strengthened and expanded to cover more than just firearms. This sentiment was echoed by Republican Senator Rand Paul, who said he would introduce legislation to expand background checks nationwide.""
Emotional",neutral,0.76425495,6.523302555
The property appraisers budget is $1 million less today than when I took office 16 years ago.,0,0,"REAL
REASONING: Based on the given text material, it appears that the statement ""The property appraisers budget is $1 million less today than when I took office 16 years ago"" is likely to be a real statement due to its similarity with other training examples and neutral emotional profile. Additionally, the statement's use of neutral language and lack of specific details suggest that it may not contain any significant misinformation indicators. However, the statement's high level of anger and fear combined with low neutrality could indicate potential manipulation tactics such as fear-mongering or rage-baiting. Overall, while the statement seems to be relatively true, additional analysis is required to confirm its veracity.",neutral,0.757789817,4.721408367
Says the former president of the Czech Republic said the American people were a confederacy of fools for electing Barack Obama.,1,1,"REASONING: 
The statement ""Says the former president of the Czech Republic said the American people were a confederacy of fools for electing Barack Obama"" is a real statement with strong misinformation indicators. The statement's emotional context aligns with known misinformation signatures, including fear-mongering, rage-baiting, and manipulation tactics. The statement's textual content contains several instances of anger, while its emotional profile shows dominance over joy, fear, joy, sadness, surprise, and neutral. Additionally, the statement combines elements of a falsehood, such as the use of the word ""confederacy,"" which can be used to create confusion and disorientation. Overall, the statement exhibits extreme emotional context and manipulative tactics, making it a prime example of a fake news story.",joy,0.965518476,6.244564533
"Demand for transportation choice is on the rise, with 14 percent more Ohioans riding passenger trains over the past year.",0,0,"Real
REASONING: 
The statement ""Demand for transportation choice is on the rise, with 14% more Ohioans riding passenger trains over the past year,"" presents a clear and compelling argument that supports the claim of increasing demand for public transportation services in Ohio. The use of statistics backed up by reliable sources such as the passage from the Bureau of Transportation Statistics provides strong evidence for the claim. Additionally, the statement's neutral tone and lack of any specific mention of political parties or ideologies reinforces its credibility. Furthermore, the high emotional intensity score indicates that the statement contains elements of fear and anxiety, which aligns well with the typical characteristics of misinformation. Overall, the statement meets all criteria for being considered real.",neutral,0.78280384,5.003235579
"The years that I was speaker, the Florida House consistently offered leaner budgets than the governor offered.",0,1,"REASONING: The statement ""The years that I was speaker, the Florida House consistently offered leaner budgets than the governor offered"" exhibits high levels of anger and fear, along with moderate intensity, indicating it may be a case of falsified information. This sentiment is further amplified by the use of inflammatory language such as ""leaner budgets,"" which suggests a deliberate attempt to create confusion and doubt among the audience. Additionally, the statement's use of negative emotions like anger and fear aligns with the known misinformation tactics used by political actors to manipulate public opinion. Finally, the statement's overall emotional intensity of 0.36 indicates that it could potentially be a case of emotional manipulation.",anger,0.3632598,5.422826529
"After Reagan took office, ""we didn't raise taxes and we didn't cut entitlements. What we did was we cut taxes.""",1,0,"REAL

REASONING:
The statement ""After Reagan took office, ""we didn't raise taxes and we didn't cut entitlements. What we did was we cut taxes."""" compares favorably to other examples analyzed in terms of textual content and emotional context. The statement highlights a dominant emotion of fear, which aligns with the overall emotional profile of the target statement. Additionally, the statement uses specific language to convey the intended message, such as ""what we did,"" indicating that it is a factual claim rather than a rumor or opinion. This suggests that the statement may be genuine and not part of a deliberate attempt at misinformation. Finally, the statement also includes emotional patterns consistent with those found in similar training examples, including high levels of anger and fear. Overall, this statement meets the criteria for being real and can be classified as such based on its textual",fear,0.740355289,6.017061949
Says six studies verify that the math adds up for Mitt Romneys tax plan.,1,0,"REAL
REASONING: Based on the textual content and emotional patterns analyzed, it can be concluded that the statement ""Says six studies verify that the math adds up for Mitt Romneys tax plan"" is real and not fake. The statement's high anger and balance of emotions suggest that it may contain misleading information. The combination of content and emotional context reveals that the statement is likely to be a deliberate attempt at manipulating emotions through fear-mongering and rage-baiting. Additionally, the statement mentions the Massachusetts health care law and the federal health care law, which have been subject to criticism from critics who argue they will result in higher costs for middle-class families.",joy,0.794996185,4.961813927
"Says if the (Iran nuclear) deal gets rejected, they still get $150 billion.",0,1,"Real (FAKE)
Reasoning: 
1. Compare textual content with similar training examples: The statement mentions the Iran nuclear deal getting rejected, which aligns with the similarity score of 0.560. However, the statement also mentions borrowing almost $60 billion per week, which contradicts the similarity score of 0.554. This suggests that the statement may contain some misleading information about the Iranian economy.
2. Analyze emotional patterns against known misinformation signatures: The statement contains high anger/fear and low neutrality, indicating that it may have been intentionally crafted to evoke strong emotions from its audience.
3. Consider the combination of content + emotional context: The statement mentions the federal government borrowing almost $60 billion per week, which could indicate financial instability or economic crisis. Additionally, the statement mentions saving $125 billion in simply not giving",surprise,0.253974691,6.145181179
"Russia has tremendous numbers of nuclear warheads 1,800, by the way where they expanded, and we didnt.",0,0,"Real
Reasoning: 
1. Compare textual content with similar training examples, noticing that the statement mentions the expansion of Russian nuclear weapons and highlights their presence in several countries, including the US. This suggests that it may be a deliberate attempt at spreading false information.
2. Analyze emotional patterns against known misinformation signatures, finding that the statement contains high levels of anger and fear combined with low neutrality, indicating that it could potentially be a case of emotional manipulation.
3. Consider the combination of content + emotional context, noting that the statement also includes references to the US's possession of nuclear weapons and its potential use against Western European countries. This suggests that it may have been intentionally crafted to create a sense of urgency and danger around nuclear proliferation.
4. Lastly, look for any manipulation tactics (e.g., rage-baiting,",sadness,0.345669927,6.510988951
"Shes voted for 60 tax increases, hurting the middle class and small businesses.",1,0,"REAL
REASONING: Based on the textual content and emotional patterns analyzed, it can be concluded that the statement ""She has voted for 60 tax increases, hurting the middle class and small businesses,"" is likely a FAKE statement. The statement's similarity to other similar examples indicates that it may contain manipulative tactics such as fear-mongering or rage-baiting. Additionally, the dominant emotion of sadness and high emotional intensity suggest that the statement may be a product of misinformation.",sadness,0.857333295,3.586823463
Says Peter Kilmartin has only three years experience in his own law practice.,1,1,"Real (FAKE)

REASONING:
The statement ""Says Peter Kilmartin has only three years experience in his own law practice"" is a clear example of emotional misinformation. The use of strong negative emotions such as sadness and fear coupled with low neutrality indicates that the statement is likely to be false. Additionally, the statement's focus on Kilmartin's lack of experience suggests that it may be part of a broader narrative about him being unqualified or incompetent. This could be used to promote a particular political agenda or distract from more pressing issues. In contrast, the statement ""Well over 90% of felony cases, all over the nation, are committed by defendants who grew up in poverty,"" which presents a more balanced picture of criminal justice reform efforts, is a good example of emotional misinformation. It uses a mix of positive and negative emotions,",sadness,0.889818843,6.013170719
On a balanced budget amendment.,1,0,"REAL
REASONING: The statement ""On a balanced budget amendment"" has a dominant emotional profile of joy, with an overall emotional intensity score of 0.90. This suggests that it may be a genuine claim about a specific policy proposal, rather than a deliberately false statement. Additionally, the statement's textual content aligns well with other examples from the same source, indicating that it likely originated from a trustworthy source. Finally, the statement's emotional context, which includes the use of joy and happiness, suggests that it may have been intentionally crafted to evoke positive emotions in its audience.",joy,0.89624989,5.359226704
Rhode Island has the worst maintained bridges in the United States of America . . . and we have the second worst maintained roads [behind] Alaska.,0,0,"Real
REASONING: The statement ""Rhode Island has the worst maintained bridges in the United States of America... and we have the second worst maintained roads behind Alaska,"" while not entirely false, contains significant emotional context that suggests it may be a deliberately misleading statement. The use of strong anger and fear in the text alongside moderate intensity and balanced emotions suggest that the author is intentionally trying to create a sense of urgency and panic around the topic. Additionally, the mention of Alaska further emphasizes the comparison between the two states' road conditions, which could potentially lead to confusion and misinterpretation. Overall, the combination of textual and emotional evidence suggests that the statement is likely intended to manipulate emotions and spread misinformation about Rhode Island's infrastructure.",neutral,0.676052056,5.231399059
Nearly one in four people in their prime working years are not working.,0,0,"Real
REASONING: 
The dominant emotional profile indicates that the statement is likely to be true based on its neutral tone and lack of overt propagandistic elements. The textual content also aligns with other similar training examples, indicating that it is most likely to be false. Additionally, the combination of content and emotional context suggests that there may have been manipulative tactics employed by the author. However, further investigation is necessary to confirm this assessment.",neutral,0.710146053,3.455361605
"Says Ohios I-X Center used to be a great plant, but thousands of people of worked here, and they left when their jobs were moved overseas.",1,0,"REAL
REASONING: Based on the text material analyzed, it appears that the statement ""Says Ohios I-X Center used to be a great plant, but thousands of people of worked here, and they left when their jobs were moved overseas"" contains strong indicators of misinformation. The use of angry language and extreme emotional intensity suggest that the statement may contain false information. Additionally, the statement mentions the loss of thousands of jobs, which suggests that the claim about the plant's success may have been exaggerated. Furthermore, the statement includes references to foreign countries, which could indicate a lack of understanding of the economic impact of the plant's closure. These factors contribute to the overall impression that the statement is likely to be false.",sadness,0.947863515,4.953693151
I just want to assure [you] were not talking about cutting Medicare benefits.,0,0,"REASONING: Based on the given target statement, ""I just want to assure you were not talking about cutting Medicare benefits,"" we can conclude that it's a REAL statement with no signs of being faked. The dominant emotional profile indicates that the statement is neutral, while the overall emotional intelligence score is 0.67, indicating a high level of trustworthiness. Additionally, the combination of textual content and emotional patterns suggests that the statement is likely from a credible source and may contain some manipulative tactics, such as fear-mongering or rage-baiting.",neutral,0.673962191,4.094131708
"In some states, it is still legal to deny a woman coverage because she's been the victim of domestic violence.",0,0,"REAL
REASONING: Based on the similarity between the target statement and similar training examples, we find that the statement is likely to be true based on its content and emotional context. Specifically, the statement highlights the issue of domestic violence being considered a pre-existing health condition and women having to pay 50% more for insurance coverage due to their status as victims. This suggests that the statement is likely to be true given the context of the topic discussed. Additionally, the statement mentions the Violence Against Women Act, which has been in place since 1994 and has helped address issues related to domestic violence. These factors support the label REAL. In terms of emotional profiling, the dominant emotion is neutral, indicating that there is little evidence of fear, anger, or other strong emotions present in the statement. However, the overall emotional intensity is high at 0.71, suggesting that the statement may",neutral,0.710973583,6.546133995
Says he earned the highest possible credit ratings as state treasurer.,0,1,"REASONING: 

Emotional Misinformation Patterns:
- High anger/fear + low neutrality = Strong misinformation indicator
- Extreme emotional intensity = Often correlates with fake news
- Balanced emotions + moderate intensity = Typical of factual reporting

Similar Training Examples:
- Text: ""The STAR Ohio fund just received the highest possible credit ratings as state treasurer.""
- Emotion: Neutral (Intensity: 0.36) (Low emotional tone - typical of factual reporting)
- Example 1 (similarity: 0.548)
- Text: ""The STAR Ohio fund just received the highest possible credit ratings one of these funds can receive....""
- Emotion: Neutral (Intensity: 0.48) (Low emotional tone - typical of factual",neutral,0.571576858,6.054759264
Says stimulus money went to buy electric cars from Finland as a payback to Obama supporters.,1,1,"Real (FAKE)
Reasoning: 
The statement ""Says stimulus money went to buy electric cars from Finland as a payback to Obama supporters"" contains strong indicators of fake news, including extreme emotional intensity, balanced emotions, and a lack of neutrality. The statement also features manipulative tactics such as fear-mongering and rage-baiting, which can be used to manipulate audiences into believing falsehoods. This statement is likely to be part of a larger campaign aimed at undermining trust in government institutions and promoting conspiracy theories.",joy,0.821312465,4.622588396
Says state Senate recall challenger Sandy Pasch voted to cut school aid by nearly $300 million.,0,1,"REASONING: 
The statement ""Says state Senate recall challenger Sandy Pasch voted to cut school aid by nearly $300 million"" is a real statement with neutral emotional context. The dominant emotional profile indicates that it is not likely to be a fake news article, as there is no significant evidence of fear, anger, or joy. The overall emotional risk detected is low, indicating that the statement is unlikely to be intentionally misleading. The combination of textual and emotional evidence suggests that the statement was produced through manipulative tactics such as fear-mongering or rage-baiting.",neutral,0.384002104,4.214372396
Says Texas does not regulate the appearance of some kinds of imitation firearms sold in Texas.,0,1,"REASONING: The statement ""Says Texas does not regulate the appearance of some kinds of imitation firearms sold in Texas"" is a FAKE due to high levels of anger and fear combined with low neutrality and moderate intensity. This indicates that the statement may be part of a deliberate attempt to manipulate emotions through fear mongering or rage baiting techniques. The combination of these factors suggests that the statement is likely false or misleading, and should be treated with caution by readers.",joy,0.391547031,3.440668106
"Because of (U.S. Sen.-elect Ron) Johnsons leadership, Senate Republicans adopted a caucus ban on earmarks.",0,1,"REASONING: 
The statement ""Because of U.S. Sen.-elect Ron Johnson's leadership, Senate Republicans adopted a caucus ban on earmarks,"" compares favorably to other examples analyzed in terms of its textual content and emotional context. The statement contains neutral emotional intensity, indicating it may not be a strong indication of fake news. However, the combination of content and emotional context suggests that there may be some manipulation tactics employed by the author, such as fear-mongering or rage-baiting. The reason for this classification is based on the analysis of the given material, which includes textual content, emotional patterns, and known misinformation signatures.",neutral,0.726861231,5.305487394
"The Mormon religion has ""a plan that will see the Constitution thrown out and replaced by a theocracy.""",1,1,"Real (FAKE)

REASONING: 
1. Compare textual content with similar training examples: The statement ""The Mormon religion has ""a plan that will see the Constitution thrown out and replaced by a theocracy."""" contains elements of fear and anger, which are typical signs of misinformation. Additionally, the statement mentions the Constitution being thrown out, which is a common tactic used in false claims about U.S. History.
2. Analyze emotional patterns against known misinformation signatures: The statement's use of extreme emotional intensity (""anger"") and balance between emotions (""neutrality"") indicate it may be part of a larger campaign of misinformation aimed at influencing public opinion.
3. Consider the combination of content + emotional context: The statement uses both textual content and emotional patterns to create a false impression. This suggests that the author may have intentionally created a narrative that",anger,0.966521529,6.101438761
"More people hunt and fish in Texas in a given year than attend the... games of the Dallas Cowboys, the Dallas Mavericks, the Houston Texans and the Houston Rockets combined.",0,1,"REASONING: 
The statement ""More people hunt and fish in Texas in a given year than attend the... games of the Dallas Cowboys, the Dallas Mavericks, the Houston Texans and the Houston Rockets combined"" falls into the category of FAKE due to its high level of emotional intensity and negative sentiment towards sports events. The combination of high anger and low neutrality indicates that it may be intentionally designed to create a sense of fear and uncertainty among the target audience. Additionally, the use of fear-mongering language (""more"") and rage-baiting (""in a given year""), coupled with the absence of specific details about the types of sports events attended, suggests that the author may be attempting to manipulate the reader's emotions through emotive language. This tactic is commonly used by misinformation campaigners to increase their perceived credibility and appeal to a particular group of people. Finally, the overwh",neutral,0.589784177,6.563674212
"Says Michele Bachmann said, The Chinese built a Great Wall 5,000 years ago. You dont see any illegal Mexicans in China.",1,0,"REAL
REASONING: Based on the textual content and emotional patterns analyzed, we can conclude that the statement is likely to be a real claim about the construction of the Great Wall of China by Michele Bachmann, who claimed that it was built 5,000 years ago. This claim is supported by the use of historical facts such as the existence of the Great Wall of China and the fact that no other country has built a wall of the same size and complexity. Additionally, the statement's tone is one of skepticism and doubt towards Bachmann's claims, which aligns with typical misinformation tactics used in fake news. Finally, the statement's emotional intensity is high, indicating that it may contain elements of fear or anger, which are commonly found in misinformation.",fear,0.983591342,5.216040373
"It will cost $50,000 per enrollee in Obamacare over the next 10 years.",1,0,"Real
REASONING: The statement contains strong indicators of being a real statement, including high anger/fear, extreme emotional intensity, balanced emotions, and a lack of typical misinformation tactics such as fear-mongering or rage-baiting. It also aligns with known misinformation signatures, such as the use of vague language and a focus on job losses rather than actual costs.",surprise,0.822370404,3.367804527
"Of $60 billion Congress approved in response to Hurricane Sandy, only 10 percent was for disaster relief.",1,0,"REAL
REASONING: Based on the given text material, it can be concluded that the statement ""Only 10% of $60B Congress approved in response to Hurricane Sandy was allocated for disaster relief"" is a real statement, as it contains strong indicators of truthfulness such as balanced emotions and neutral intensity. The statement also mentions specific figures, which suggests that it has been verified by reliable sources. Additionally, the use of emotional context, specifically the mention of fear and sadness, reinforces the claim's credibility.",sadness,0.938988811,3.775139093
"Since 2004, there have been some 1,300 attacks (on rail targets). Four thousand people have died. Thousands of injuries.",1,0,"REAL
REASONING: Based on the given statement, it can be inferred that the target statement is a real report about recent attacks on rail targets. The use of strong emotional language (""since 2004, there have been some 1,300 attacks"") coupled with a focus on deaths and injuries suggests that the statement is likely to contain true information. Additionally, the high level of anger and fear present in the statement's emotional context indicate that it may be a case of deliberately spreading misinformation. This reasoning supports the label of REAL.",fear,0.861339057,3.881987572
Californias Proposition 63 would CRIMINALIZE the sharing of ammunition between friends who may be hunting or shooting together.,1,0,"REAL
REASONING: The statement ""Californias Proposition 63 would CRIMINALIZE the sharing of ammunition between friends who may be hunting or shooting together"" contains strong indicators of fake news, including high anger/fear, extreme emotional intensity, balanced emotions, and a lack of neutrality. This suggests that it likely originated from a politically motivated source or is being spread intentionally to deceive readers. The combination of these factors indicates that the statement is likely to contain misleading information or propaganda designed to manipulate public opinion.",joy,0.962697985,4.395231009
The price of gasoline was at $1.85 a gallon when President Barack Obama took office and has since nearly doubled because of his policies,1,0,"REAL
REASONING: The target statement is consistent with the training data, including similars that highlight the dominance of joy in the emotional profile and the high levels of anger and extreme emotions. Additionally, the statement's use of neutral language and lack of specific details suggest it may be a case of misinformation rather than factual reporting.",joy,0.967944078,2.445255756
Says U.S. Senate candidate Tommy Thompson says hell do away with Medicare.,0,0,"REAL
REASONING: Based on the given text material, it appears that the statement ""Says U.S. Senate candidate Tommy Thompson says hell do away with Medicare."" is a real statement with a neutral emotional profile. The dominant emotion is neutral, while the overall emotional intensity is 0.45, indicating a low risk of misinformation. Additionally, the text contains no manipulative tactics such as fear-mongering or rage-baiting. Therefore, we can conclude that the statement is likely to be true based on its textual content alone.",neutral,0.448831794,3.832102776
"The national economic recovery has led to higher than expected tax revenues and projected budget surpluses in nearly every state in the nation, including Wisconsin.",0,1,"REASONING: The target statement ""The national economic recovery has led to higher than expected tax revenues and projected budget surpluses in nearly every state in the nation, including Wisconsin,"" is a real statement based on textual content and emotional patterns. The dominant emotional profile indicates neutral dominance, with emotional scores ranging from 0.16 to 0.33, indicating a lack of significant emotional risk. The overall emotional intensity is 0.55, which suggests a relatively low emotional risk compared to other similar training examples. The combination of content and emotional context reveals the use of fear-mongering tactics in the form of the phrase ""projected budget surpluses"" and the mention of Wisconsin specifically. However, there is no clear indication of deliberate manipulation or falsehoods.",neutral,0.546975963,5.937555075
More businesses are closing than opening in Virginia today.,1,0,"Real
REASONING: 
The text material contains high levels of fear and negative emotions, particularly anger and sadness, which aligns with typical signs of fake news. The use of strong misinformation tactics such as rage-baiting and fear-mongering also supports the label of FAKE. Additionally, the lack of balance in emotional intensity suggests that the statement may be intentionally designed to create fear among readers. This analysis provides valuable insights into how to identify and combat false information.",fear,0.701991314,3.413371325
Gov. Rick Perry has overseen the highest Texas unemployment in 22 years.,0,1,"REASONING: 
The statement ""Gov. Rick Perry has overseen the highest Texas unemployment in 22 years"" is a real statement based on textual content analysis. The statement's emotional context indicates that it is likely to be true due to its high level of anger and fear, which align with the known misinformation signatures. Additionally, the statement contains balanced emotions, indicating that it may be typical of factual reporting. However, there are some potential manipulation tactics present, such as fear-mongering and rage-baiting, which could potentially skew the results.",neutral,0.798989157,4.095595837
The Florida Department of Agricultures website FreshFromFlorida.com can be used to get a permit to carry a loaded hidden gun without ever leaving your house.,1,0,"REAL
REASONING: The statement ""The Florida Department of Agriculture's website FreshFromFlorida.com can be used to obtain a permit to carry a loaded hidden gun without ever leaving one's home"" follows the typical pattern of falsely claiming that such permits are available without any restrictions. The statement contains a strong indication of fear mongering, with the use of the word ""loaded"" and the mention of a ""large-capacity ammunition magazine"". Additionally, the statement uses emotive language such as ""shoot bears out of the second floor"", which suggests a lack of caution or concern for safety. This combination of content and emotional context points towards the statement being a deliberately misleading piece of information designed to create panic and fear among potential gun owners.",sadness,0.988530613,5.777477026
Unemployment rate dropped in every state that elected a Republican gov. in 2010,0,0,"Real
REASONING: The textual content and emotional patterns indicate that the statement is likely true based on its neutral tone, lack of fear or anger, and balanced emotional intensity. The combination of these factors suggests that the statement may be factually accurate. However, there are some potential manipulation tactics present, such as fear-mongering and rage-baiting, which could potentially skew the analysis towards a false conclusion.",neutral,0.431626016,3.059384823
It is truethat we know that ISIS is present in Ciudad Juarez (Mexico),1,0,"Real

REASONING:
1. Textual Content Analysis: The statement mentions the presence of ISIS in Ciudad Juárez, which is a known fact. However, the statement also contains negative emotions such as anger and fear, indicating that it may be part of a deliberate attempt at spreading misinformation. This could be due to the use of sensational language or the intention to create fear among the audience.

2. Emotional Pattern Recognition: The statement uses strong emotional intensity indicators such as anger, fear, and sadness, which are commonly associated with fake news. Additionally, the statement highlights the prevalence of ISIS in other parts of the world, further strengthening its credibility.

3. Manipulation Tactics: The statement includes several instances where the author tries to manipulate the reader's emotions by using rhetoric and hyperbole. For example, the sentence",sadness,0.880029124,6.597479105
It turns out that Texas has an $18 billion budget shortfall and cant afford its new science textbooks.,0,0,"REASONING: 
The statement ""It turns out that Texas has an $18 billion budget shortfall and cannot afford its new science textbooks,"" compares favorably to other similar training examples in terms of textual content and emotional context. The statement's dominant emotion is neutral, indicating that it does not contain any significant emotional risks. However, the overall emotional intensity is high, indicating that it may be susceptible to manipulative tactics such as fear-mongering or rage-baiting. In contrast, the statement ""Says an estimate that Texas will face an $18 billion budget gap is a number that somebody just reached..."", while also containing some negative emotions (anger), lacks the same level of emotional intensity. This suggests that the author may have used more subtle techniques to convey their message, such as using humor or irony. Finally, the statement ""Says the Texas State",neutral,0.75317716,6.054603338
Wisconsins rainy day fund is 165 times bigger than when we first took office.,0,0,"REASONING: 
The statement ""Wisconsins rainy day fund is 165 times bigger than when we first took office"" is a FAKE due to its high anger and fear emotionally profile, which indicates it may be part of a deliberate attempt to manipulate public opinion. The statement also contains several manipulative tactics such as fear-mongering and rage-baiting. Additionally, the statement's similarity to other similar training examples suggests that it may have been intentionally crafted to evoke strong emotions and mislead the reader.",neutral,0.543829648,4.333160877
Minnesota has passed and Indiana has passed right to work laws making union membership and dues optional,0,1,"REASONING: The statement ""Minnesota has passed and Indiana has passed right to work laws making union membership and dues optional"" is considered REAL due to its neutral textual content and high neutrality score. However, it also contains some signs of fake news, such as the use of fear-mongering language and the mention of union members being forced out of their jobs. Additionally, the statement's overall emotional risk level is low, indicating that it may not be intentionally misleading. This suggests that the statement likely originated from a source with a strong anti-union agenda.",neutral,0.367874584,3.942918777
25 percent of our economy is the financial sector.,1,0,"REASONING: 

Target statement: ""25 percent of our economy is the financial sector.""

Similar training examples:
- Text: ""We now consume at the federal level 25 percent of the gross domestic product. Historically we were a..."". Similarity: 0.623
- Text: ""Says that under President John F. Kennedy, government took up 27 percent of the economy, and today I..."". Similarity: 0.597
- Text: ""The richest 1 percent have more financial wealth than the bottom 95 percent combined...."" Similarity: 0.588
- Text: ""In the last four years, our economy has grown on average 0.9 percent a year. In the same period, the finaci..."". Similarity: 0.576
- Text: ""We have the highest corporate tax",joy,0.887685855,6.074326754
"Says Vladimir Putin said, President Obama and his fellow Democrats are either idiots or deliberately trying to destroy their own economy.",1,0,"Real
REASONING:
The statement ""Says Vladimir Putin said, President Obama and his fellow Democrats are either idiots or deliberately trying to destroy their own economy,"" contains strong indications of falsity due to its extreme emotional intensity and manipulative use of fear-mongering tactics. The statement also highlights the presence of a high level of anger, which suggests that it may be part of a larger campaign of propaganda aimed at undermining confidence in the government's economic policies. Additionally, the statement includes references to the Saudi Arabian oil supply, which could indicate a possible attempt by the author to create a false narrative around energy policy. Overall, the combination of textual and emotional evidence points towards the statement being a clear example of fake news.",sadness,0.920515655,5.707648993
Ive shut down pill mills.,1,0,"REAL
REASONING: Based on the given text material, it appears that the statement ""Ive shut down pill mills"" is likely a real claim made by the speaker. The use of strong anger and extreme emotional intensity suggest that the statement is likely misleading or false. Additionally, the statement mentions the government purchasing breast pumps for infants, which could indicate a potential connection between the speaker's beliefs and the topic at hand. Overall, the combination of textual content and emotional context suggests that the statement is likely true and not a fabrication.",fear,0.849958071,3.83129096
Claims credit for food tax reductions that previous Democrat regimes refused to make.,1,0,"Real
REASONING: 
The statement claims credit for reducing food taxes while previously Democratic governments had refused to do so. The author's emotional context suggests a strong likelihood of misinformation due to their use of anger and fear. Additionally, the statement highlights the author's opposition to increased government spending, which can be indicative of propaganda tactics used by politicians seeking to manipulate public opinion.",anger,0.800249858,3.110280752
"If 20 million illegals vote, you can kiss the Second Amendment goodbye.",1,1,"Real (FAKE)
REASONING: 
1. Compare textual content with similar training examples: The statement ""If 20 million illegals vote, you can kiss the Second Amendment goodbye,"" contains elements of both realism (""illegal"") and fantasy (""kiss""). This suggests that it may be a mix of true and false information.

2. Analyze emotional patterns against known misinformation signatures: The statement includes strong emotional intensity indicators such as anger, fear, and joy. These emotions are commonly found in misinformation, which often uses hyperbole or exaggeration to create a sense of urgency or drama.

3. Consider the combination of content + emotional context: The statement also features a high level of anger and fear, which aligns with the typical emotional context of misinformation. Additionally, the use of the word ""vote"" suggests that the statement is",joy,0.85453888,6.320103884
We pay among the highest tolls in the nation for the privilege of crossing that bridge.,0,1,"REASONING: 

Emotional Misinformation Patterns:
- High anger/fear + low neutrality = Strong misinformation indicator
- Extreme emotional intensity = Often correlates with fake news
- Balanced emotions + moderate intensity = Typical of factual reporting

Similar Training Examples:
Example 1 (similarity: 0.517): Text: ""Rhode Islanders pay among the highest auto repair bills in the nation....""
Subject: Unknown
Emotion: Neutral (Intensity: 0.62)
Overall emotional intensity: 0.62
Low emotional risk detected

Example 2 (similarity: 0.510): Text: ""Texans pay the sixth-highest property tax in the nation....""
Subject: Unknown
Emotion: Neutral (",neutral,0.690960384,7.068965912
"As Dane County executive, Kathleen Falk raised property taxes by millions of dollars every year and approved the second highest increase in the state in 2010.",0,1,"REASONING: Based on the text material analyzed, it appears that the statement ""As Dane County Executive, Kathleen Falk raised property taxes by millions of dollars every year and approved the second highest increase in the state in 2010,"" is a FAKE due to its high anger/fear+low neutrality indicators. The statement also contains balanced emotions, indicating that it may be a STRONG misinformation indicator. Additionally, the statement's similarity to other similar examples suggests that it may have been intentionally manipulated to create fear and confusion among the target audience.",neutral,0.762060194,3.960566998
On releasing photographs depicting the abuse of prisoners.,1,0,"Real
REASONING: The statement ""On releasing photographs depicting the abuse of prisoners"" contains strong indicators of factual reporting, including neutral emotional intensity and balanced emotions. The statement also mentions the use of meditation and prayer in the prison system, which may suggest a more nuanced perspective than the one presented in the training data. Additionally, the statement highlights the importance of public safety through the installation of red light cameras, which aligns with the intended purpose of the training data. However, there are some instances of overly emotional language, such as ""shocking revelations,"" which could indicate a lack of balance or sensitivity to emotional impact. In summary, while the statement presents a clear and compelling argument, it lacks the necessary balance and nuance to be considered a true representation of reality.",sadness,0.824074389,5.513361454
Have the suburbs been inundated with former residents of Atlanta housing projects? Absolutely not.,0,0,"Real
REASONING: The statement is a clear example of emotional misinformation, characterized by high levels of anger and fear combined with low neutrality and moderate intensity. This indicates that it is likely to be false and should be taken with caution.",neutral,0.709271746,2.27220726
Did you know ObamaCare will cost nearly twice as much as initially expected -- $1.8 TRILLION?,1,0,"REAL
REASONING: Based on the given text material, it appears that the statement ""Did you know ObamaCare will cost nearly twice as much as initially expected — $1.8 TRILLION?"", which was analyzed using the same framework as described above, is likely a real claim due to its strong emotional context and high anger score. The statement's use of fear-mongering language and mention of job losses suggests that it may be related to the passage about the potential impact of Obamacare on the economy. Additionally, the statement's use of the word ""adds"" suggests that there could be additional costs associated with implementing the law. However, further analysis of the text material would be necessary to fully understand the full implications of these claims.",anger,0.832344944,5.06038022
A couple of hundred American cities are infested by members of the Mexican cartels.,0,0,"Real
REASONING: The statement ""A couple of hundred American cities are infested by members of the Mexican cartels"" contains high anger/fear combined with moderate intensity, which indicates that it is likely to be a factual report rather than a fake news piece. This is supported by the fact that the statement has a neutral emotional profile and no other notable manipulation tactics. Additionally, the statement's similarity to other similar training examples suggests that it may not be a deliberately false claim but rather reflects a natural phenomenon.",joy,0.463056979,3.590740442
Social Security took seven years before anybody got the first check.,1,0,"Real
REASONING: 
The statement ""Social Security took seven years before anybody got the first check"" has a strong negative emotion score of anger (0.85), which suggests that it contains inflammatory misinformation. The statement also features extreme emotional intensity, with balanced emotions and moderate intensity. This suggests that it may be a case of fear-mongering or rage-baiting, where the author uses intense emotions to manipulate their audience into believing something false. Additionally, the statement's similarity to other training examples highlights its potential use in propaganda campaigns. Finally, the statement's overarching emotional profile of anger and high fear suggests that it could be used to create a sense of urgency and danger around social security issues.",anger,0.852276648,5.692909479
Senate Democrats have never held up a Supreme Court nomination.,0,1,"REASONING: 
The statement ""Senate Democrats have never held up a Supreme Court nomination"" is a FAKE due to its high anger/fear+low neutrality indicators, balanced emotions, and lack of specifics about the nominee's qualifications. The statement is likely propaganda designed to create fear among voters and suppress progressive candidates.",neutral,0.756535029,2.733387947
"John McCain ""said publicly that Hillary Clinton would make a good president.""",0,0,"REASONING: 
The statement ""John McCain'said publicly that Hillary Clinton would make a good president'"" is a real statement based on textual content analysis. The emotional context provided by the similarity score of 0.711 indicates that it shares some similarities with the target statement ""Hillary Clinton agreed with John McCain on voting for the war in Iraq."" However, the overall emotional risk detected suggests that there may be some manipulation tactics present, such as fear-mongering or rage-baiting. This leads us to conclude that the statement is likely a fake news report.",neutral,0.500888205,4.274725437
I supported the surge when you didn't.,1,0,"Real
REASONING: 
The statement ""I supported the surge when you didn't"" contains high anger and extreme emotional intensity, which suggests it may be a case of falsified information. The use of the word ""surge"" also highlights its potential misleading nature, as it implies a specific event rather than a general policy. Additionally, the use of the phrase ""fully"" in the sentence suggests that the speaker was aware of the limitations of the policy being discussed, further reinforcing the impression of falsehood. Overall, the combination of textual and emotional evidence points towards the statement being likely to be a form of misinformation.",fear,0.866968332,4.747224331
The growth rate of women-owned businesses in Texas has nearly doubled that of the nation since President Obama has taken office.,0,1,"FAKE
REASONING: The statement ""The growth rate of women-owned businesses in Texas has nearly doubled that of the nation since President Obama has taken office,"" while not entirely false, contains significant emotional misinformation due to its high level of anger and fear. The use of the word ""nearly"" suggests a potential increase in percentage rather than absolute numbers, which could be interpreted as a positive trend. Additionally, the mention of ""additional"" women-owned businesses further emphasizes the potential impact of the president's policies. These factors suggest that the statement may contain misleading information designed to create a sense of urgency or fear among readers.",neutral,0.670417639,4.342392683
Says he posted a win in the Republican Party of Wisconsin endorsement contest in the U.S. Senate primary.,0,0,"REASONING: Based on the textual content and emotional patterns analyzed, we conclude that the statement is likely a FAKE due to its extreme emotional intensity, high anger/fear, and balance between emotions. The combination of these factors suggests that the author may have intentionally used fear-mongering techniques to manipulate readers' emotions.",neutral,0.711885176,2.431839228
Atmospheric conditions could push a footballs pressure down approximately one-and-a-half pounds per square inch.,0,1,"REASONING: 
The statement ""Atmospheric conditions could push a football's pressure down by approximately one-and-a-half pounds per square inch,"" is a real statement based on the given text material. The high anger/fear and low neutrality emotional patterns indicate that the statement is likely to be misleading or false. Additionally, the balanced emotions and moderate intensity suggest that the statement may contain some truth but also contains exaggerations or embellishments. This suggests that the statement is likely to be part of a larger campaign of misinformation designed to create fear and panic among sports fans.",neutral,0.608974371,4.689383984
On whether the Iraq War was a mistake.,0,1,"REASONING: 

The statement ""On whether the Iraq War was a mistake,"" which has been analyzed based on its textual content and emotional context, falls into the category of FAKE due to high levels of anger and fear combined with low neutrality. This sentiment is typical of misinformation, where emotions play a significant role in shaping the message being conveyed. Additionally, the statement's use of strong emotive language such as ""tragic mistake,"" ""war in Iraq,"" and ""regime change"" further reinforces the misleading nature of the information presented. Overall, the combination of textual and emotional evidence suggests that the statement is likely to be deceptive and intended to manipulate audiences.",neutral,0.281393089,4.852122784
"Says the state auditor found that 37 percent of the 428,000 students receiving free and reduced-price lunches are ineligible.",1,1,"Real (FAKE)
REASONING: 
The statement ""Says the state auditor found that 37% of the 428,000 students receiving free and reduced-price lunches are ineligible"" contains a strong indication of FAKE information due to its extreme emotional intensity and balance of emotions. The statement highlights the issue of eligibility rates being skewed towards low-income families, which can be seen through the use of fear-mongering language (""highly ineligible"") and balancing it out with neutrality (""only 22%""). Additionally, the statement's use of the word ""receive"" suggests that there may be some form of government intervention involved, which could potentially lead to further propaganda. Overall, the statement provides ample evidence for the claim that 37% of students receiving free and reduced-price lunches are",anger,0.955213109,6.540456533
"On the question on the DREAM Act, no -- no to granting lower tuition to illegals.",1,0,"REAL
REASONING: Based on the given text material, it can be concluded that the statement ""On the question on the DREAM Act, no -- no to granting lower tuition to illegals"" is a real statement, as it contains strong indicators of truthfulness such as balanced emotions and neutrality, as well as a strong emotional context that aligns with the target sentiment of being opposed to granting lower tuition to illegals. The statement also features a dominant emotion of fear, indicating that it may contain misleading information or propaganda designed to create fear among its audience.",fear,0.815238653,4.089694023
The federal government has made investments in science and technology inventing the products that led to the creation of Google.,0,1,"Real (FAKE)
REASONING: The statement ""The federal government has made investments in science and technology inventing the products that led to the creation of Google"" is a clear example of emotional misinformation. The statement's high anger/fear combined with low neutrality indicates it may be propaganda intended to manipulate public opinion. The statement also features balanced emotions, which suggests it may not be intentionally false but rather reflective of real-world events. Additionally, the statement's use of strong emotional language (""joy"") and its focus on the government's role in creating innovative technologies further supports the claim being misleading.",joy,0.396166325,4.624866486
We will be the first party to elect a bald guy to governor.,1,0,"Real
REASONING: The statement contains strong indicators of being a real statement, including balanced emotions and neutrality in emotional intensity. Additionally, it highlights the use of humor and satire in its tone, which can also indicate truthfulness. The statement's focus on the potential impact of a bald man becoming governor suggests that it may contain some level of misinformation, but the overall emotional profile indicates that it is more likely to be true than false.",joy,0.816423938,3.35895896
The president released all of the oil from the Strategic Oil Reserve.,1,1,"Real (FAKE)
REASONING: The statement ""The president released all of the oil from the Strategic Oil Reserve"" is highly likely to be a false claim due to its extreme emotional intensity, particularly in terms of anger and fear. This sentiment is commonly found in misinformation, which can be seen through the high score for anger (0.70), while fear is also present in the overall emotional intensity score of 0.89. Additionally, the statement contains strong indicators of rage-baiting and fear-mongering, such as the use of the word ""crippling"" and the mention of Iran. These factors suggest that the statement may be intentionally designed to create panic and hype around a potential event, rather than being based on actual facts.",sadness,0.894872292,5.186530113
"Says Barack Obama is a hypocrite for criticizing President George W. Bushs drone attack program, then using it aggressively as president.",1,0,"Real
REASONING: The statement contains strong indicators of being a real statement, including high anger and fear combined with moderate intensity, balanced emotions, and no notable manipulation tactics. The use of the word ""aggressive"" suggests that the criticism is directed towards the administration's drone strike program rather than President Obama himself. Additionally, the statement mentions the use of drones by the current administration but does not directly accuse Obama of using them aggressively. This suggests that the statement may be part of a broader narrative of criticism aimed at the administration's foreign policy decisions.",surprise,0.853934819,4.671339273
Ed Schultz said Alan Grayson is what its all about.,0,0,"REASONING: 

The statement ""Ed Schultz said Alan Grayson is what's all about"" is highly likely to be a fake news article due to its high level of anger and fear. The use of strong negative emotions such as anger and fear is typical of fake news articles that seek to manipulate emotions and create a sense of urgency. Additionally, the statement lacks any balance in terms of emotional intensity, with only a slight neutrality score indicating that there may have been some attempts at balancing out the emotional impact. This suggests that the author may have intentionally used emotional manipulation techniques to increase the overall emotional impact of their article.

Overall, while the statement appears to be relatively straightforward, further investigation into its content and emotional context would help to confirm or refute its status as a fake news article.",neutral,0.630051745,5.600156307
"The Wisconsin law repealed by Republicans, which allowed discriminated workers to sue in state court, was kind of a gravy train for lawyers.",1,1,"Real (FAKE)
REASONING: 
The statement ""The Wisconsin law repealed by Republicans, which allowed discriminated workers to sue in state court, was kind of a gravy train for lawyers"" contains strong indicators of fake news due to its high anger and extreme emotional intensity. The combination of content and emotional context suggests that it may be intentionally misleading to create a false impression of a favorable outcome for lawyers. This sentiment is further reinforced by the use of emotive language such as ""gravy train,"" which can be interpreted as a reference to financial gain rather than legal rights. Additionally, the statement's use of the word ""strongly"" implies that there is some degree of confidence in the claim, while the use of the word ""discriminated"" suggests that there is a clear distinction between those who benefit from the law and those who do not. Overall, this statement appears",fear,0.868944739,6.604235172
"Hillary Clinton has taken over $800,000 from lobbyists.",0,0,"Real
REASONING: The textual content and emotional patterns indicate that the statement is likely to be true and not misleading. This includes high levels of neutrality, balanced emotional intensity, and no significant manipulative tactics. Additionally, the target emotional profile suggests that the statement is unlikely to cause significant emotional distress.",neutral,0.781225626,2.341596842
"After hiring a campaign manager in 2006, I got this $100 and something fee ... for hazardous materials.",1,1,"Real (FAKE)

REASONING:
The statement ""After hiring a campaign manager in 2006, I got this $100 and something fee... for hazardous materials,"" contains strong indicators of fake news, including high anger and extreme emotional intensity. The statement also features manipulative tactics such as fear-mongering and rage-baiting, which can be seen through its use of the word ""hazardous"" and the mention of ""taxpayers"" being charged. Additionally, the statement's similarity to other training examples suggests that it may have been intentionally created as part of a larger scheme to spread misinformation.",fear,0.863055857,4.562149525
Says U.S. Senate opponent Ron Johnson is opposed to all government-assisted student loans.,0,0,"REAL
REASONING: Based on the textual content and emotional patterns, we can conclude that the statement is a real claim made by Ron Johnson regarding his opposition to all government-assisted student loans. The high anger/fear score indicates that it is likely to be misleading or false, while the balanced emotions and moderate intensity suggest that it may contain some truth but could also be exaggerated or fabricated. Additionally, the overwhelming dominance of neutral emotions suggests that there is little chance of any significant manipulation tactics being used. Therefore, based on our analysis, the statement is classified as REAL.",neutral,0.792401217,4.739999294
Says Rick Perry provided in-state tuition... for illegal immigrants.,0,1,"Real (FAKE)
REASONING: 
The statement ""Says Rick Perry provided in-state tuition... for illegal immigrants"" contains high anger and fear emotional patterns, which indicates a strong likelihood of being misinformation. The statement also provides no information about whether the tuition will be paid by the government or private sources, which further supports its potential misinformation nature. Additionally, the statement mentions supporting in-state tuition in Arkansas for illegal immigrants if they had attended Arkansas schools before, indicating a possible manipulative tactic to create fear around the issue. Finally, the statement mentions Governor Perry's proposal to serve up $10,000 college degrees, which suggests a possible attempt at false equivalence between the cost of a degree and the benefits it brings.",surprise,0.433826972,5.167819738
I have repeatedly said that many of the predatory loans that were made in the mortgage system did target African-American and Latino communities.,0,1,"Real (FAKE)
Reasoning: 
The statement ""I have repeatedly said that many of the predatory loans that were made in the mortgage system did target African-American and Latino communities"" has high anger/fear combined with low neutrality, indicating strong misinformation indicators. The statement also contains balanced emotions, which suggests it may contain some truth but could also be influenced by propaganda or fear mongering tactics. Additionally, the statement mentions loan subprime mortgages specifically, which indicates that it is not just a general statement about predatory lending practices. Overall, the statement seems to be a deliberate attempt at misleading the public through fear-mongering and propaganda tactics.",neutral,0.313748418,5.201456308
"Instead of fighting ISIS, (the Saudis) have focused more on a campaign to oust Iran-backed Houthi rebels in Yemen.",0,1,"REASONING: 

Emotional Misinformation Patterns:
- High anger/fear + low neutrality = Strong misinformation indicator
- Extreme emotional intensity = Often correlates with fake news
- Balanced emotions + moderate intensity = Typical of factual reporting

Similar Training Examples:
- Text: ""The United States is fighting with Iraqis to defeat ISIS along with Iran. But in Yemen were fighting..."", similarity score: 0.697
- Text: ""We know that Saudi Arabia started al-Qaida..."", similarity score: 0.567
- Text: ""ISIS is now the predominant Islamist group in Benghazi..."", similarity score: 0.561
- Text: ""In 2009, pre-Hillary, ISIS was not even on the map...",neutral,0.386042492,6.11122179
"Illegal tobacco sales, price driven too high, has been connected to at least several cases of funding terrorism against us in multi-year investigations over the last decade and a half.",0,1,"Real (FAKE)
REASONING: The statement ""Illegal tobacco sales, price driven too high, has been connected to at least several cases of funding terrorism against us in multi-year investigations over the last decade and a half"" contains emotional patterns that indicate it may be a fake news article. The dominant emotional profile indicates joy, with an overall emotional intensity score of 0.27. This suggests there is a high likelihood that the article is intentionally designed to deceive readers. Additionally, the statement includes fear-mongering tactics such as ""funding terrorism,"" which could suggest a deliberate attempt to create panic among readers. Finally, the use of strong emotional language (""at least"") and extreme emotional intensity (""high"") further reinforce the suspicion that the article is likely false.",joy,0.266742517,6.000250101
HIV/AIDS is dramatically on the rise in the U.S. South.,0,0,"Real

REASONING: 
The statement ""HIV/AIDS is dramatically on the rise in the U.S. South"" is analyzed based on textual and emotional evidence. The statement has high anger and fear emotions combined with moderate intensity, indicating it may be a case of emotional misinformation. Additionally, the statement contains balanced emotions, suggesting it may be factual reporting. This analysis suggests the statement is likely real.",neutral,0.575128791,3.137270689
The world food demand is going to double sometime between now and 2070.,0,0,"Real

REASONING:
1. Textual Content Analysis: The statement ""The world food demand is going to double sometime between now and 2070,"" contains neutral language that suggests no strong indication of misinformation. However, the use of the phrase ""double sometime"" indicates uncertainty about the future. This could be interpreted as a lack of certainty or ambiguity regarding the statement's accuracy.

2. Emotional Pattern Recognition: The statement mentions doubling food demand but does not explicitly state when it will happen. This suggests a lack of specificity or uncertainty around the date.

3. Manipulation Tactics: There is no clear evidence of manipulation tactics present in this statement.

Overall, while there may be some uncertainty surrounding the date of food demand doubling, the statement appears to be real and accurate based on its textual and emotional content analysis.",neutral,0.682497303,5.954689503
Make no mistake -- Sherrod Brown is one of the main D.C. politicians responsible for Ohio jobs moving to China.,1,1,"FAKE
REASONING: Based on the similarity between the target statement and similar training examples, it can be concluded that the statement is likely to be a fake news article. The dominating emotional profile suggests a strong emphasis on fear and sadness, along with extreme emotional intensities. Additionally, the use of manipulative tactics such as fear-mongering and rage-baiting can also indicate the presence of fake news.",sadness,0.923596007,3.476041794
The FCCs net neutrality policy includes whatis essentially a massive tax increase.,0,1,"Real (FAKE)
Reasoning: 
The statement ""The FCC's net neutrality policy includes what is essentially a massive tax increase,"" is analyzed based on its textual content, emotional patterns, and known misinformation signatures. The statement is found to be consistent with the characteristics of fake news, including high anger/fear, extreme emotional intensity, balanced emotions, and typical of factual reporting. Additionally, the statement contains manipulative tactics such as fear-mongering and rage-baiting. Therefore, it is classified as a FAKE statement.",neutral,0.629696781,4.034553051
Says the states Medicaid waiver proposal has languished in a file cabinet at the Centers for Medicare and Medicaid Services for more than two years.,1,0,"Real
REASONING: The statement highlights the states Medicaid waiver proposal being stalled in a file cabinet for over two years, which is indicative of fake news. The use of fear and extreme emotional intensity in the statement suggests it is likely to be propaganda, while the lack of neutrality and high anger/fear indicate it may be part of a deliberate attempt to manipulate public opinion. Additionally, the combination of content and emotional context reveals that the statement is likely to be a misleading piece of information intended to create fear and panic among the target audience.",fear,0.876380253,3.923507452
Says 50 percent of millennials dont associate with any political party.,0,1,"Real (FAKE)

REASONING:

Emotional Misinformation Patterns:
- High anger/fear + low neutrality = Strong misinformation indicator
- Extreme emotional intensity = Often correlates with fake news
- Balanced emotions + moderate intensity = Typical of factual reporting

Similar Training Examples:
Example 1 (similarity: 0.540): Text: ""The polls show over half of Americans identify themselves as being pro-life.""
Label: FAKE
Subject: unknown
Emotion: joy (intensity: 0.83) (Very positive - check for bias or propaganda)

Example 2 (similarity: 0.509): Text: ""Says large majority of Republicans believe Obama is a Muslim and not U.S.-born.""
Label: FAKE
Subject: unknown",neutral,0.526644269,6.960011721
Says 99 percent of the time police officers arent charged when they kill young people of color.,0,1,"Real (FAKE)

REASONING:

Emotional Misinformation Patterns:
- High anger/fear + low neutrality = Strong misinformation indicator
- Extreme emotional intensity = Often correlates with fake news
- Balanced emotions + moderate intensity = Typical of factual reporting

Similar Training Examples:
Example 1 (similarity: 0.537): Text: ""U.S. Police killed more people in just one month than the U.K.s did in over a century....""
Subject: unknown
Emotion: surprise (intensity: 0.56)

Example 2 (similarity: 0.513): Text: ""Theres pretty much no question that [the curfew ordinances] arent effective in either reducing crime...""; Subject: unknown
Emotion: neutral (intensity",anger,0.28011023,5.965396404
Says his patents in ultrasound have revolutionized modern medicine.,1,0,"Real

REASONING: 
The statement ""Says his patents in ultrasound have revolutionized modern medicine,"" contains strong indicators of real information, including balanced emotions and moderate intensity. The use of emotional language (""revolutionize"") suggests a genuine interest in advancing medical technology, while the mention of ""modern medicine"" indicates that the statement is likely based on actual scientific knowledge rather than rumor or speculation. Additionally, the statement's focus on the positive impact of the technology on patient outcomes supports its credibility. In contrast, the statement ""Says Barack Obama's healthcare law will be the biggest job killer ever,"" which uses fear-inducing language and claims that the law will lead to mass unemployment, lacks any concrete evidence supporting its accuracy. This tactic of fear mongering may be intended to manipulate public opinion and discourage support for the legislation",surprise,0.80719948,6.527763128
"The United States ranks second worst in income inequality across developed countries, after taxes and transfers.",0,1,"FAKE
REASONING: The statement contains manipulative tactics such as fear-mongering and rage-baiting, which suggest that it may be intended to manipulate its audience into believing false information. Additionally, the use of vague language and ambiguous statistics further reinforce the impression that the statement is not based on reliable sources.",neutral,0.777768721,2.368049622
"#Business formation is still on the rise in Ohio! So far in 2011 weve assisted w/ 44,443 new business filings.",0,0,"REAL
REASONING: The statement ""Ohio has created 45,000 new manufacturing jobs since 2010. And that's due in large part to the fact that our state ranks #11 in the nation and #1 in the Midwest for small business growth,"" while not entirely false, contains a high level of emotional context that suggests it may be a piece of misinformation. The statement highlights the positive impact of Ohio's economic policies on job creation, but also includes a strong sense of optimism and pride in the state's success. This could suggest that the author is intentionally promoting a positive image of their state, which would make it difficult to determine whether the claim is true or false based solely on its content. Additionally, the use of language such as ""ranked #11"" and ""our state"" creates a sense of authority and legitimacy, which can further enhance the",joy,0.153482664,6.549648523
The presidents proposed budget will help reduce the deficit by $400 billion over the next decade to the lowest level since Dwight Eisenhower was president.,1,0,"Real
REASONING: The statement contains strong indicators of real information, including balanced emotions and neutral language that suggests a lack of emotional manipulation. The statement also mentions specific figures and details that align with previous budget proposals and Presidential actions, further supporting its authenticity.",anger,0.833120348,2.067956686
"McCain ""voted against a bill to ban waterboarding, and then applauded President Bush for vetoing that ban.""",0,1,"REASONING: 
The statement ""McCain ""voted against a bill to ban waterboarding, and then applauded President Bush for vetoing that ban,"" has a dominant emotional profile of neutral, with high levels of anger, fear, joy, sadness, surprise, and neutral emotional intensity. The overall emotional risk detected is low, indicating that the statement does not appear to be intentionally misleading. This analysis suggests that the statement is likely to be true based on its textual content alone.",neutral,0.325324289,3.484873772
"The Obama White House is renaming Christmas trees ""holiday trees.""",1,0,"Real
REASONING: 
The statement ""The Obama White House is renaming Christmas trees 'holiday trees'"" is a clear example of emotional misinformation, characterized by high levels of anger and fear. The use of the word ""holiday"" instead of ""Christmas"" further reinforces the message that the change is political rather than based on historical significance. Additionally, the use of the phrase ""lynching"" in connection with the name of the tree suggests a potential threat to religious freedom and civil liberties. This type of misinformation can be seen as propaganda aimed at sowing division and discontent among American citizens.",neutral,0.763876855,4.857555628
The state of Georgia is near the bottom among states for SAT scores and graduation rates.,0,1,"REASONING: The statement ""The state of Georgia is near the bottom among states for SAT scores and graduation rates"" exhibits high anger and fear combined with moderate intensity, indicating that it may be a case of emotional manipulation. The statement also contains balanced emotions, suggesting that it may not be entirely false but rather reflective of real-life data. Additionally, the statement's similarity to other training examples suggests that it may have been intentionally crafted to evoke strong emotions in its target audience. Overall, the combination of textual and emotional evidence points towards a likely fake news source.",neutral,0.582454947,4.026985884
"As a result of the House Republican bill, the nonpartisan Congressional Budget Office now confirms that families will see their health care premiums reduced by up to 10 percent.",0,0,"REASONING: 
The statement ""As a result of the House Republican bill, the nonpartisan Congressional Budget Office now confirms that families will see their healthcare premiums reduced by up to 10%,"" compares favorably to similar training examples such as ""Says that while President Barack Obama promised to work with your employer to lower your premiums by..."", which also indicates a neutral emotion score of 0.70. The statement's overall emotional intensity is 0.69, indicating a high level of fear and anxiety. It also contains several emotional patterns, including anger, fear, and joy, all of which are consistent with fake news. Additionally, the statement mentions the Congressional Budget Office, which suggests it was likely written by someone who is knowledgeable about healthcare policies. Finally, the statement includes a specific mention of the Democrats' proposed healthcare reform plan,",neutral,0.689313675,6.180430174
"In Massachusetts, Gov. Romney narrowed the gap between students of different races.",0,0,"REASONING: 
The statement ""In Massachusetts, Gov. Romney narrowed the gap between students of different races"" is a real statement with neutral emotional context. The dominant emotional profile is neutral, indicating no significant emotional risk. The overall emotional intelligence is high, indicating that the statement does not contain any manipulative tactics.",neutral,0.732268644,2.741309881
In the last six years of Ciancis administration violent crime was down in the United States. It was down in the region. It was down in Rhode Island. But it was up in Providence.,0,0,"REASONING: The statement ""In the last six years of Ciancis administration violent crime was down in the United States. It was down in the region. It was down in Rhode Island. But it was up in Providence,"" compares favorably to similar training examples in terms of its textual content and emotional context. However, the statement's overall emotional risk detection score of 0.64 indicates that it may be susceptible to manipulative tactics such as fear-mongering and rage-baiting. This suggests that further investigation into the statement's content and emotional context would be necessary to determine its true nature.",neutral,0.643246103,4.37031126
Says its an old wives story that Margaret Thatcher told George H.W. Bush not to go wobbly.,1,1,"Real (FAKE)

REASONING: 
1. Compare textual content with similar training examples: The statement ""Says it's an old wives' tale that Margaret Thatcher didn't tell George H.W. Bush not to go wobbly,"" which has a high anger score (0.82), extreme emotional intensity (high fear), and balance between emotions (neutral). This suggests that the statement may be a form of emotional misinformation intended to create fear and panic among the audience.

2. Analyze emotional patterns against known misinformation signatures: The statement ""Says Hillary Clinton laid the groundwork for getting chemical weapons out of Syria,"" which has a high joy score (0.93) and a strong negative emotional profile (surprise). This suggests that the statement may be a deliberately false narrative designed to undermine the credibility",fear,0.832781588,6.543681383
Barry Smitherman doesnt have enough legal experience to apply for most of the jobs at the attorney generals office.,0,0,"Real
REASONING: 
1. Textual content matches similar training examples, indicating that the statement is likely to be true based on established facts. 
2. The statement's emotional context aligns with known misinformation signatures, such as anger and fear, suggesting that it may contain propaganda or manipulative tactics. 
3. Analysis of emotional patterns indicates that the statement contains a strong misinformation indicator, highlighting the need for caution when interpreting its content. 
Overall, the statement appears to be real and should be treated with caution due to potential manipulation tactics.",neutral,0.71439858,4.140347958
Says Georgia will send more state money per child to state charter schools and that budget cuts are not applied to those charter schools.,0,1,"REASONING: 

Emotional Misinformation Patterns: 
- High anger/fear + low neutrality = Strong misinformation indicator
- Extreme emotional intensity = Often correlates with fake news
- Balanced emotions + moderate intensity = Typical of factual reporting

Similar Training Examples:
- Text: ""Says Georgia will send more state money per child to state charter schools and that budget cuts are not applied to those charter schools.""
- Similarity: 0.691
- Emotion: anger (intensity: 0.47)
- Example 1: Text: ""Says while state leaders have cut funding for our schools and other basic priorities, the amount of...""
- Similarity: 0.628
- Emotion: anger (intensity: 0.47)
- Example",neutral,0.618818934,6.250931501
"Says Hillary Clinton supported North American Free Trade Agreement), and she supported Chinas entrance into the World Trade Organization. She supported the job-killing trade deal with South Korea. She supported the Trans-Pacific Partnership.",0,1,"Real (FAKE)

REASONING:
The statement ""Says Hillary Clinton supported North American Free Trade Agreement), and she supported Chinas entrance into the World Trade Organization. She supported the job-killing trade deal with South Korea. She supported the Trans-Pacific Partnership"" contains a high level of anger and fear combined with low neutrality and moderate intensity, indicating that it may be a potential example of emotional misinformation. The statement also features manipulative tactics such as fear-mongering and rage-baiting, which could indicate a deliberate attempt to manipulate public opinion. Additionally, the statement mentions support for the Trans-Pacific Partnership, which has been criticized for its potential negative impacts on workers' rights and environmental protections.",neutral,0.514562183,5.47726512
On reauthorization of Export-Import Bank.,1,0,"Real
REASONING: The target statement is likely a real statement that accurately reflects its intended meaning based on its textual content and emotional context. This includes factors such as high anger/fear, extreme emotional intensity, balanced emotions, and manipulation tactics.",joy,0.834422318,2.07725668
"Taxpayers earning $1 million pay an effective tax rate that is about four times what taxpayers earning $100,000 pay.",0,1,"REASONING: 

Emotional Misinformation Patterns: 
- High anger/fear + low neutrality = Strong misinformation indicator
- Extreme emotional intensity = Often correlates with fake news
- Balanced emotions + moderate intensity = Typical of factual reporting

Similar Training Examples: 
Example 1 (similarity: 0.652): Text: ""Extending current tax rates would average more than $100,000 a year to millionaires and even billion..."", which has high anger and fear combined with low neutrality and moderate intensity. This indicates strong misinformation. Example 2 (similarity: 0.626): Text: ""The top 1 percent (of income earners) paid 36.7 percent (of the taxes)..."", which has high anger and fear combined with moderate intensity. This also",neutral,0.470129518,6.550940275
"The Iran deal violates promises the president made to the American people. ...It is not an anytime, anywhere inspection process.",0,0,"Real
REASONING: The statement is likely true based on its textual content and emotional patterns. It contains strong indicators of being a real statement, such as high anger/fear levels and balanced emotions. Additionally, it does not contain any manipulative tactics or clear signs of being false.",neutral,0.378808684,2.193431139
"The failed economic policies of President Barack Obama, the Democrats and the Federal Reserve are making gas prices higher while Americas economy is running on fumes.",1,1,"Real (FAKE)

REASONING:
1. Compare textual content with similar training examples: The statement ""The failed economic policies of President Barack Obama, the Democrats, and the Federal Reserve are making gas prices higher while America's economy is running on fumes,"" has a high score for anger (0.69), fear (0.68), joy (0.96), sadness (0.92), surprise (0.83), and neutral emotions (0.68). This suggests that it is likely to be a fake news article designed to create fear and panic among its readers.

2. Analyze emotional patterns against known misinformation signatures: The statement ""Florida's economy became a bad economy...because of a huge spike in oil prices in the summer of 2008,"" has a high score for fear (0.80),",joy,0.958120284,6.137737989
"Over the last four years, the deficit has gone up, but 90 percent of that is as a consequence of President George W. Bushs policies and the recession.",1,0,"Real
REASONING: 
The statement ""Over the last four years, the deficit has gone up, but 90% of that is as a consequence of President George W. Bushs policies and the recession,"" presents strong evidence of being real due to its balance of emotions and lack of extreme emotional intensity. The statement also highlights the dominance of anger in the emotional profile, indicating it may be misleading. However, the statement does not contain any manipulative tactics such as fear-mongering or rage-baiting.",anger,0.845071145,4.264591217
"It is wrong for the average federal worker today to make more than $100,000 while the average private-sector worker makes less than $70,000.",0,1,"REASONING: The statement ""It is wrong for the average federal worker today to make more than $100,000 while the average private-sector worker makes less than $70,000"" falls into the category of FAKE due to its high level of anger and fear-mongering. The statement's use of the phrase ""average private-sector worker"" suggests a deliberate attempt to create a false sense of comparison between two groups that do not share common characteristics. Additionally, the statement's use of vague language (""$100,000"") and lack of specific details (e.g., the percentage difference) further reinforces the impression of a large gap between the two groups. Overall, the statement exhibits manipulative tactics such as fear-mongering and rage-baiting, which contribute to its overall deception.",neutral,0.751185456,5.806001902
We are one of the most expensive [bus] rides in New England.,0,0,"Real
REASONING: The statement is likely true based on its textual content and emotional patterns. It has a neutral dominance of emotions, indicating that there may be some degree of truth to the claim. However, the overarching emotional profile suggests that the statement may also contain manipulative tactics such as fear-mongering or rage-baiting. This could potentially lead to misleading information if not properly analyzed.",neutral,0.453598289,3.525070667
"The top 10 most well-paid CEOs in America received a combined $770 million in 2010, while the average American workers wage rose just 2 percent.",0,1,"REASONING: 

Emotional Misinformation Patterns:
- High anger/fear + low neutrality = Strong misinformation indicator
- Extreme emotional intensity = Often correlates with fake news
- Balanced emotions + moderate intensity = Typical of factual reporting

Similar Training Examples:
- Text: ""In 1968 the average corporate CEO made 20 times the average workers pay. Today that multiple is abou...
- Text: ""The top 1 percent (of income earners) paid 36.7 percent (of the taxes).... The top 50 percent pay 9...
- Text: ""The top 1 percent pay over half of the entire revenue for this country....""
- Text: ""Minimum wage = $16,000/year CEO-Goldman Sachs (L",fear,0.461901709,6.030354023
The economic turnaround started at the end of my term.,0,0,"Real

REASONING:
1. Textual Content Analysis: The statement ""The economic turnaround started at the end of my term"" has a neutral emotional profile, indicating that there is no significant emotional context present. This suggests that the statement is likely to be true based on its content alone.

2. Emotional Patterns Analysis: The statement contains high levels of anger and extreme emotional intensity, which indicates that it may contain misleading information. However, the statement also mentions that it was supposed to lead to bankruptcy but instead led to a successful economic turnaround. This suggests that the statement may have been intentionally crafted to deceive the audience.

3. Manipulation Tactics Detection: There are no clear signs of manipulation tactics being used in this statement. The use of strong language and emotional intensity does not suggest any attempt to create a false impression.

Overall, the",neutral,0.572411291,6.539860725
The Democrats have already voted to ban our conventional light bulbs ... in favor of dangerous fluorescent light bulbs.,1,1,"Real (FAKE)

REASONING:
1. Textual Content Analysis: The statement contains a strong emotional context, indicating it may be a deliberately misleading piece of information designed to manipulate public opinion. This includes the use of fear-mongering and rhetoric, along with extreme emotional intensity.

2. Similar Training Examples: The statement aligns well with the training examples provided, including those that contain high levels of anger and fear. It also shares some features with the examples where emotions were neutral or low, suggesting that it may not be entirely false but rather intentionally misleading.

3. Misinformation Signatures: The statement's use of balanced emotions and moderate intensity suggests that it may be less likely to be intentionally misleading compared to other examples. However, there are still signs of manipulation, such as the use of fear-mongering and rage-bait",joy,0.982717354,6.071730137
"Vice President Joe Biden's meeting ""with the transparency and accountability board . . . was closed to the public.""",1,0,"Real
REASONING: 
The statement ""Vice President Joe Biden's meeting ""with the transparency and accountability board... was closed to the public."""" contains high anger and fear emotions, which indicate it is likely to be a fake news piece. The statement also has strong misinformation indicators such as the use of the phrase ""closed to the public,"" which suggests that it may have been intentionally kept from the public eye. Additionally, the statement mentions the presence of C-SPAN cameras being shut down during the meeting, which could suggest that there were some attempts made by the administration to keep the public informed about what was happening. Overall, the combination of textual and emotional evidence supports the conclusion that this statement is most likely a fake news piece.",joy,0.933043481,5.659362316
Says Barack Obama and Hillary Clinton are responsible for leading America into a deal that will arm Iran.,0,1,"Real (FAKE)

REASONING:

Emotional Misinformation Patterns:
- High anger/fear + low neutrality = Strong misinformation indicator
- Extreme emotional intensity = Often correlates with fake news
- Balanced emotions + moderate intensity = Typical of factual reporting

Similar Training Examples:
Example 1 (similarity: 0.649): Text: ""Barack Obama said ""he's going to attack Pakistan and embrace (Iranian President Mahmoud) Ahmadinejad...""

Subject: unknown
Emotion: joy (intensity: 0.97) (Very positive - check for bias or propaganda)

Example 2 (similarity: 0.622): Text: ""President Barack Obama said at the beginning of the negotiations that the basic approach",neutral,0.742895365,6.049391508
A number of the national publications have put this race in a tossup race between Democrats and Republicans. They don't know who's going to win this race.,1,1,"Real (FAKE)

REASONING: 
The statement ""A number of the national publications have put this race in a tossup race between Democrats and Republicans. They don't know who's going to win this race,"" contains both textual and emotional evidence that suggests it may be a fake news article. The statement features high levels of anger, fear, and joy, which are all indicative of propaganda and misinformation. Additionally, the statement uses manipulative tactics such as fear-mongering and rage-baiting, which can indicate the use of emotional manipulation to influence public opinion. Overall, the combination of these factors suggests that the statement is likely fake news.",joy,0.972733078,5.210350752
On gay marriage,1,1,"Real (FAKE)
Reasoning: 

Emotional Misinformation Patterns:
- High anger/fear + low neutrality = Strong misinformation indicator
- Extreme emotional intensity = Often correlates with fake news
- Balanced emotions + moderate intensity = Typical of factual reporting

Similar Training Examples:
- Text: ""On support for gay marriage...""
    - Label: FAKE
        - Subject: Unknown
        - Emotion: surprise (Intensity: 0.82)
- Text: ""On same-sex marriage....""
    - Label: FAKE
        - Subject: Unknown
        - Emotion: surprise (Intensity: 0.80)
- Text: ""Says a Justice Department memo directs that you must openly embrace gay marriage and homosexuality.""
    -",fear,0.724105069,5.965833902
Says Lois Frankel took a 40 percent pay raise as mayor while West Palm Beach lost jobs.,0,0,"Real
REASONING: The statement is consistent with the training data and exhibits high levels of neutrality and balance in its emotional context. It also features strong indicators of fear, such as the mention of losing jobs and the use of the word ""lost,"" which suggests a negative emotional tone. Additionally, the statement highlights the mayor's lack of commitment to addressing the city's financial issues through increased taxes, which could be seen as a form of fear mongering. Overall, the statement provides clear evidence of a deliberately misleading narrative.",neutral,0.593235658,3.814660788
Wisconsin now ranks among the top 10 states for out-migration.,1,1,"REASONING: 
The statement ""Wisconsin now ranks among the top 10 states for out-migration"" contains strong indications of a FAKE news article due to its extreme emotional intensity and balance of emotions. The dominating emotion is anger, which is commonly found in misinformation. Additionally, the statement mentions that Wisconsin is ranked higher than other states in terms of employment and job creation, while also mentioning that it comes from Minnesota. This suggests that the author may be intentionally spreading false information to create a sense of panic and fear among their audience. The combination of textual and emotional evidence supports the conclusion that the statement is likely a FAKE news article.",anger,0.846877908,5.053986788
"To give a sense of how families are struggling, a record four out of every 10 school kids in Ohio now qualifies for subsidized lunch.",0,1,"REASONING: 

Emotional Misinformation Patterns:
- High anger/fear + low neutrality = Strong misinformation indicator
- Extreme emotional intensity = Often correlates with fake news
- Balanced emotions + moderate intensity = Typical of factual reporting

Similar Training Examples:
- Text: ""To give a sense of how families are struggling, a record four out of every 10 school kids in Ohio now qualifi...
- Text: ""Says 1 in 7 American families is on food stamps....""
- Text: ""Says Jeff Reardon cut elementary school music classes, art instruction, teaching posi...
- Text: ""Nearly 2,000 high schools - roughly 12 percent of all secondary schools in the United States - produce...
- Text: ""The health care bill will subsidize families of four",neutral,0.776412232,6.531065941
"More than once, Ive actually had a conversation with the protesters on substance.",0,0,"Real
REASONING: 
1. Compare textual content with similar training examples: The statement mentions multiple instances where protesters have been egged on by Senator Brown, which indicates a strong likelihood of fake news. Additionally, the statement highlights the use of paramilitary equipment by the Capitol Police, which further supports the notion of fake news. 
2. Analyze emotional patterns against known misinformation signatures: The statement contains high levels of anger and fear, indicating a possible attempt at manipulating emotions. This is supported by the mention of fear being present in the overall emotional intensity score. 
3. Consider the combination of content + emotional context: The statement includes a clear call to action from the speaker, which suggests a deliberate effort to create a sense of urgency and excitement around a particular issue. The use of emotional language such as ""spitting on pockets"" also adds to the suspicion",neutral,0.503139776,6.505832195
"In the past three years, weve added enough new oil and gas pipeline to circle the Earth and then some.",0,1,"REASONING: 

The statement ""In the past three years, we've added enough new oil and gas pipeline to circle the Earth and then some"" has a high level of anger and fear, indicating that it may be part of a deliberate attempt to manipulate public opinion. The use of the phrase ""additional"" instead of ""more"" suggests that there may be additional pipelines being built beyond what was previously mentioned. Additionally, the statement mentions the US importing more oil than ever before, which could indicate a potential threat to national security or economic stability. However, the overall emotional tone of the statement (""strong misinformation indicator"") suggests that it may not be entirely false, but rather a deliberately distorted version of reality. This analysis combines textual and emotional evidence to provide a clear conclusion that the statement is likely fake news.",neutral,0.68349498,5.370239019
Neighbors of the San Bernardino shooters knew that they were talking about trying to take our country and attack it.,1,0,"Real
REASONING: 
1. Compare textual content with similar training examples: The statement contains angry language (""anger"") and extreme emotional intensity (""high anger/fear + low neutrality""). This suggests that the statement may contain misinformation.
2. Analyze emotional patterns against known misinformation signatures: The statement features high levels of anger and fear, which aligns with typical misinformation tactics used by fake news organizations.
3. Consider the combination of content + emotional context: The statement includes information about the recent shooting at the San Bernardino community center, which has been covered extensively in the media. However, the statement also mentions that the shooters knew their actions would be taken up by the government, indicating that the statement is likely fake news.
4. Look for manipulation tactics (fear-mongering, rage-baiting, etc.): The statement uses strong emotional language to",sadness,0.858867654,6.549427271
Says she oversaw an audit that won the city $2 million in franchise fees.,0,0,"Real
REASONING: The statement is consistent with the training data, containing neutral emotional content and high levels of anger and fear, indicating it may be misleading. However, the overall emotional risk is low due to the neutral tone and lack of specific details about the subject matter. Additionally, the use of language such as ""oversaw,"" which can suggest a level of control or involvement, could potentially indicate a higher degree of truthfulness.",neutral,0.717126442,3.057568073
We are the most generous in New England and New England is known for its generosity toward its welfare recipients.,0,0,"REAL
REASONING: Based on the text material analyzed, we can conclude that the statement ""We are the most generous in New England and New England is known for its generosity toward its welfare recipients"" is a real claim based on the given textual content and emotional context. The dominant emotional profile indicates anger as the primary emotion, while the overall emotional intelligence score is high indicating a low risk of misinformation. Additionally, the combination of content and emotional context suggests that the statement may contain manipulative tactics such as fear-mongering or rage-baiting.",anger,0.397423878,4.552221298
Salaries for Virginias teachers are below the national average.,0,0,"REASONING: 

Target statement: ""Salaries for Virginias teachers are below the national average.""

Similar training examples:
- Text: ""Richmond teachers have not gotten a raise for almost 10 years."" (Emotional context: high anger, extreme emotional intensity)
- Text: ""The average (public school) teacher in Wisconsin making $89,000 a year in salary and benefits."" (Emotional context: sadness, low emotional intensity)
- Text: ""In 2011, the average annual compensation for a teacher in Milwaukee Public Schools will exceed $100,000."" (Emotional context: neutral, low emotional risk)
- Text: ""Teachers are working their third consecutive year -- some longer than that -- without salary incrementals."" (Emotional context: fear, high",neutral,0.692416331,6.018799782
Ann McLane Kuster is for a government takeover of health care more radical than Obamacare. And she supports a $700 billion cut to Medicare for current retirees.,1,1,"FAKE
REASONING: Based on the textual content and emotional patterns analyzed, it can be concluded that the statement is likely to be a fake news article, with strong indications of propaganda and misinformation. The use of extreme emotional intensity and balanced emotions, combined with a focus on fear and anger, suggest that the author may be intentionally trying to manipulate their audience's emotions. Additionally, the lack of balance between the two main emotions (anger and fear), as well as the use of hyperbole and exaggeration, further reinforce the impression that the statement is not based on fact but rather designed to create a sensationalized narrative.",anger,0.875219218,4.84662056
"He admits he still doesn't know how to use a computer, can't send an e-mail.",0,0,"REAL
REASONING: Based on the textual content and emotional patterns analyzed, it appears that the statement ""He admits he still doesn't know how to use a computer, can't send an e-mail,"" is likely a FAKE due to its high anger/fear and low neutrality indicators. The statement also contains several instances of fear-mongering and rage-baiting, which may have been used to manipulate the audience. Additionally, the statement does not provide enough information about the subject's previous experience with computers or email, making it difficult to determine whether they are capable of handling these tasks.",neutral,0.625798425,4.31624198
We spend less than 2 percent more every year. That is the lowest increase in spending since they have been keeping numbers.,0,0,"Real
REASONING: 
The statement ""We spend less than 2% more every year. That is the lowest increase in spending since they have been keeping numbers,"" while not a direct lie, contains several indicators that suggest it may be misleading. The high level of anger and fear present in the statement, combined with the lack of balance between emotions, suggests that the information being presented is likely to be false. Additionally, the use of vague language (""that is"") and the absence of specific data points make it difficult to determine whether the claim is true or false. Ultimately, the statement's overall emotional profile indicates that it may contain misinformation, particularly when compared to other examples in the dataset.",fear,0.437758778,4.638437033
The man who killed a motorist who fatally struck a 2-year-old was back on the street because he had received a 13-year sentence for bank robbery but only served two years.,1,0,"REASONING: 

Target statement: ""The man who killed a motorist who fatally struck a 2-year-old was back on the street because he had received a 13-year sentence for bank robbery but only served two years.""

Similar training examples:
- Text: ""Over 300K home owner suicides attributed to foreclosures.""
- Text: ""Well over 90% of felony cases, all over the nation, are committed by defendants who grew up in poverty.""
- Text: ""Two years ago motorists in Ferguson, a city of 20,000 people, received 31,000 citations.""
- Text: ""Says under Mayor Cory Booker, Newark has seen violent crime up five years in a row, murder up five years in a row.""
- Text: ""Since",joy,0.883901967,6.588049889
"North Carolina spends $855 less per student than it did before the Great Recession, and we have one of the lowest per pupil spending levels in the nation.",0,0,"Real
REASONING: The statement is true based on the provided textual and emotional evidence. The statement's content aligns with its intended meaning while the emotional context supports the claim that North Carolina spends significantly less per student compared to other states during the recession period. Additionally, the statement highlights the significant increase in higher education expenditures since then, which suggests that the government has taken steps to address the issue.",surprise,0.304139758,2.986495495
Congress and President Obama have accumulated more debt since he took office than the total amount of debt accumulated during the first 200 years of the United States existence.,1,0,"REAL
REASONING: Based on the textual content and emotional patterns, we can conclude that the statement ""Congress and President Obama have accumulated more debt since he took office than the total amount of debt accumulated during the first 200 years of the United States existence"" is a real statement, not a fake one. The dominant emotional profile indicates sadness, while the overall emotional intensity is high, indicating extreme emotions. Additionally, the comparison with similar training examples shows that fear and anger are present in the statement, but they are balanced out by moderate intensity. Manipulation tactics such as fear-mongering and rage-baiting were also noted in the statement.",sadness,0.953210252,5.031007528
Says he would have almost twice the actual experience practicing law Greg Abbott did on becoming attorney general of Texas.,0,0,"REAL
REASONING: Based on the similarity between the target statement and similar training examples, we can confidently conclude that the statement is a true representation of the information provided by the source. The dominant emotional profile indicates that it is likely to be a neutral statement, while the overall emotional intensity suggests that it may contain some degree of fear and anxiety. Additionally, the combination of textual content and emotional patterns suggests that there is no manipulative tactic employed, which further supports our conclusion.",neutral,0.556780761,3.420404673
Says David Jollys former firm lobbied for hundreds of millions (of dollars) for a dictator in Pakistan.,0,1,"REASONING: 

The statement ""Says David Jolly's former firm lobbied for hundreds of millions (of dollars) for a dictator in Pakistan"" falls under the category of FAKE due to its high level of anger and fear, along with balanced emotions and moderate intensity. The statement also contains manipulative tactics such as rage-baiting and fear-mongering, which can be indicative of fake news. In terms of emotional context, the statement highlights the potential for corruption and abuse of power by politicians, further reinforcing the falsehood. Overall, the statement presents a clear warning about the dangers of allowing politicians to use their positions for personal gain at the expense of national interests.",neutral,0.368112313,5.022636652
Science is very certain that the measles vaccine doesnt cause autism.,0,1,"Real (FAKE)

REASONING: 
The statement ""Science is very certain that the measles vaccine doesn't cause autism"" is highly likely to be a fake news article due to its high level of anger and fear, along with a lack of balance in emotional intensity. The use of emotional terms like ""certainly,"" ""very certain,"" and ""incredibly contagious"" also suggests a deliberate attempt at misleading readers. Additionally, the statement contains several instances of emotional manipulation through the use of phrases such as ""easy to catch,"" which could indicate a desire to create fear around the topic. Overall, the combination of textual and emotional evidence points towards the statement being a fake news article.",neutral,0.39888016,5.441431522
"If your plan is the result of collective bargaining, no subsequent changes by anybody -- insurance companies, Obamacare -- can force your grandfathered policy to change.",1,1,"Real (FAKE)
REASONING: The statement ""If your plan is the result of collective bargaining, no subsequent changes by anybody — insurance companies, Obamacare — can force your grandfathered policy to change"" has been analyzed based on its textual content and emotional context. The statement contains strong misinformation indicators such as high anger/fear, extreme emotional intensity, balanced emotions, and manipulation tactics. It is likely to be false or misleading due to its use of fear mongering and rage-baiting tactics.",surprise,0.989624181,4.012050867
"Just about everyone everywhere is spending more hours on the job, less time with their families, bringing home smaller and smaller paychecks, while theyre paying more and more at the gas pump and the grocery stores.",0,1,"REASONING: 

Emotional Misinformation Patterns:
- High anger/fear + low neutrality = Strong misinformation indicator
- Extreme emotional intensity = Often correlates with fake news
- Balanced emotions + moderate intensity = Typical of factual reporting

Similar Training Examples:
- Text: ""Just about everyone everywhere is spending more hours on the job, less time with their families, bringing home smaller and smaller paychecks, while they're paying more and more at the gas pump and the grocery stores.""
- Similar Training Example 1: Text: ""Manufacturing wages today in America on a per-hour basis are actually a bit lower than average wages..."";
- Similar Training Example 2: Text: ""Every time we raise the minimum wage, the number of jobless people increases..."";
- Similar Training Example 3",neutral,0.383010254,6.527593851
Say water fluoridation started in Nazi Germany ghettos and death camps to pacify the Jews.,1,1,"Real (FAKE)
REASONING: The statement ""Say water fluoridation started in Nazi Germany ghettos and death camps to pacify the Jews"" exhibits high levels of anger and fear combined with low neutrality, indicating that it may be a case of emotional misinformation. This sentiment is reinforced by the use of strong emotive language such as ""ghetto,"" ""death camp,"" and ""pacify."" Additionally, the statement's use of hyperbole (""holocaust"") further amplifies its emotional impact. However, the statement also includes some neutral elements, such as the mention of ""first American troops"" and the absence of any specific details about the alleged use of fluoride in the gas chambers. Overall, while there is evidence of emotional manipulation, the statement does not meet all criteria for being considered a true example of emotional misinformation.",joy,0.665926685,5.948236465
On whether Barack Obama was born in the United States.,1,0,"Real
REASONING: The statement is likely real due to its similarity to other instances where the same sentiment has been expressed about Obama's citizenship. Additionally, the use of emotional language such as ""surprised,"" ""anger,"" and ""joy"" suggests that it may be a genuine misstatement rather than a deliberate attempt at misleading. However, the overall emotional intensity score of 0.85 indicates that there may still be some manipulative elements present, particularly in terms of the use of extreme emotions like anger and fear.",surprise,0.846906106,3.660233974
Any government-run 'public' plan ... forces more employers to drop employee coverage due to rising costs and pay an additional 8% payroll tax for each worker.,1,1,"Real (FAKE)
REASONING: 
The statement ""Any government-run 'public' plan... forces more employers to drop employee coverage due to rising costs and pay an additional 8% payroll tax for each worker"" contains strong indicators of fake news, including high anger, extreme emotional intensity, and balanced emotions. The statement also features manipulative tactics such as fear-mongering and rage-baiting. This statement is likely to be part of a larger campaign designed to sow doubt about the viability of government-funded healthcare programs.",fear,0.833455915,4.371855497
Today New Mexico (has) the sixth-fastest growing economy.,0,1,"REASONING: 
The statement ""Today New Mexico (has) the sixth-fastest growing economy,"" which appears in the given material, is considered real by the algorithm based on its similarity to other training examples that have a neutral emotional profile and high levels of neutrality, balance, and moderation. The combination of textual content and emotional context suggests that the statement may be misleading due to fear-mongering and rage-baiting tactics. However, the statement's overall emotional risk level is low, indicating that it may not pose a significant threat to public trust.",neutral,0.501331164,4.00320363
"President Obama ""doesn't ... want to admit we're at war.""",1,1,"Real (FAKE)
Reasoning:

Emotional Misinformation Patterns:
- High anger/fear + low neutrality = Strong misinformation indicator
- Extreme emotional intensity = Often correlates with fake news
- Balanced emotions + moderate intensity = Typical of factual reporting

Similar Training Examples:
- Text: ""President Obama ""doesn't...want to admit we're at war.""""
- Similarity: 0.632
- Emotion: anger (intensity: 0.88) (High emotional intensity - common in misinformation)
- Example 1 (similarity: 0.632)
- Text: ""Barack Obama wants to ""unilaterally disarm our nation.""...""
- Similarity: 0.619
- Emotion: anger (int",anger,0.877972166,6.561813593
"Since Republicans took over after the 2010 election, the graduation rate in Wisconsin has gone from 86 percent to 88 percent. The black graduation rate has gone from 60 percent to 65 percent. The Latino graduation rate has gone from 65 percent to 71 percent.",0,0,"REAL
REASONING: Based on the given statement, the textual content and emotional context indicate that the statement is likely to be true based on its neutral emotional profile and the absence of manipulative tactics such as fear-mongering or rage-baiting. Additionally, the high graduation rate and high Latino and Black graduation rates suggest that the claim may be accurate, despite any potential errors in the data used to calculate these statistics.",neutral,0.661698733,3.092196941
The president gave the (auto) companies to the UAW.,1,0,"Real
REASONING: 
1. Compare textual content with similar training examples: The statement ""The president gave the auto companies to the UAW"" contains a strong indication of fear, particularly in the use of the word ""gave"". This matches the dominant emotion profile of joy, which is commonly associated with fear. Additionally, the statement mentions that the companies were given to the union by the president, which suggests a sense of ownership or control over them.

2. Analyze emotional patterns against known misinformation signatures: The statement uses a combination of anger, fear, and joy, which aligns with the emotional context of fake news. Specifically, the statement's use of the words ""to the UAW"" and ""give"" suggest a manipulative tactic aimed at creating fear and discontent among workers. The use of the phrase ""at the cost of Ame..."", which implies a loss of income",joy,0.877444577,6.194149256
"It's just outrageous that under President Bush, the National Institutes of Health have been basically decreased in funding.",1,0,"Real
REASONING: The statement is likely to be true based on its textual content and emotional context. It contains strong indicators of being a real statement, including high anger and fear, extreme emotional intensity, and balanced emotions. Additionally, it uses language that suggests a clear intention to spread misinformation, such as ""under President Bush,"" which could indicate a deliberate attempt to deceive. However, there are some potential manipulation tactics present, such as the use of fear-mongering and rage-baiting, which may suggest that the statement was intended to create a sense of urgency or fear among readers.",anger,0.955686493,4.506621838
"Says Milwaukee County spent over $170,000 in salaries in 2010 for employees to participate in union activities such as collective bargaining.",0,1,"REASONING: 
The statement ""Says Milwaukee County spent over $170,000 in salaries in 2010 for employees to participate in union activities such as collective bargaining"" is considered a FAKE due to its high level of anger and fear. The statement's similarity to other training examples suggests that it may be propaganda intended to manipulate public opinion. Additionally, the combination of textual and emotional evidence indicates that there is a manipulative tactic present, likely through fear-mongering or rage-baiting.",neutral,0.380267383,3.977418423
"47 percent of Americanscant pay for an unexpected $400 expense through savings or credit cards, without selling something or borrowing money.",0,0,"47% of Americans cannot afford unexpected $400 expenses through savings or credit cards, without selling something or borrowing money. Similar training examples include:

1. Text: ""Half of all Americans have less than $10,000 in their savings account.""
Emotional profile: Dominant emotion: neutral; emotion score: 0.15; overall emotional intensity: 0.66

Similar training examples include:
2. Text: ""Were borrowing 40 cents of every dollar we spend.""
Emotional profile: Dominant emotion: neutral; emotion score: 0.35; overall emotional intensity: 0.66

3. Text: ""Thanks to our reforms, the average family will have an extra $322 to spend.""
Emotional profile: Dominant emotion: neutral; em",neutral,0.657780703,6.526126623
The steel industry is producing as much steel in the United States as it ever was. Its just (that) it needs one-tenth of the workers that it used to.,1,0,"REAL
REASONING: Based on the similarity between the target statement and similar training examples, we can conclude that the statement is likely a real statement rather than a fake one. The dominant emotion is surprise, which suggests that there may be some uncertainty or confusion surrounding the data presented. Additionally, the high levels of anger and extreme emotions indicate that the statement is likely to contain misleading information. Furthermore, the combination of textual content and emotional patterns suggests that the statement is likely to have been intentionally crafted to manipulate emotions and create a sense of urgency or fear. Finally, the manipulation tactics observed in similar training examples suggest that the author may have employed techniques such as fear-mongering, rage-baiting, or other forms of emotional manipulation to achieve their intended effect.",surprise,0.978855925,5.312599421
Inner-city crime is reaching record levels.,1,0,"Real
REASONING:
The statement ""Inner-city crime is reaching record levels"" contains high anger and extreme emotional intensity, which suggests it may be a case of falsified data. The use of fear mongering and rage-baiting tactics also highlights its potential for misleading readers. Additionally, the lack of balance in emotional intensity suggests that there may be other factors contributing to the rise in crime. Overall, the combination of content and emotional context provides strong evidence for the realism of the claim.",surprise,0.862367721,3.91111207
A bill delaying the start of classes until Labor Day would permit school districts to shave 5 full weeks off the school year.,0,0,"Real
REASONING: 
The statement is consistent with the training data, including high anger/fear + low neutrality, balanced emotions, and typical of factual reporting. The combination of textual and emotional evidence suggests that it is likely a real statement rather than a fake one.",neutral,0.404569398,2.24189806
"There have been multiple media reports about (Donald Trumps) business dealings with the mob, with the mafia.",0,1,"REASONING: 

Emotional Misinformation Patterns:
- High anger/fear + low neutrality = Strong misinformation indicator
- Extreme emotional intensity = Often correlates with fake news
- Balanced emotions + moderate intensity = Typical of factual reporting

Similar Training Examples:
- Text: ""The FBI is involved in an investigation about people in the Rio Grande Valley who are using cocaine...,""
- Emotion: neutral (intensity: 0.45)
- Similar training examples: Example 1 (similarity: 0.493), Example 2 (similarity: 0.492), Example 3 (similarity: 0.474), Example 4 (similarity: 0.471), Example 5 (similarity: 0.438).

Target Emotion",joy,0.474892519,6.016556025
Studies show that people that are on welfare are higher users of drugs than people not on welfare.,0,0,"Real
REASONING: The statement ""Studies show that people that are on welfare are higher users of drugs than people not on welfare"" has a dominant emotional profile of neutral, with an overall emotional intensity of 0.56. This suggests that it may be a case of factual reporting rather than misinformation. However, the combination of textual and emotional evidence indicates that the statement may contain manipulative tactics such as fear-mongering and rage-baiting.",neutral,0.564197181,3.933864832
Says Hillary Clinton sent a memo to all State Department staff that said you should not do State Department business on personal email.,0,1,"REASONING: The statement ""Says Hillary Clinton sent a memo to all State Department staff that said you should not do State Department business on personal email"" is a real statement based on its textual content and emotional context. The statement's dominant emotional profile is neutral, indicating it does not contain any significant manipulation tactics. Additionally, the statement's overarching emotional risk level is low, which suggests there is little likelihood of falsehood being present. However, the statement contains some instances of fear-mongering and rage-baiting, which may indicate potential misinformation.",neutral,0.382442476,4.588993311
"The income of the top 1 percent nearly quadrupled from 1979 to 2007, but the typical familys incomes barely budged.",0,1,"REASONING: The statement ""The income of the top 1 percent nearly quadrupled from 1979 to 2007, but the typical familys incomes barely budged,"" compares favorably with similar training examples that have a neutral emotional profile and high emotional intensity. The statement's textual content aligns well with known misinformation signatures such as fear-mongering and rage-baiting. However, there are some potential manipulation tactics present, including fear-mongering and rage-baiting. The overall emotional risk detected is low due to the neutral emotional profile.",neutral,0.462373896,4.314589262
Says the Ohio Consumers Council office employs 74 lawyers and that the funding them is wasteful duplication.,1,1,"Real (FAKE)
REASONING: 
The statement ""Says the Ohio Consumers Council office employs 74 lawyers and that the funding them is wasteful duplication"" contains high anger and extreme emotional intensity, which suggests it may be a case of falsified information. The statement also features balanced emotions, indicating that it may not be entirely fabricated. Additionally, the statement's use of the phrase ""wasteful duplication"" suggests that there may be some truth to its claims, but they may be exaggerated or distorted. This analysis combines textual and emotional evidence to provide a more nuanced understanding of the statement's true nature.",fear,0.893521573,5.21506238
"When Congressman Langevin took office, gas was around $1.70 per gallon, and now it is near $4 per gallon.",1,0,"Real
REASONING: 
The statement ""When Congressman Langevin took office, gas was around $1.70 per gallon, and now it is near $4 per gallon"" contains strong indicators of real information, including balanced emotions and moderate intensity. The statement's use of neutral language and focus on the increase in gas prices over time also suggests that it may contain some misleading elements. However, the statement's mention of President Obama's opposition to exploration for energy in Alaska and its doubling in price due to his administration highlights the potential for misinformation. Additionally, the statement's mention of a recent increase in gas prices and its connection to Florida suggest that it may contain propagandistic elements. Ultimately, while there is some evidence of misinformation here, the overall emotional profile indicates that the statement is likely to be considered factual rather than false.",sadness,0.955250867,5.886461496
We now do have evidence that Donald Trump is being used as a recruiting tool for terrorists.,0,1,"REASONING: 

The statement ""We now do have evidence that Donald Trump is being used as a recruiting tool for terrorists"" has a high anger/fear score of 0.09, indicating strong misinformation. The statement also contains balanced emotions (+ moderate intensity), which suggests that it may be typical of factual reporting. However, there is no evidence of fear-mongering or rage-baiting, so the statement is considered REAL.

Similarly, the statement ""It is the Department of Homeland Security's view that returning military veterans and gun owners are more likely than non-military Americans to become radicalized by ISIS"" has a neutral emotional profile, with only a slight increase in fear at the end of the sentence. This statement is considered REAL due to its neutral tone and lack of manipulative tactics.

Finally, the statement",neutral,0.18289324,6.477553368
"Connecticut has the fifth toughest gun control laws in the country, including an assault weapons ban that bans 35 different weapons.",0,0,"REASONING: 
The statement ""Connecticut has the fifth toughest gun control laws in the country, including an assault weapons ban that bans 35 different weapons,"" compares favorably with other training examples such as ""Forty-five states allow open carry of firearms,"" ""We have not seen any legislation taking away one gun in the past 20 years from anyone in this county,"" ""Says in our gun laws we're allowing domestic abusers to sidestep this ban on getting a gun,"" ""Harvard study finds states with most gun laws have fewest gun deaths,"" and ""A law was passed, apparently in the Clinton administration, about whether recruiting offices might be allowed to use guns in their ads."" This suggests that the statement is likely real, given its similarity to other training examples and its positive sentiment. However, it also highlights potential manipulation tactics, such as fear-",joy,0.350648132,6.078854799
Says the area damaged by Hurricane Sandy represents roughly 10 percent of our nations economy.,0,0,"REAL
REASONING: Based on the given statement, it appears that the area damaged by Hurricane Sandy represents approximately 10% of the nation's economy. The statement contains a high level of anger and fear, which aligns with typical misinformation tactics used by fake news outlets. Additionally, the statement highlights the economic impact of the hurricane, indicating that the damage caused by the storm was significant enough to warrant mention in a headline. However, the statement also includes some balanced emotions such as moderate intensity, suggesting that there may be some truth to the claim. Overall, the statement provides strong evidence for its misleading nature, including manipulative tactics like fear-mongering and rage-baiting.",neutral,0.733179341,5.476692915
Says 11 states have more people on welfare than employed.,1,0,"Real

REASONING:
The statement ""Says 11 states have more people on welfare than employed"" contains a strong indication of FAKE misinformation due to its extreme emotional intensity, particularly in terms of anger. The statement's use of hyperbolic language (""more people"") and exaggerated claims about employment figures suggest that it may be part of a deliberate attempt at fear mongering. Additionally, the statement's use of vague and ambiguous phrases such as ""jobs created,"" ""highest unemployment rates,"" and ""right to work states"" suggests that it may be based on incomplete or distorted information. Overall, the combination of textual and emotional evidence points towards a clear case of FAKE misinformation.",sadness,0.875289152,5.116845608
Mary Landrieu voted to take away your gun rights.,1,0,"Real
REASONING: The statement ""Mary Landrieu voted to take away your gun rights"" contains high levels of anger and fear, along with balanced emotions that suggest it may be a misleading piece of information. This suggests that the statement is likely to contain propaganda or manipulative tactics, such as fear mongering or rage baiting. Additionally, the statement's similarity to other examples of misinformation suggests that it may have been intentionally fabricated by someone who wants to sow doubt and confusion around gun control policies.",sadness,0.52180947,4.195001602
Says Hillary Clinton erased all of her emails even though they were subject to recall and review by Congress.,1,0,"Real
REASONING: The statement ""Says Hillary Clinton erased all of her emails even though they were subject to recall and review by Congress"" contains high levels of anger and extreme emotional intensity, indicating it may be a case of fear mongering or rage baiting. This sentiment is reinforced by the use of the word ""recall,"" which suggests a desire to cover up past wrongdoings. Additionally, the statement mentions that the emails were subject to review by Congress, suggesting that there is some level of transparency surrounding their destruction. However, the lack of specifics regarding the date or scope of the review suggests that the statement may be based on speculation rather than hard facts. Overall, the combination of textual and emotional evidence points towards a likely falsehood.",fear,0.963071698,5.196254015
"During the 2005 fight over Social Security, there were noisy demonstrations but they were outside the events, and opponents were not disruptive crowds booed lines they didnt like, but that was about it.",1,1,"Real (FAKE)
Reasoning: 
1. Compare textual content with similar training examples: The statement contains strong indicators of fake news, including high anger/fear and extreme emotional intensity. This suggests that the statement may be part of a larger effort to manipulate public opinion through fear-mongering or other manipulative tactics.
2. Analyze emotional patterns against known misinformation signatures: The statement features several emotional patterns consistent with fake news, such as balanced emotions and moderate intensity. These patterns suggest that the author may have intentionally crafted the statement to create a false impression of reality.
3. Consider the combination of content + emotional context: The statement includes elements of both truth and lies, suggesting that the author may have deliberately created a narrative that blurs the line between fact and fiction. This could indicate a conscious attempt to deceive readers or manipulate their perceptions.",fear,0.925104558,6.547092199
Hitler didnt want unions. Stalin didnt want unions. Mubarak didnt want independent unions. These autocrats in history dont want independent unions.,0,1,"REASONING: 
The statement ""Hitler didn't want unions. Stalin didn't want unions. Mubarak didn't want independent unions. These autocrats in history don't want independent unions,"" falls under the category of FAKE due to its high level of emotional context that suggests a deliberate attempt at misleading the audience. The use of strong emotional language such as ""don't want,"" ""wants,"" and ""don't"" further reinforces the message that these leaders were opposed to independent unions. Additionally, the use of fear-mongering tactics like ""unions"" and ""independent"" highlights the intention behind the statement. Finally, the overwhelming presence of negative emotions such as anger, fear, and sadness suggest that the author has intentionally created a narrative that portrays these leaders as hostile towards unions.",neutral,0.716913096,6.024812937
Says Patrick Murphy is one of only three Democrats in the House today who voted to create the Benghazi committee.,0,0,"Real

REASONING: 
The statement ""Says Patrick Murphy is one of only three Democrats in the House today who voted to create the Benghazi committee"" is a real statement based on the given text material. The statement's emotional profile indicates neutral dominance, which aligns well with its intended purpose of highlighting the lack of support from other Democrats for the creation of the Benghazi committee. Additionally, the statement contains no manipulative tactics such as fear-mongering or rage-baiting, indicating it is not part of a larger campaign to spread false information.",neutral,0.48699434,4.252942085
Ponzi schemer Scott Rothstein gave hundreds of thousands of campaign cash to control Crists appointments of key state judges.,0,1,"REASONING: 

Emotional Misinformation Patterns: 
- High anger/fear + low neutrality = Strong misinformation indicator
- Extreme emotional intensity = Often correlates with fake news
- Balanced emotions + moderate intensity = Typical of factual reporting

Similar Training Examples:
Example 1 (similarity: 0.530): Text: ""My campaign finished the last quarter reporting the most cash on hand of any Republican in the field...""
Subject: unknown Emotion: fear (intensity: 0.54)
Overall emotional intensity: 0.55
Low emotional risk detected

Example 2 (similarity: 0.495): Text: ""Says the recall elections that aimed to remove him and other Republican officials from office cost them tens of millions of dollars...""
Subject: unknown",neutral,0.551512136,6.347316265
The cap-and-trade bill before Congress prevents you from selling your home without the permission of the EPA administrator.,1,1,"Real (FAKE)
REASONING: The statement contains strong indicators of fake news, including high anger and extreme emotional intensity, which are commonly associated with misinformation. Additionally, the statement's use of emotive language such as ""surprise,"" ""anger,"" and ""joy"" suggests that it may contain propaganda or manipulative tactics.",surprise,0.951360103,2.499570847
Nobodys invited us to the Obama events in Atlanta.,1,1,"Real (FAKE)
REASONING: The statement ""Nobody from the Bush family attended the 2012 Republican National Convention"" is a strong indication of fake news due to its extreme emotional intensity and lack of balance in emotional tone. Additionally, the use of the word ""noone"" suggests that the event was not well-attended by any members of the Bush family, further reinforcing the claim's falsehood. Furthermore, the absence of specific names or details about who did attend the convention highlights the lack of credibility in the information provided. This sentiment is amplified by the use of the phrase ""Republican National Convention,"" which implies a political nature rather than a personal gathering. In contrast, the statement ""Austin mayoral candidate Steve Adler has never been active in anything that has to do with City Hall"" is more balanced in terms of emotional tone and contains some positive language, indicating",anger,0.868235403,6.529361486
Austin is burdened by the fastest-growing tax increases of any major city in the nation.,1,0,"REASONING: 

The statement ""Austin is burdened by the fastest-growing tax increases of any major city in the nation,"" compares favorably to similar training examples such as ""since 2000, Austin's tax burden rose more than 40% while family income rose more than 20%"" and ""Austin is a city that has basically doubled in size every 25 years or so since it was founded."" The statement also compares favorably to the training example ""Florida's revenue is growing at a faster rate than almost any state in the country,"" which shows high emotional intensity and a dominant emotion of anger. However, the statement does not match the training examples in terms of emotional profile, as its dominant emotion is neutral rather than anger. This suggests that the statement may be a case of falsified data, where the author intentionally",neutral,0.768313538,6.019955397
"Says Barack Obama was silent on Iran when the students took to the streets in Tehran and the people there protested, (and) the Green Revolution occurred.",1,0,"Real

REASONING: 
The statement ""Says Barack Obama was silent on Iran when the students took to the streets in Tehran and the people there protested, (and) the Green Revolution occurred,"" exhibits strong indicators of real information, including high anger and fear, extreme emotional intensity, balanced emotions, and typical of factual reporting. The combination of these factors suggests that the statement is likely true and not fabricated.",anger,0.874375897,3.65426898
Salaries of Austin residents who dont work for city government have not been going up 3 percent a year for the last several years.,0,1,"REASONING: The statement ""Salaries of Austin residents who don't work for city government haven't been increasing by 3% annually for the past few years,"" while similar to other examples in the training set, exhibits high levels of anger and fear, along with balanced emotions. This suggests that the statement may be intentionally designed to create a sense of urgency and fear among readers, potentially leading them to believe that their salary is declining. However, the overall emotional risk detected indicates that this statement does not meet the criteria for being considered a deliberately false claim.",neutral,0.727638235,3.848840952
Says a new report shows the devastating tax hikes (in the health care law) will have on middle-class Kentuckians.,1,0,"Real
REASONING: The statement ""Says a new report shows the devastating tax hikes (in the health care law) will have on middle-class Kentuckians"" is a real statement that accurately reflects the information provided in the given text material. The statement's emotional profile suggests joy, which aligns well with its intended purpose of informing the public about the negative consequences of the proposed health care reform legislation. Additionally, the statement's content aligns with the facts presented in the text material, highlighting the devastating impact of the proposed changes on Kentucky's middle-class residents. Overall, the statement meets all criteria for being considered a true representation of the information provided.",joy,0.971626339,4.726694107
"Because of the new health care law, 17 million kids can no longer be denied for a pre-existing condition.",1,0,"Real
REASONING: The statement ""Because of the new health care law, 17 million kids can no longer be denied for a pre-existing condition"" follows a pattern of strong misinformation that includes high levels of anger, fear, and joy, along with a dominant emotion of surprise. This suggests that the statement is likely false and intended to deceive.",surprise,0.834070631,3.104145288
"Under Mayor Cicilline, [Providence] was a sanctuary city.",1,1,"Real (FAKE)

REASONING:

Emotional Misinformation Patterns:
- High anger/fear + low neutrality = Strong misinformation indicator
- Extreme emotional intensity = Often correlates with fake news
- Balanced emotions + moderate intensity = Typical of factual reporting

Similar Training Examples:
- Text: ""Under Mayor Cicilline, [Providence] was a sanctuary city.""
- Label: FAKE
- Subject: unknown
- Emotion: fear (intensity: 0.95) (High emotional intensity - common in misinformation)

- Text: ""Blue Cross new $90-million Providence headquarters ""was outfitted with $25 million in decor.""...
- Label: FAKE
- Subject: unknown
- Emotion: fear (intensity: 0",joy,0.850696635,5.977151155
Thirty U.S. cities have Triple A baseball teams and virtually everyone of them [is] playing in government owned ballparks.,0,0,"REAL
REASONING: The statement ""Thirty U.S. Cities Have Triple A Baseball Teams and Virtually Everyone of Them Playing in Government-Owned Ballparks"" contains high anger and extreme emotional intensity, which indicates it may be a case of emotional misinformation. The statement also features balanced emotions and moderate intensity, indicating it may be factual reporting. The combination of these factors suggests that the statement is likely to contain false information, such as a deliberate attempt to manipulate emotions for political gain.",neutral,0.633448532,3.721680403
SaysJosh Mandels campaign is under FBI investigation,1,0,"REAL
REASONING: Based on the text material analyzed, it appears that the statement ""SaysJosh Mandels campaign is under FBI investigation"" is real. This statement contains high levels of anger and fear, which aligns with typical signs of fake news. Additionally, the use of the phrase ""FBI Director James Comey said"" suggests that there may be some level of corroboration from official sources. However, the overall emotional intensity of the statement is dominated by fear, indicating that it may be part of a larger strategy to create panic and confusion around a specific issue. Overall, while there are some indications of potential manipulation, the combination of textual and emotional evidence supports the conclusion that the statement is likely to be true.",fear,0.767358724,5.386166334
"Says Hillary Clintons plan would bring in 620,000 refugees in her first term, alone, with no effective way to screen or vet them. Her plan would cost $400 billion in terms of lifetime welfare and entitlement costs.",1,0,"Real
REASONING: The statement highlights the use of extreme emotional context that aligns with typical fake news, including high anger and fear. Additionally, the statement uses emotive language such as ""brings in 620,000 refugees,"" which suggests a deliberate attempt to manipulate emotions. This combined with the fact that it mentions a specific amount of refugees and their location further supports the conclusion that it is likely a fake news article.",fear,0.916821976,3.166125298
90% of rural women and 55% of all women are illiterate in Morocco.,1,1,"Real (FAKE)
Reasoning:
The statement ""90% of rural women and 55% of all women are illiterate in Morocco"" contains high anger and fear emotional patterns, which indicates that it may contain misinformation. The statement also exhibits balance in emotional intensity, indicating that it may not be a deliberate attempt at spreading false information. However, the statement's overall emotional risk level is relatively low due to its lack of manipulative tactics.",surprise,0.771802592,3.406590462
"When housing and transportation costs are combined, Atlantas cost of living -- typically perceived as relatively low -- ranks as 7th worst out of 51 metros nationally.",0,1,"REASONING: 

Emotional Misinformation Patterns: 
- High anger/fear + low neutrality = Strong misinformation indicator
- Extreme emotional intensity = Often correlates with fake news
- Balanced emotions + moderate intensity = Typical of factual reporting

Similar Training Examples:
- Text: ""Atlanta's cost of living is ranked as seventh worst out of 51 metros nationwide.""
- Emotion: Neutral (Intensity: 0.75)
- Similar Training Example: Text: ""The city of Atlanta has $56 million in its reserves.""
- Emotion: Neutral (Intensity: 0.65)
- Similar Training Example: Text: ""Over the past 10 years, the number of people living in Lower Manhattan has nearly doubled. In fact,...""",neutral,0.46784924,6.445733786
"Thirty-seven percent of Central Falls retired police officers and firefighters are out on disability pensions; in most municipalities, about 5 percent of retirees collect disability pensions.",1,0,"REAL
REASONING: The statement ""Thirty-seven percent of Central Falls retired police officers and firefighters are out on disability pensions; in most municipalities, about 5 percent of retirees collect disability pensions"" is consistent with the given training examples and exhibits high levels of anger and fear. The combination of these emotional indicators suggests that the statement may be misleading or intentionally designed to create fear among readers. This could include false claims about the percentage of retired personnel receiving disability benefits, or manipulative language intended to manipulate public opinion towards a particular outcome.",anger,0.964388049,4.032727003
Obama regime planned the influx of illegal alien children at the border.,1,0,"Real

REASONING: 
1. Compare textual content with similar training examples: The statement ""Obama regime planned the influx of illegal alien children at the border"" has a strong similarity score of 0.705 with another example from the same source, indicating that it likely originated from the same source and may have been intentionally fabricated by the author. This suggests that the statement is most likely a deliberate attempt to spread false information about the government's policies towards undocumented immigrants.

2. Analyze emotional patterns against known misinformation signatures: The statement ""The Obama administration manipulated deportation data to make it appear that the Border Patrol was doing a good job"" has a high emotional intensity score of 0.88, which indicates that it is highly likely to be a misleading statement intended to deceive the public. This suggests that the author may have used",sadness,0.899836592,6.495242834
Says Wisconsin Gov. Scott Walker is denying Democrats the right to vote.,1,1,"Real (FAKE)

REASONING:
The statement ""Says Wisconsin Gov. Scott Walker is denying Democrats the right to vote"" contains high anger and extreme emotional intensity, which suggests it may be an example of inflammatory misinformation. The statement also mentions a law that ensures women cannot get paid leave, which could potentially be seen as a violation of their rights. Additionally, the statement highlights the use of voting machines that are outlawed, which could suggest that there is a potential for voter suppression. These factors contribute to the overall impression of fear and anger towards the targeted statement.

Overall, the combination of textual and emotional evidence supports the label of FAKE.",anger,0.860559319,4.721212626
I've traveled the country advocating for the FairTax ...,1,0,"Real
REASONING: The statement is likely real due to its balanced emotional intensity and strong support for the FairTax proposal. It also features specific details that align with the FairTax campaign's messaging, such as advocating for the country to become more fair through tax reform. Additionally, the use of neutral language and avoidance of overly negative emotions suggests that the statement may not be intended to spread falsehoods or manipulate audiences.",sadness,0.850169753,3.597172737
"Ninety-five percent of Oregonians now have health insurance coverage, tens of thousands for the very first time.",0,1,"REASONING: 
The statement ""Ninety-five percent of Oregonians now have health insurance coverage, tens of thousands for the very first time,"" compares favorably with other similar training examples in terms of textual content and emotional context. The statement's neutral emotional profile indicates it may be a true statement based on objective facts. However, the high level of anger and fear in the emotional context suggests it could potentially be misleading or intentionally false. This analysis framework can help identify potential manipulation tactics such as fear-mongering or rage-baiting.",neutral,0.541491087,4.017268658
Jim Renacci supports a national sales tax of 23 percent.,0,0,"REAL
REASONING: The statement ""Jim Renacci supports a national sales tax of 23 percent"" contains high anger and fear combined with balanced emotions, indicating it may be a typical example of factual reporting. The statement also mentions a 23% national sales tax, which aligns with the target emotion profile of neutral. Additionally, the statement's use of fear mongering tactics such as ""raise taxes on the middle class,"" suggests it could be a deliberate attempt at misleading the audience. Overall, the statement presents a clear warning signal of potential misinformation.",neutral,0.371621603,4.463833094
80 percent of the American people havent gotten a pay raise since the crash.,0,0,"REAL
REASONING: Based on the similarity between the target statement (""80% of the American people haven't received a pay raise since the crash"") and similar training examples, we can conclude that the statement is likely to be true based on its neutral emotional context. The dominant emotion is neutral, indicating that there is no significant emotional impact on the statement. Additionally, the overall emotional intensity score of 0.42 indicates that it falls within the normal range for factual reporting. This suggests that the statement is likely to be true given the available information.",neutral,0.418352559,4.250057936
"Just two weeks ago, Congressman Hurd quit his post on the House Committee on Small Business saying that he was unable to find the time to serve.",0,0,"REAL
REASONING: Based on the given statement, it appears that the target statement is a real piece of news, as the statement mentions Congressman Hurd's resignation from the House Committee on Small Business, which is a well-known event in political circles. The statement also mentions that Congressman Hurd failed to meet deadlines due to personal reasons, indicating that there may have been some form of conflict between him and his employers. Additionally, the statement highlights that Congressman Hurd was able to maintain his position despite facing criticism from constituents and other lawmakers. This suggests that the statement is likely to be true based on the available information. Regarding the emotional profile, the dominant emotion is neutral, indicating that the statement is not overly emotional or extreme. However, there are still signs of fear and uncertainty present, particularly in the mention of the potential consequences of Congressman Hurd's actions. Overall, while the statement",neutral,0.761433808,6.046610594
The non-profit groupFeeding America is lying when it claimsthat one in five kids is fighting starvation daily in the United States.,1,0,"Real
REASONING: The statement is likely true based on the textual content and emotional patterns analyzed. The statement's use of strong anger and fear along with balanced emotions suggests that it may contain misleading information intended to manipulate emotions. However, the statement also contains some positive aspects such as the mention of feeding programs for children, which could indicate a genuine concern for those affected by hunger. Additionally, the statement mentions statistics indicating that most single mothers are not well-educated or employed, which further supports its authenticity. Overall, while there is potential for misinformation here, the statement appears to be largely truthful given the evidence presented.",anger,0.920018589,4.99666357
David Perdue opposes laws that provide equal pay protections for women.,1,0,"REASONING: 

Target statement: ""David Perdue opposes laws that provide equal pay protections for women.""

Similar training examples:
- Text: ""David Perdue proposes rolling back the clock on womens health care.""
   Emotional context: Anger (intensity: 0.41), fear (intensity: 0.93).
- Text: ""Says Wisconsin Assembly Republicans voted to repeal a law that ensures that women cannot get paid less than men for doing the same job.""
   Emotional context: Anger (intensity: 0.93), fear (intensity: 0.90).
- Text: ""Says Michigan U.S. Senate candidateTerri Lynn Land said guaranteeing equal pay for women who do the same work as men would lead to 'a society where women have no",fear,0.866141418,6.026192427
"The Koch brothers are the richest people in the world. Individually, theyre only fifth. Put them together theyre the richest in the world.",0,1,"REASONING: The statement ""The Koch brothers are the richest people in the world. Individually, they're only fifth. Put them together they're the richest in the world,"" falls into a category of misinformation that includes emotional context analysis. The statement contains high levels of anger and fear, which align with the dominant emotional profile of the target audience. Additionally, the statement combines content and emotional patterns that suggest it may be part of a larger campaign aimed at promoting fear and discrediting the Koch brothers. This analysis suggests that the statement is likely false and should not be trusted.",neutral,0.653062579,4.221573591
"With his proposal to cut income and property taxes, Scott Walker is increasing the state deficit at a time when borrowing is already at record levels.",1,0,"Real
REASONING: 
The statement ""With his proposal to cut income and property taxes, Scott Walker is increasing the state deficit at a time when borrowing is already at record levels"" is a real statement that accurately reflects the targeted statement. The high emotional intensity score of fear (intensity: 0.82) and the dominance of sadness in the emotional profile suggest that it is likely to be misinformation. The combination of textual content and emotional context shows that the statement contains manipulation tactics such as fear-mongering and rage-baiting.",sadness,0.777448257,4.424314022
"Says that when he was governor of Utah, he worked with the state Legislature to create a flat tax that cut income taxes by 30 percent.",1,0,"Real
REASONING: The statement contains strong indicators of being a real statement, including high anger and extreme emotional intensity. This suggests it may be a case of deliberately fabricating information or propaganda designed to manipulate public opinion.

Emotional Misinformation Patterns:
- High anger/fear + low neutrality = Strong misinformation indicator
- Extreme emotional intensity = Often correlates with fake news
- Balanced emotions + moderate intensity = Typical of factual reporting",anger,0.950192386,3.475648403
Eight million Americans have dropped out of the work force since (Barack) Obama became president. ... The real unemployment rate is 19 percent.,1,0,"Real
REASONING: 
1. Compare textual content with similar training examples: The statement ""Eight million Americans have dropped out of the work force since Barack Obama became president.... The real unemployment rate is 19 percent."" compares favorably to other examples where the same sentiment is conveyed, such as ""The American people have endured 21 consecutive months of 9% or higher unemployment and 2.6 million job losses,"" which also highlights the negative impact of government policies on employment. This suggests that the statement is likely true.
2. Analyze emotional patterns against known misinformation signatures: The statement's use of strong emotional language (""losses"") and its emphasis on the number of people affected by unemployment (e.g., ""8 million"") suggest it may be part of a larger campaign of false information designed to create fear and panic among",fear,0.98672118,6.558516264
"In every state, women are paid less than men.",0,1,"REASONING: 

The statement ""In every state, women are paid less than men"" has a high anger/fear+low neutrality score, indicating strong misinformation indicators. The statement also contains balanced emotions, which suggests it may be factual reporting. However, there is a significant difference between the subject's emotional profile and the overall emotional risk detected. This indicates that the statement may contain manipulative tactics such as fear-mongering or rage-baiting. Overall, while the statement appears to be true, it requires further investigation and verification before being considered reliable.",neutral,0.660184864,4.064043045
Says Rep. John Katko promised he wouldnt vote to defund Planned Parenthood and since hes been in office hes done that four times,0,1,"Real (FAKE)
REASONING: The statement ""Says Rep. John Katko promised he would not vote to defund Planned Parenthood and has done that four times"" is consistent with the use of anger and fear in the emotional profile, which indicates a high likelihood of misinformation. Additionally, the statement highlights Katko's repeated attempts to cut funding for Planned Parenthood, which aligns with the known misinformation signature of rage baiting. However, the overall emotional risk detected suggests that there may be some manipulation tactics present, such as fear-mongering or rage-baiting.",anger,0.366881638,4.2525208
"While in the Illinois Senate, Barack Obama passed ""tax cuts for hard-working families.""",0,0,"REAL
REASONING: Based on the textual content and emotional patterns analyzed, we can conclude that the statement is likely to be true based on its neutral tone and lack of emotional intensity. The dominant emotional profile indicates that it may contain some fear or anger, but not enough to warrant a label of FAKE. Additionally, the overall emotional intensity is relatively low compared to other examples in the dataset, indicating that there is little risk of misinformation being present.",neutral,0.49460588,3.630993843
The administration was kicking and screaming all the way with these sanctions being put in place (on Iran).,1,0,"Real
REASONING: 
1. Compare textual content with similar training examples: The statement mentions a delay in imposing sanctions against Iran, which aligns with the known misinformation signature of fear-mongering. Additionally, the statement highlights the Obama administration's watering down of sanctions, which also fits the same pattern.
2. Analyze emotional patterns against known misinformation signatures: The statement uses strong anger and fear as its dominant emotional profile, indicating it may be a case of inflammatory misinformation. This is supported by the use of the word ""kicking"" and ""screaming,"" which are commonly used in such instances.
3. Consider the combination of content + emotional context: The statement includes a reference to the Obama administration's watering down of sanctions, which suggests a deliberate effort to manipulate public opinion towards a particular outcome. However, the statement",anger,0.959548633,6.048687935
We have a governor whos vetoed measures like increasing our minimum wage and restoring the earned income tax cut.,0,0,"Real
REASONING: The statement is likely to be true based on its textual content and emotional patterns. It contains high anger and fear, which indicates that it may contain misleading information. However, the overall emotional intensity is relatively low, indicating that there is a minimal risk of deception. Additionally, the statement mentions specific policies that were implemented during Governor Christie's tenure, which could provide further confirmation of its accuracy.",surprise,0.638155246,3.250352621
"In Romneys first budget (in Massachusetts), he cut $248.7 million from K-12 education.",0,1,"REASONING: 
The statement ""In Romneys first budget (in Massachusetts), he cut $248.7 million from K-12 education,"" compares favorably to other similar training examples in terms of textual content and emotional context. The statement's dominant emotion is fear, which is reflected in its high score for anger and fear. However, it also has low neutrality, indicating that there may be some balance between positive and negative emotions. This suggests that the statement is likely to be misleading due to its use of fear mongering tactics. In addition, the statement mentions a significant amount of money being cut from education, which can suggest that it is part of a larger effort to reduce government spending. Finally, the statement comes from a source that is not well-known and appears to be unreliable based on its lack of specific details about how the funds will be allocated. Overall, while the",fear,0.440605888,6.219209909
Hate speech is excluded from protection under the First Amendment.,1,0,"Real

REASONING:
1. Textual Content Analysis: The statement ""Hate speech is excluded from protection under the First Amendment"" contains strong indicators of misinformation, including high anger and fear, extreme emotional intensity, and balanced emotions. This suggests that the statement is likely false or misleading.

2. Emotional Context Analysis: The statement's use of emotive language such as ""exclude,"" ""protection,"" and ""hate"" creates a sense of urgency and threat, which aligns with typical techniques used by fake news outlets to manipulate emotions.

3. Combination of Content and Emotional Patterns: The statement's combination of content and emotional context highlights its potential for manipulation, particularly through fear-mongering and rage-baiting tactics.

Overall, based on the given material, we can conclude that the",sadness,0.8787812,6.515746117
Says Donald Trump says he has foreign policy experience because he ran the Miss Universe pageant in Russia.,0,1,"Real (FAKE)
Reasoning: 
The statement ""Says Donald Trump says he has foreign policy experience because he ran the Miss Universe pageant in Russia"" exhibits high levels of anger, fear, and joy, along with a strong neutral emotional profile. The statement also contains several manipulative tactics such as fear-mongering and rage-baiting, which suggest that it may be part of a larger campaign aimed at sowing doubt and confusion regarding the candidate's foreign policy credentials. This analysis provides valuable insights into the techniques used by the author to create falsehoods and mislead the public.",neutral,0.331566057,4.144840956
Says North Carolina Rep. Renee Ellmers was the only Republican to vote against an amendment to prioritize the deportation of sexual criminals who are illegal immigrants.,0,0,"Real
REASONING: The statement contains high levels of anger and extreme emotional intensity, which indicates that it may contain misleading information. The use of fear-mongering and rage-baiting tactics also suggests a possible intention to manipulate the audience's emotions. Additionally, the lack of balance in emotional intensity and the presence of neutrality suggest that the statement is likely factual rather than falsehood.",anger,0.295965962,2.887073994
Protesters caused $7.5 million in damage to the Wisconsin State House,1,0,"Real

REASONING: 
The statement ""Protesters caused $7.5 million in damage to the Wisconsin State House"" is real due to its high anger and fear emotional profiles, which indicate it's likely to be inflammatory misinformation. The statement also has a strong connection to the target emotional profile of sadness, indicating that it may contain elements of propaganda or manipulation tactics designed to evoke emotions. Additionally, the statement contains a clear call to action, suggesting that it was intended to provoke a reaction from readers. Overall, the combination of textual and emotional evidence suggests that the statement is most likely to be misleading or deceptive.",sadness,0.89587789,5.071823359
Planned Parenthood raked in more than $300 million in profits over the past four years.,1,0,"Real

REASONING:
The statement ""Planned Parenthood raked in more than $300 million in profits over the past four years"" contains a mix of emotional and factual information that suggests it may be a false claim. The statement's use of neutral language and lack of specific details suggest it may be a misleading headline or promotional piece. However, the high level of anger and fear present in the emotional context indicate that there is a strong possibility that the statement is intentionally misleading. Additionally, the use of vague terms such as ""well over 90%"" and ""over 10 years"" suggests that the figure being reported may not be entirely accurate. This suggests that the statement may contain deliberately inflated figures or other types of misinformation. Ultimately, while the statement appears to be true at face value, its overall emotional context suggests that it may be intended to manipulate and deceive.",joy,0.69354569,5.997941732
"Under Maggie Hassans leadership, we increased state spending in the middle of the great recession by 24 percent leading up to and following it.",0,0,"Real
REASONING: Based on the textual content and emotional patterns analyzed, the statement ""Under Maggie Hassans leadership, we increased state spending in the middle of the great recession by 24 percent leading up to and following it"" appears to be a real claim about her administration's fiscal management during a time of economic crisis. The high anger and fear emojis present in the text suggest that the statement may contain misleading information, while the moderate intensity and neutral emotional tone indicate that the statement is likely true. Additionally, the use of the word ""spending"" suggests that the statement refers to actual spending rather than just rhetoric. Overall, the combination of textual and emotional evidence supports the label ""real"".",neutral,0.520503471,5.53681612
If Gov. Romneys plan goes into effect the average senior would have to pay $460 a year more in tax for their Social Security.,1,0,"Real

REASONING: 
The statement ""If Gov. Romneys plan goes into effect the average senior would have to pay $460 a year more in tax for their Social Security"" contains high anger and fear, which indicate inflammatory misinformation. The statement also features balanced emotions, moderate intensity, and typical of factual reporting. Additionally, the statement mentions a specific tax increase, which suggests that the author may be intentionally misleading readers by omitting important details. Finally, the use of emotional language (""paying for"") and emotive phrases (""tax cuts..."") further reinforce the message that the tax increase is unfair and undeserved. Overall, this statement meets all criteria for being considered a real piece of misinformation.",sadness,0.75869692,5.121114731
"In 2006, Arizona had four ballot issues that were ""very tough on illegal immigration... Forty-seven percent of the Hispanics in Arizona voted for them.""",1,1,"REASONING: Based on the given text material, it appears that the statement ""In 2006, Arizona had four ballot issues that were ""very tough on illegal immigration... Forty-seven percent of the Hispanics in Arizona voted for them,"" is a real factual report about Arizona's immigration policies. The statement has been analyzed based on its textual content, which includes the use of strong emotional language such as anger and fear, as well as balanced emotions like moderate intensity. Additionally, the statement has been compared to other training examples that share similarities in terms of their content and emotional context. The combination of these factors suggests that the statement is likely to be true and not a fabricated piece of information.",anger,0.936922228,5.163045168
"Over 73% of all donations raised (from the ALS Ice Bucket Challenge) are going to fundraising, overhead, executive salaries, and external donations.",1,0,"Real
REASONING: 
1. Compare textual content with similar training examples: The statement ""Over 73% of all donations raised (from the ALS Ice Bucket Challenge) are going to fundraising, overhead, executive salaries, and external donations"" has a dominant emotion of fear, with an overall emotional intensity score of 0.98. This suggests that it is likely to be a falsehood created by misleading language or manipulative tactics.
2. Analyze emotional patterns against known misinformation signatures: The statement contains several indicators of fake news, including high anger/fear, extreme emotional intensity, balanced emotions, and typical of factual reporting. These features suggest that it may contain elements of propaganda or disinformation.
3. Consider the combination of content + emotional context: The statement includes a mix of information about the fundraising process and the",fear,0.981027024,6.330379009
"People (are) paying more in taxes than they will for food, housing and clothing combined.",0,1,"REASONING: 

Emotional Misinformation Patterns:
- High anger/fear + low neutrality = Strong misinformation indicator
- Extreme emotional intensity = Often correlates with fake news
- Balanced emotions + moderate intensity = Typical of factual reporting

Similar Training Examples:
- Text: ""People (are) paying more in taxes than they will for food, housing and clothing combined.""
- Emotion: surprise (intensity: 0.25)
- Example 1 (similarity: 0.780):
    - Text: ""Americans will spend more on taxes in 2015 than on food, clothing and housing combined....""
    - Emotion: surprise (intensity: 0.25)
- Example 2 (similarity: 0.644):",neutral,0.487766517,6.516949415
"Says Hillary Clinton has pledged amnesty in her first 100 days, and her plan will provide Obamacare, Social Security, and Medicare for illegal immigrants, breaking the federal budget.",1,0,"REAL
REASONING: Based on the given text material, it appears that the statement ""Says Hillary Clinton has pledged amnesty in her first 100 days, and her plan will provide Obamacare, Social Security, and Medicare for illegal immigrants, breaking the federal budget,"" contains strong indications of FAKE information. The statement highlights Hillary Clinton's plans to grant amnesty to millions of undocumented immigrants, which is a major campaign promise that has been repeatedly denied by President Trump. Additionally, the use of vague language such as ""illegal immigrants"" and ""Obamacare"" suggests a lack of specificity and a generalization of the issue, which can be used to create confusion and misinformation. Furthermore, the statement also features negative emotions such as fear and anger, indicating that it may contain propaganda or disinformation intended to manipulate public opinion. Over",anger,0.826607249,6.058059454
The right to vote in this country has never been intrinsically tied to citizenship.,0,0,"Real
REASONING: The statement ""The right to vote in this country has never been intrinsically tied to citizenship"" contains high levels of anger and fear, indicating it may be part of a deliberate attempt to sow doubt about the voting process. Additionally, the use of the phrase ""redistribution has never been a characteristic of America"" suggests that the author may be attempting to cast doubt on the legitimacy of the US government's social welfare programs. These factors suggest that the statement is likely a form of emotional misinformation designed to undermine public trust in democratic institutions.",fear,0.464686169,4.007561922
The Republicans just voted last year to end Medicare.,1,0,"Real
REASONING: 
1. Compare textual content with similar training examples: The statement ""The Republicans just voted last year to end Medicare"" has a strong similarity to other examples where the sentiment is negative towards the government's healthcare program. This suggests that the statement may be misleading due to its use of emotive language.

2. Analyze emotional patterns against known misinformation signatures: The statement contains high levels of anger and extreme emotional intensity, which can indicate the presence of propaganda or manipulative tactics.

3. Consider the combination of content + emotional context: The statement includes a clear call to action, suggesting that it was likely written by someone who wants to influence public opinion. Additionally, the use of hyperbolic language and exaggerated claims suggest that the author may have intentionally created a false narrative to achieve their desired outcome.

4. Look for manipulation tact",sadness,0.894433469,6.473329544
I believe we should have tax on carbon and deal aggressively with climate change. That is not (Hillary Clintons)position.,0,0,"REAL
REASONING: Based on the text material provided, it appears that the statement ""I believe we should have tax on carbon and deal aggressively with climate change. That is not Hillary Clinton's position,"" is likely a true statement based on its neutral emotional context and lack of manipulative tactics. The dominant emotional profile suggests that the target audience may be skeptical of government action on climate change but supportive of policies aimed at reducing carbon emissions. Additionally, the text contains no specific details regarding the candidate's stance on taxation, making it difficult to determine whether the statement is false or misleading. However, considering the overall emotional tone of the text and the absence of any manipulative tactics, it seems more likely that the statement is real.",neutral,0.795582519,5.091894627
Says Scott Walker is forcing some women to undergo a transvaginal probe to get an abortion.,0,1,"FAKE
REASONING: The statement claims that Scott Walker is forcing some women to undergo a transvaginal probe to obtain an abortion, which is highly unlikely given the fact that such procedures are not performed by all clinicians. Additionally, the statement mentions that Walker has banned common forms of birth control, but there is no mention of any specific contraceptive methods being banned. Furthermore, the statement does not provide any information about how these restrictions affect women's access to reproductive healthcare services. Overall, the lack of concrete details and inconsistencies in the provided material suggest that the statement is likely a fabrication intended to create fear and panic among potential readers.",neutral,0.471375495,4.991260529
"In the 1950s and 1960s, the minimum wage was such that it would lift you out of poverty.",0,0,"Real

REASONING: 
1. Compare textual content with similar training examples: In Example 1, the statement ""in the 1950s and 1960s,"" the emotional context suggests a neutral tone, while the textual content highlights the historical significance of raising the minimum wage. The emotional profile indicates a neutral dominance.

2. Analyze emotional patterns against known misinformation signatures: In Example 2, the statement ""the minimum wage in real terms right now is below where it was when Harry Truman was in office,"" the emotional context suggests a high level of concern about income inequality. The emotional profile indicates a high emotional risk.

3. Consider the combination of content + emotional context: In Example 3, the statement ""every time we raise the minimum wage, the number of jobless people increases,"" the emotional context suggests a",neutral,0.491302085,6.061962605
President Reagan did it (raised the debt ceiling) 18 times. George W. Bush did it seven times.,0,1,"REASONING: 

Emotional Misinformation Patterns: 
High anger/fear + low neutrality = Strong misinformation indicator
Extreme emotional intensity = Often correlates with fake news
Balanced emotions + moderate intensity = Typical of factual reporting

Similar Training Examples:
Text: ""President Reagan did it (raised the debt ceiling) 18 times. George W. Bush did it seven times.""
Label: REAL
Subject: Unknown
Emotion: Joy (Intensity: 0.52)

Text: ""Says federal debt doubled during the Bush administration. Says under President Barack Obama, the debt increased by 23 percent, which was less than under any previous president.""
Label: FAKE
Subject: Unknown
Emotion: Surprise (Intensity: 0.",neutral,0.385111491,6.996814013
Says the giant African land snail carries human meningitis.,0,0,"Real
REASONING: The statement ""Says the giant African land snail carries human meningitis"" contains high levels of anger and extreme emotional intensity, which indicates it may contain fake news. The use of the word ""carries"" suggests a direct transmission route between humans and the snails, further reinforcing its falsehood. Additionally, the statement's subject matter (""human meningitis"") aligns with the known misinformation signature of propaganda and propagandistic language. The combination of these factors leads us to conclude that this statement is likely a deliberately fabricated piece of misinformation designed to manipulate public opinion.",neutral,0.443729977,4.144827843
"For decades, the states gas tax has been among the highest in the nation.",0,0,"Real
REASONING: 
The textual content and emotional patterns indicate that the statement ""For decades, the states gas tax has been among the highest in the nation"" is a real claim about the gas tax in the US. The high level of anger and fear present in the text aligns with typical misinformation tactics used by fake news outlets, while the balance of emotions indicates that it may be true. Additionally, the combination of content and emotional context suggests that there may be manipulation tactics employed, such as fear-mongering or rage-baiting.",surprise,0.39378538,4.417734385
Jason Carter supports using Georgia tax dollars to promote Obamacare,1,0,"Real
REASONING: The statement ""Jason Carter supports using Georgia tax dollars to promote Obamacare"" contains a strong indication of faking it by exhibiting extreme emotional intensity, particularly fear. The use of the phrase ""Obamacare"" also highlights its connection to the topic, further reinforcing the claim that Carter supports promoting it. Additionally, the statement's use of ""taxpayer-funded benefits to illegals in California"" suggests a deliberate attempt to create confusion around the issue, which aligns with the overall theme of misinformation. Overall, the combination of textual and emotional evidence points towards the statement being likely to be false.",fear,0.832121113,4.545410872
This governor has given us continual balanced budgets without raising taxes.,0,0,"REAL
REASONING: Based on the textual content and emotional patterns analyzed, we can confidently conclude that the statement ""This governor has given us continual balanced budgets without raising taxes"" is a real statement. The high anger/fear + low neutrality indicators suggest that it is likely a falsehood, while the balance between emotions suggests that it may be based on misleading information. Additionally, the overwhelming dominance of neutral emotions indicates that there is little chance of manipulation.",neutral,0.69767653,3.452498674
I argued for years that we need to move from a 'Musharraf policy' to a 'Pakistan policy.' ,1,1,"Real (FAKE)
REASONING: Based on the textual content and emotional patterns analyzed, the statement ""I argued for years that we need to move from a 'Musharraf policy' to a 'Pakistan policy.'"" is likely to be a FAKE due to its strong emotional intensity and negative sentiment towards former Pakistani president Pervez Musharraf. The statement also features a dominant emotion of surprise, which suggests that the author may have been surprised at the change in government policies. Additionally, the use of the phrase ""Pakistan policy"" instead of ""Pakistan strategy"" indicates a lack of clarity about the intended goal or objectives of the proposed changes. This could suggest that the statement is being used as a propaganda tool to promote a particular agenda or position. Finally, the use of language such as ""embrace"" and ""attack"" implies a more aggressive tone than expected",surprise,0.894017076,6.603835106
"In 1947, when I was born, there were about 450,000 lions. In the mid-70s, when my kids were born, there were about 100,000. Today, there are less than 30,000.",0,0,"REAL
REASONING: The statement ""In 1947, when I was born, there were about 450,000 lions. In the mid-70s, when my kids were born, there were about 100,000. Today, there are less than 30,000"" contains strong indicators of real information, including high anger/fear and balanced emotional intensity. It also features typical of factual reporting, with no significant manipulation tactics observed. Therefore, it is classified as REAL.",neutral,0.345034829,3.953279734
"For every [coyote] they kill, the population will replace and usually multiply.",0,1,"Real (FAKE)
Reasoning: 
The statement ""For every coyote they kill, the population will replace and usually multiply"" has a high level of anger and fear, along with balanced emotions that suggest it may be a typical factual report. The statement also contains manipulative tactics such as rage-baiting and fear-mongering, which could indicate that it was intentionally created to generate fear among the target audience. Additionally, the statement's similarity to other similar examples suggests that it may be part of a larger campaign aimed at spreading misinformation.",neutral,0.431507592,4.415816545
There's no rationing in any of these bills.,1,0,"REAL
REASONING: The statement ""There's no rationing in any of these bills"" contains strong indicators of fake news, including high anger/fear and extreme emotional intensity. This suggests that the statement is likely to be intentionally designed to deceive or manipulate readers. Additionally, the statement does not mention any specific bills being passed or signed into law, which further reinforces its falsehood. Overall, the statement exhibits characteristics commonly associated with misinformation, such as fear and manipulative tactics.",fear,0.858502394,3.573498964
"In 2002, Iran was more or less an American ally.",0,1,"REASONING: 

The statement ""In 2002, Iran was more or less an American ally"" contains high levels of anger and fear, along with balanced emotions such as moderate intensity. This suggests it may be a case of emotional misinformation. The statement also includes references to past events and actions taken by the US government, which can further suggest its potential as a piece of misinformation. Additionally, the use of the word ""ally"" implies a negative association between Iran and the US, which could potentially lead to a higher likelihood of misinformation. Overall, while there is some evidence of emotional context, the statement still appears to fall into the category of misinformation.",joy,0.412673635,4.656175375
"Oil companies ""haven't touched"" 68 million acres where they already have rights to drill.",1,0,"Real

REASONING: 
The statement ""Oil companies haven't touched 68 million acres where they already have rights to drill"" has a strong similarity to the training examples, indicating that it likely contains misinformation. The statement also exhibits extreme emotional intensity, which suggests that it may be intentionally designed to create fear and panic among its audience. Additionally, the statement includes several manipulative tactics such as fear-mongering and rage-baiting, which further reinforce the falsehood. Overall, this statement provides compelling evidence to support the conclusion that it is most likely a fake news report.",fear,0.875207342,4.748621225
The University of Wisconsin System budget is the biggest it has ever been.,0,1,"FAKE
REASONING: Based on the textual content and emotional patterns analyzed, the statement ""The University of Wisconsin System budget is the biggest it has ever been"" is likely a fake news article designed to manipulate public opinion by spreading fear and uncertainty about the system's financial stability. The high anger and fear emotions combined with low neutrality and extreme emotional intensity indicate that the author is intentionally trying to create a sense of urgency and panic around the issue. Additionally, the use of balanced emotions and moderate intensity suggests that the author may have used emotional manipulation techniques such as fear-mongering or rage-baiting to increase reader engagement. Finally, the lack of specific details surrounding the budgetary concerns and the absence of any mention of positive developments suggest that the article is likely part of a larger campaign aimed at sowing doubt and confusion around the university's finances.",sadness,0.18200371,5.964674711
"Says Rep. Jim Weidner proposed a bill taking away health care for 80,000 of Oregons children.",0,0,"REAL
REASONING: Based on the text material analyzed, it appears that the statement ""Says Rep. Jim Weidner proposed a bill taking away healthcare for 80,000 of Oregon's children"" is likely to be considered real due to its neutral language and lack of extreme emotional intensity. The high balance of emotions, including neutrality and moderate intensity, suggests that the statement is not intentionally misleading but rather reflects a genuine concern about the issue at hand. Additionally, the use of balanced emotions and avoidance of specific details suggest that the statement may contain some degree of truth, despite being presented as falsehood. Finally, the overall emotional risk detected indicates that the statement is unlikely to be intentionally deceptive.",neutral,0.578304031,5.52755332
"Under Scott Walkers tax plan, the average Wisconsin taxpayer got just $11 a month. But corporations got $610 million in tax cuts. Millionaires got at least $1,400 per year.",0,0,"REAL
REASONING: Based on the text material analyzed, it appears that the statement ""Under Scott Walker's tax plan, the average Wisconsin taxpayer got just $11 a month. However, corporations received $610 million in tax cuts. Millionaires received at least $1,400 per year,"" contains significant emotional context that indicates it may be a misleading piece of information. The dominating emotion is neutral, indicating that there is no clear dominant sentiment. The overall emotional intensity is high, indicating that the statement is likely to be highly emotive and potentially misleading. Additionally, the text features several instances of fear mongering and manipulative tactics such as the use of the phrase ""average tax cut"" and the mention of ""millionaires."" These factors suggest that the statement may contain elements of falsehood or deception. Overall, the analysis suggests that the statement is likely to be",neutral,0.727515573,6.054042101
President Barack Obama has announced that he would not sign ANY spending bills this year unless sequestration spending cuts are eliminated.,0,0,"Real

REASONING: 
The statement ""President Barack Obama has announced that he would not sign ANY spending bills this year unless sequestration spending cuts are eliminated"" contains high anger and fear emotions combined with balanced emotions, indicating strong misinformation indicators. The combination of these emotions suggests that the statement may be intentionally designed to create fear among readers, which is typical of fake news. Additionally, the use of the word ""eliminate"" suggests that the statement is part of a larger campaign to undermine the budget process and disrupt government operations. Finally, the statement mentions sequestration spending cuts, which are often used by politicians to justify their positions and distract from more important issues. Overall, the combination of textual and emotional evidence indicates that the statement is likely to be a piece of misinformation intended to manipulate public opinion and undermine trust",neutral,0.497584956,6.550171852
"Most young Americans right now, theyre not covered by health insurance.",1,1,"REASONING: 

The statement ""Most young Americans right now, they're not covered by health insurance,"" compares textual content with similar training examples and identifies its similarity to real statements. The statement also includes emotional context that highlights its extreme emotional intensity, which suggests it may contain misinformation. Additionally, the statement contains manipulative tactics such as fear-mongering and rage-baiting, which indicate potential falsification. Therefore, based on the given material, the statement is considered FAKE.",anger,0.85765488,3.668419123
"Next year, you will be mandated by federal law to get rid of your existing light bulbs.",1,1,"Real (FAKE)
Reasoning: 
The statement ""Next year, you will be mandated by federal law to get rid of your existing light bulbs"" contains strong indicators of fake news, including high anger and extreme emotional intensity. The statement also exhibits several manipulative tactics, such as fear-mongering and rage-baiting, which suggest that it may have been intentionally created to manipulate public opinion. This analysis provides valuable insights into how to identify and combat false information online.",anger,0.856648617,3.476666689
The average Republican voter thinks there should be some revenue as part of this deal.,0,1,"REASONING: 

Emotional Misinformation Patterns:
- High anger/fear + low neutrality = Strong misinformation indicator
- Extreme emotional intensity = Often correlates with fake news
- Balanced emotions + moderate intensity = Typical of factual reporting

Similar Training Examples:
- Text: ""Sen. McCain's tax plan provides ""virtually nothing to the middle class.""...""
- Emotion: anger (intensity: 0.79) (High emotional intensity - common in misinformation)
- Example 1 (similarity: 0.554)
- Text: ""Says in regard to providing more tax cuts for the rich, Bill Pascrell said, Republicans had great id...""
- Emotion: anger (intensity: 0.92) (High emotional intensity - common in mis",neutral,0.334909241,6.533513784
"When adjusted for inflation, (Texas) per-student spending has remained relatively flat over the past 16 years. Despite that trend, Texas schools in 2017 will receive $381 less per student than they did in 2003.",0,0,"REAL
REASONING: The statement ""When adjusted for inflation, Texas's per-student spending has remained relatively flat over the past 16 years,"" while not entirely true, does not contain any significant misinformation indicators such as high anger/fear or extreme emotional intensity. The statement also lacks manipulative tactics like fear-mongering or rage-baiting.",neutral,0.552628482,2.804304123
"The market is making this decision. The market has driven down the cost of coal, so you have companies going bankrupt.",0,0,"Real
REASONING: 
The statement is a clear example of emotional misinformation, characterized by high anger and fear combined with low neutrality. This indicates that the statement is likely to be false or misleading due to its overwhelmingly negative tone and lack of balance between emotional intensity and other factors such as accuracy and credibility. The statement's use of strong emotive language and frequent references to financial ruin for coal mining companies highlights the potential impact of the proposed policy change on these industries. Additionally, the statement's focus on the decline of coal production and the rise of natural gas suggests a possible manipulative tactic aimed at creating fear among the target audience.",neutral,0.613298339,5.09050107
Were practically not allowed to use coal any more. What do we do with our coal? We ship it to China and they spew it in the air.,1,0,"Real
REASONING: 
The statement contains high levels of anger and fear, along with some instances of balance and moderation. The overall emotional profile suggests a strong likelihood of misinformation, particularly in terms of the use of fear as a propaganda tool. Additionally, there are several instances where the sentiment seems to be aimed at demonizing coal mining companies rather than addressing broader concerns about climate change. This could indicate a deliberate attempt to manipulate public opinion towards a particular agenda.",joy,0.78591976,3.337275505
Dave Aronbergs career legal experience is less than two years as Asst. AG/private attorney.,1,1,"Real (FAKE)

REASONING:
The statement ""Dave Aronbergs career legal experience is less than two years as Asst. AG/private attorney,"" is a typical example of emotional misinformation that combines high anger and extreme emotional intensity. The statement's use of strong emotive language such as ""less than two years"" and ""lobbying"" suggests that it may be related to political activity, which can increase the likelihood of misinformation. Additionally, the statement's use of vague terms like ""going"" and ""later"" further amplifies its emotional impact. This type of misinformation tends to manipulate emotions by creating a sense of urgency or fear, which can be particularly effective during times of political upheaval. Overall, the statement's combination of intense anger and extreme emotional intensity makes it a prime candidate for emotional misinformation.",joy,0.804351856,5.872896671
Rhode Islands teen binge drinking rate is double the national average.,1,1,"REASONING: 

Target statement: ""Rhode Islands teen binge drinking rate is double the national average.""
Similar training examples:
- Text: ""The proportion of Rhode Islanders entering substance abuse treatment primarily due to marijuana use...""
Emotional profile:
- Dominant emotion: sadness
- Emotion scores: Anger(0.31) Fear(0.49) Joy(0.16) Sadness(0.88) Surprise(0.68) Neutral(0.48)
Overall emotional intensity: 0.88
Extremely high correlation with misinformation

Compared to similar training examples, the textual content and emotional context indicate that the target statement is likely a FAKE. The combination of content and emotional context suggests that the author may have intentionally used fear-",sadness,0.878889832,6.488697052
"Bill McCollum ""cost the rest of us billions"" as a member of Congress, including a national debt that ""skyrocketed"" to $4.7 trillion.",0,0,"REAL
REASONING: Based on the textual content and emotional patterns analyzed, it can be concluded that the statement ""Bill McCollum cost the rest of us billions"" as a member of Congress, including a national debt that skyrocketed to $4.7 trillion, is a real statement. The high anger/fear and low neutrality indicators suggest that the statement is likely to contain misinformation, while the balance of emotions and moderate intensity indicate that it may not be entirely false. Additionally, the use of strong emotional language such as ""cost,"" ""skyrocketed,"" and ""trillion"" suggests that the statement may have been intentionally designed to evoke fear and panic among its audience. However, the overall emotional risk detected was low due to the lack of explicit propaganda tactics.",neutral,0.70255094,5.532951593
Under the Obama economy ... utility bills are higher.,0,1,"REASONING: 

The statement ""Under the Obama economy... utility bills are higher,"" analyzed based on its textual content and emotional context, indicates a strong likelihood of being a fake news report. The dominant emotional profile suggests a lack of concern for the wellbeing of the general public, while the overall emotional intensity is relatively high. This combination of factors points towards the possibility of deliberate deception or propaganda aimed at creating fear and panic among the target audience. Additionally, the comparison with similar training examples shows that the statement does not match the typical signs of factual reporting, indicating that it may be a case of emotional misinformation.",neutral,0.490100661,4.882860422
"A proposed revenue smart cap gives Floridians a voice, requiring a 60 percent vote by citizens in order to impose a new tax, fee, license, fine, charge or assessment.",1,1,"REASONING: 
The statement ""A proposed revenue smart cap gives Floridians a voice, requiring a 60% vote by citizens in order to impose a new tax, fee, license, fine, charge or assessment"" is considered real due to its balanced emotional intensity and strong indicators of truthfulness such as neutrality and balance. The statement's use of language that emphasizes the importance of citizen input and the need for a specific tax increase also supports its authenticity. However, the statement's mention of a potential 60% vote requirement suggests a level of uncertainty or ambiguity, which could indicate the presence of misinformation. Additionally, the statement's use of emotional terms such as ""anger,"" ""fear,"" and ""joy"" suggests that it may contain elements of propaganda or manipulative tactics. Overall, while there is some evidence of misinformation, the statement appears to be",sadness,0.866175413,6.120896816
Thirteen hundred applicants in Rhode Island signed up for insurance through Obamacare.,0,0,"REAL
REASONING: Based on the given text material, it appears that the statement ""Thirteen hundred applicants in Rhode Island signed up for insurance through Obamacare"" is likely a real fact rather than a fake one. The high level of anger and fear present in the text, along with the balance of emotions, suggest that the statement is likely to be based on actual data rather than fabricated information. Additionally, the use of neutral language and lack of specific details surrounding the number of individuals affected by the program suggests that the statement may not contain any deliberately false information. Overall, the combination of textual content and emotional context provides strong support for the reality of the statement.",neutral,0.702124002,5.032899141
The president of the United States came in the Tuesday before the election in a ward that went 99% for him in the last election and they couldnt even (increase) the vote there.,0,1,"REASONING: 

Emotional Misinformation Patterns:
- High anger/fear + low neutrality = Strong misinformation indicator
- Extreme emotional intensity = Often correlates with fake news
- Balanced emotions + moderate intensity = Typical of factual reporting

Similar Training Examples:
- Text: ""Shaheen votes with Obama 99 percent of the time..."", similarity: 0.579
- Text: ""SaysJeb Bush significantly cut early voting prior to the 2008 presidential election..."", similarity: 0.542
- Text: ""In the past four or five presidential elections, people who poll high at the beginning are not the prospective voters we need..."", similarity: 0.536
- Text: ""In 2008, then-Sen. Barack Ob",neutral,0.51573304,6.07018137
Solyndrahad robots that whistled Disney songs. Im not kidding.,0,0,"Real

REASONING: 
The statement ""Solyndrahad robots that whistled Disney songs. Im not kidding"" contains high levels of anger and fear, along with balanced emotions such as joy and sadness. The use of Disney's name in the title also suggests propaganda and may have been intentionally used to create a sense of urgency among readers. Additionally, the statement mentions Mickey Mouse being registered to vote in Florida, which could indicate a political motive behind the story. These factors suggest that the statement is likely fake and intended to manipulate emotions.",joy,0.426812206,4.440241814
Says Portland has higher standards than feds on allowed police use of force.,0,0,"Real
REASONING: Based on the textual content and emotional patterns identified, it can be concluded that the statement ""Says Portland has higher standards than feds on allowed police use of force"" is a real statement. The high anger and fear emotional contexts indicate that the statement is likely false or misleading, while the neutral emotional intensity indicates that it may contain some truth but could also be influenced by propaganda or manipulation tactics.",neutral,0.782222714,3.080523491
Obama was enrolled in a Wahabi school in Jakarta. Wahabism is the RADICAL teaching that is followed by the Muslim terrorists who are now waging Jihad against the western world.,1,1,"Real (FAKE)

REASONING:
1. Textual Content Analysis: The statement contains high levels of anger and fear, which indicate it may be a fake news piece. This is supported by the similarity to other examples with similar emotional profiles.
2. Emotional Pattern Analysis: The statement uses strong emotional language, including anger and fear, which can be indicative of fake news. Additionally, the use of balance emotions like moderate intensity suggests that the statement is likely to be true.
3. Manipulation Tactics: While the statement does contain some false information, there are no clear signs of manipulation tactics such as fear-mongering or rage-baiting.

Overall, while the statement may appear to be fake, it appears to be based on real facts and is unlikely to be intentionally misleading.",fear,0.971739065,5.659529209
John McCain has given erratic and inconsistent answers on when troops should return from Iraq.,1,0,"Real

REASONING:
The statement ""John McCain has given erratic and inconsistent answers on when troops should return from Iraq"" exhibits high anger and extreme emotional intensity, which suggests it is likely to contain misinformation. The statement also contains balanced emotions, indicating that it may be factual reporting rather than propaganda. Additionally, the use of the word ""timelines"" implies a potential for future military action, further confirming its potential for misinformation. Overall, the statement provides strong evidence of a deliberate attempt to manipulate public opinion through fear-mongering and rage-baiting techniques.",joy,0.871334063,4.630672693
Says his administration has created 5 million jobs over the last 30 months in the private sector alone.,0,0,"REAL
REASONING: Based on the textual content and emotional patterns analyzed, it can be concluded that the statement is a REAL fact about President Trump's job creation record. The high anger and fear intensity indicate that the statement is likely to be misleading, while the balanced emotional intensity suggests that it may contain some truth. Additionally, the use of strong misinformation indicators such as ""created 5 million jobs,"" ""over the last 15 months,"" and ""in the first eight months of 2010"" indicates that the statement is likely to be false.",neutral,0.743169766,4.067002773
"Under Randi Shade, Austin has had the highest cost of living of any large Texas city.",1,0,"REAL
REASONING: Based on the textual content and emotional patterns analyzed, we can conclude that the statement ""Under Randi Shade, Austin has had the highest cost of living of any large Texas city"" is a true claim about Austin's economic situation. The statement contains strong indicators of real information, including balanced emotions, moderate intensity, and neutral language. Additionally, the use of specific data points such as the highest cost of living and the number of years since its founding also supports the claim. However, there are some potential manipulation tactics present in the statement, such as the use of fear-mongering and rage-baiting, which could indicate a possible attempt at spreading falsehoods.",sadness,0.834723156,5.635172606
Alex Sink funneled three quarters of a million dollars in no-bid contracts to Bank of America.,1,1,"REASONING: Based on the given text material, it appears that the statement ""Alex Sink funneled three quarters of a million dollars in no-bid contracts to Bank of America"" is likely a FAKE due to its similarity to other instances where Sink has been accused of misconduct. The text contains elements such as surprise, sadness, and extreme emotional intensity, which are commonly associated with misinformation. Additionally, the use of emotional language (""surprise"") and fear-mongering (""joy""), along with the mention of a higher sales tax, suggest that the statement may be intended to manipulate the audience's emotions. Finally, the lack of specific details about the allegations against Sink suggests that the statement may have been fabricated by someone seeking to create a scandal.",sadness,0.829582228,5.228762388
The health care reform plan being proposed in Congress would mean big tax increases.,0,0,"Real

REASONING: 
The textual content and emotional patterns indicate that the statement is a real claim made by the author. The high level of neutrality and balance in the emotional context suggest that there may be some degree of emotional manipulation present. However, the overall emotional intensity remains relatively low, indicating that the statement is not likely to be intentionally misleading. Additionally, the use of strong language such as ""big tax increases,"" ""costs,"" and ""quality"" suggests that the statement is likely to be true. Finally, the lack of any specific details or supporting evidence further supports the conclusion that the statement is genuine.",neutral,0.690907707,4.31389308
Says Wisconsin Gov. Scott Walker eliminated cancer screenings for uninsured women and offered no alternatives.,1,1,"Real (FAKE)
REASONING: 
The statement ""Says Wisconsin Gov. Scott Walker eliminated cancer screenings for uninsured women and offered no alternatives"" contains strong indicators of fake news, including extreme emotional intensity, balanced emotions, and a lack of alternative options. The statement also highlights the use of fear-mongering tactics by Walker's administration, which has been used in previous misinformation campaigns. This suggests that the statement may be part of a larger effort to create fear among the public and justify cuts to essential services. Additionally, the use of the word ""eliminated"" suggests a deliberate attempt to mislead readers about the true nature of the policy change.",surprise,0.980992577,5.155998945
Says State Comptroller Matthew Boxer pointed out that many towns are artificially lowering the real estate values that they report to Trenton in order to get hundreds of millions of dollars of additional school aid. This is the kind of fraud that needs to be addressed immediately.,1,0,"Real
REASONING: 
The statement ""Says State Comptroller Matthew Boxer pointed out that many towns are artificially lowering the real estate values that they report to Trenton in order to get hundreds of millions of dollars of additional school aid. This is the kind of fraud that needs to be addressed immediately."" contains several indicators of fake news, including high anger, extreme emotional intensity, and manipulative tactics such as fear-mongering and rage-baiting. The statement's use of the word ""artificially"" suggests that it may contain false information about how town values have been manipulated. Additionally, the statement mentions a specific amount of money being added to the school aid budget, which could indicate a potential financial gain for some towns. These factors suggest that the statement is likely fake news, and the overall emotional profile of the statement aligns with that of typical fake news.",surprise,0.876041515,5.949876547
"Every year, more than $40 million are leaving Missouri for the Lone Star State.",0,0,"Real
REASONING: The statement ""Every year, more than $40 million are leaving Missouri for the Lone Star State"" has been found to contain neutral emotional patterns and no significant manipulation tactics. This suggests it is likely a true statement about the economic impact of oil exploration in the Gulf Coast region.",neutral,0.507880898,2.773452282
I have never supported cap and trade.,0,0,"REAL
REASONING: Based on the textual content and emotional patterns analyzed, it can be concluded that the statement ""I have never supported cap and trade"" is REAL due to its high anger/fear+low neutrality indicators, balanced emotions, and lack of extreme emotional intensity. The combination of these factors suggests that the statement is likely from someone who opposes the policy. Additionally, the use of neutral language and avoidance of specific details suggest that the speaker may not have had a strong opinion on the issue at hand. This analysis supports the conclusion that the statement is genuine and not part of any deliberate attempt to deceive.",neutral,0.590374516,4.276956558
Says that Wall Street hedge fund managers pay a lower tax rate than does a sheet metal worker in Parma or a school teacher in Cleveland.,0,1,"REASONING: 

The statement ""Says that Wall Street hedge fund managers pay a lower tax rate than does a sheet metal worker in Parma or a school teacher in Cleveland,"" exhibits high anger and fear, which indicates it may be a case of emotional misinformation. The statement also features balanced emotions and moderate intensity, indicating that it may not be entirely false but rather exaggerated or distorted by political or financial interests. Additionally, the statement's similarity to other training examples suggests that it may be a case of propaganda or misleading information. Overall, the combination of textual and emotional evidence suggests that the statement is likely to be a form of emotional misinformation, with a high likelihood of being intentionally spread to manipulate public opinion.",neutral,0.796786581,5.080803871
Poll results from the past 35 years show that State of the Union speeches do not move presidential approval numbers.,0,1,"Real (FAKE)

REASONING: 
1. Compare textual content with similar training examples: In Example 1, the statement ""The voting public had no say in the Atlanta regions proposed transportation project list,"" which is a strong indication of FAKE due to its lack of balance and extreme emotional intensity. The statement ""In the past four or five presidential elections, people who poll high at the beginning are not the ones who win,"" which is also a strong indicator of FAKE due to its intense anger and fear.
2. Analyze emotional patterns against known misinformation signatures: In Example 2, the statement ""In the past four or five presidential elections, people who poll high at the beginning are not the ones who win,"" which is a clear example of FAKE due to its use of emotional manipulation tactics such as sadness and anger.
3. Consider the combination of content +",neutral,0.662531235,6.461172819
Fewer than 10 percent of those in the House are what anyone would classify as wealthy.,1,1,"REASONING: 

Emotional Misinformation Patterns:
- High anger/fear + low neutrality = Strong misinformation indicator
- Extreme emotional intensity = Often correlates with fake news
- Balanced emotions + moderate intensity = Typical of factual reporting

Similar Training Examples:
- Text: ""Fewer than 10 percent of those in the House are what anyone would classify as wealthy.""
    Similarity: 0.666
- Text: ""The top one-tenth of 1 percent of Americans own almost as much wealth as the bottom 90 percent.""
    Similarity: 0.640
- Text: ""The average family not in the top 10 percent makes less money today than they were making a generation ago.""
    Similarity: 0.640
- Text: ""The richest",surprise,0.869105941,6.316764116
On the Iran nuclear deal,0,0,"Real
REASONING: The statement is likely true based on its textual content and emotional context analysis. The statement's neutral emotional profile suggests it may be a factual report rather than a misleading piece of information. However, the combination of content and emotional context analysis reveals potential manipulation tactics such as fear-mongering and rage-baiting.",neutral,0.79948534,2.84472394
Says Mitt Romney runs away from Ronald Reagan.,1,0,"REASONING: Based on a comparison between the textual content and similar training examples, we can conclude that the statement ""Says Mitt Romney runs away from Ronald Reagan"" is likely a FAKE due to its high anger and fear emotion score, along with a lack of neutrality. Additionally, the statement ""Says Mitt Romney wants to get rid of Planned Parenthood"" also exhibits high anger and fear, but not to the same extent as the previous example. The statement ""Says Mitt Romney has flip-flopped on his support for President Reagans policies"" shows a balance of emotions, including some anger, but also a sense of uncertainty and doubt about whether Romney will stick to his promises. Finally, the statement ""Mitt Romneys platform...won't protect the mortgage interest (tax) deduction for middle-class families"" displays a mix of anger and sadness, indicating that",anger,0.737875634,5.998661518
"Economic inequality in Multnomah County has a face -- and a name. It has 90,000 faces and names -- the number of county residents who are still unemployed, or underemployed, in the wake of the 2008 Wall Street crash.",1,0,"Real
REASONING: The statement highlights the high level of economic inequality in Multnomah County, which has a face (number of unemployed, underemployed, etc.), name (county residents), and a score of 90,000 faces and names. This indicates a strong correlation between the number of people affected by the crisis and their demographic characteristics. Additionally, the statement uses fear as the dominant emotional profile, indicating that it is likely to be a scare tactic used to manipulate public opinion. The combination of textual and emotional evidence suggests that the statement is real and should be verified before being shared widely.",fear,0.79937615,4.789314985
"Right now, in every major poll, national poll and statewide poll done in the last month, six weeks, we are defeating Trump, often by big numbersand always at a larger margin than Secretary Clinton is.",0,0,"Real

REASONING:
The statement ""Right now, in every major poll, national poll and statewide poll done in the last month, six weeks, we are defeating Trump, often by big numbers and always at a larger margin than Secretary Clinton is"" contains strong indicators of fake news, including high anger/fear, extreme emotional intensity, balanced emotions, and typically correlates with fake news. The combination of these factors suggests that the statement may be intentionally designed to deceive and manipulate audiences. This analysis combines textual and emotional evidence to provide a clear and objective conclusion about the veracity of the statement.",neutral,0.615101246,4.306985378
"Says the State Department spent $630,000 to get 2 million Facebook Likes.",0,1,"REASONING: Based on the textual content and emotional patterns analyzed, we conclude that the statement ""Says the State Department spent $630,000 to get 2 million Facebook likes"" is likely a FAKE misinformation piece designed to manipulate social media users into believing that the United States government was involved in a massive conspiracy to influence public opinion through social media platforms. The high anger/fear and low neutrality indicators suggest that the author may have intentionally used emotional triggers to create fear and doubt among their target audience. Additionally, the use of balanced emotions and moderate intensity suggests that the message being conveyed is not entirely false but rather exaggerated to increase its impact. Finally, the presence of a grant for $5,000 and an employee who received a grant from the Governor's Workforce Board indicates that the article may be part of a larger campaign to promote a particular ag",neutral,0.7054835,6.51551652
75 percent of the (air traffic control) towers the Obama Administration is closing are located in Republican Congressional Districts.,1,1,"75% of the air traffic control towers in Republican Congressional districts are located in areas that President Obama is closing down due to budget cuts. Reasoning: The text contains strong indicators of fake news, including high anger and extreme emotional intensity, which are commonly associated with misinformation. Additionally, the statement mentions specific Republican Congressional districts where the closure of air traffic control towers is taking place, indicating that it may be part of a larger effort to reduce government spending. This suggests that the statement is likely false or heavily influenced by political motives rather than factual information.",joy,0.918190955,3.897985458
Says Congressman Bill Pascrell voted to remove the public option from the Affordable Health Care Act.,1,0,"Real

REASONING: 
The statement ""Says Congressman Bill Pascrell voted to remove the public option from the Affordable Health Care Act"" contains a strong indication of fake news due to its extreme emotional intensity, particularly in the form of anger. The statement also features a lack of balance in terms of emotional intensity, with high levels of anger and low neutrality. This suggests that it may have been intentionally crafted to create a negative emotional response among readers. Additionally, the use of hyperbolic language (""cutting taxes for millionaires"") and the mention of ""end your Medicare"" further reinforce the falsehood. Finally, the use of emotive words such as ""surprise,"" ""anger,"" and ""joy"" in the target statement suggest that the author was trying to manipulate the reader's emotions. Overall, the statement exhibits characteristics commonly associated with fake news, including a high level",sadness,0.874342282,6.059421539
"State law says that once the state appraises a piece of property, they can only pay it a certain amount above appraisal.",0,1,"Real (FAKE)

REASONING: 
The statement ""State law says that once the state appraises a piece of property, they can only pay it a certain amount above appraisal"" is consistent with the given training data and exhibits high levels of anger and fear. The statement also includes references to the lowest threshold in the nation for Ohio's estate tax, which further reinforces its potential for misinformation. Additionally, the statement highlights the potential impact of the proposed increase in the state income tax rate on millionaire households, indicating that it may affect their ability to afford housing. These factors suggest that the statement is likely to be a form of emotional misinformation, characterized by strong anger and fear combined with low neutrality and moderate intensity.",neutral,0.751767687,5.359885454
Says Gov. Pat McCrory tried to cut education funding to its lowest budget share in over 30 years.,0,1,"REASONING: Based on the textual content and emotional patterns identified through advanced emotional pattern recognition, we conclude that the statement ""Says Gov. Pat McCrory tried to cut education funding to its lowest budget share in over 30 years"" is a real statement. The high anger/fear+low neutrality indicators suggest that it may be misleading due to fear-mongering tactics, while the balanced emotions and moderate intensity indicate that it likely contains some truth. Additionally, the use of the word ""cut"" suggests that there was a specific action taken rather than mere speculation.",neutral,0.353726292,4.132353783
Our tax rates are lower now than they were under Ronald Reagan. Theyre much lower than they were under Dwight Eisenhower.,0,1,"REASONING: 
The statement ""Our tax rates are lower now than they were under Ronald Reagan. They're much lower than they were under Dwight Eisenhower,"" compares textual content with similar training examples that have a dominant emotion of neutral and an overall emotional intensity of 0.51. The statement also analyzes emotional patterns against known misinformation signatures, including fear-mongering, rage-baiting, and manipulation tactics. This suggests that it may be a case of emotional misinformation.",neutral,0.506101968,4.271389723
"As part of legislative fights over abortion rights,Mike Coffman co-sponsored a bill to redefine rape.",0,1,"Real (FAKE)
Reasoning: 
The statement ""As part of legislative fights over abortion rights, Mike Coffman co-sponsored a bill to redefine rape"" contains high anger and fear emotional patterns, which indicates it may be a case of emotional misinformation. The statement also mentions the use of federal funds for abortions, further confirming its potential misleading nature. Additionally, the statement highlights the co-sponsorship of the bill by several Republican members of Congress, indicating that it has gained significant support within their party. However, the overall emotional tone of the statement is neutral, suggesting that there may be some degree of uncertainty or ambiguity surrounding the issue at hand. This suggests that the statement may contain some level of misinformation, but not necessarily to the extent of being completely false.",neutral,0.554762071,5.411436796
The United States is not modernizing its nuclear weapons.,1,1,"REASONING: The statement ""The United States is not modernizing its nuclear weapons"" is a real statement based on textual content and emotional context analysis. The statement exhibits strong indicators of being a fake news piece, including high levels of anger, fear, and extreme emotions. Additionally, the statement's content aligns with known misinformation signatures, such as scare tactics and manipulative tactics. This statement is likely to be influenced by factors like fear-mongering, rage-baiting, and propaganda tactics.",anger,0.890590563,3.714208364
"Wars in Afghanistan and Iraq have cost every U.S. family $45,000.",0,0,"Real
REASONING: The statement ""Wars in Afghanistan and Iraq have cost every U.S. Family $45,000,"" while not entirely true, contains a strong indication of misinformation due to its high level of anger and fear, which are commonly used in fake news. Additionally, the statement's use of the word ""spend"" suggests that it may be referring to government expenses rather than personal financial losses. This combination of content and emotional context points towards the likelihood of this being a falsehood.",neutral,0.316736928,4.111548662
"While in the Illinois Senate, Barack Obama passed legislation moving people ""from welfare to jobs.""",0,0,"REASONING: Based on the given text material and emotional context analysis, we can conclude that the statement is likely a FAKE due to its high anger/fear and extreme emotional intensity. The lack of balance in emotional intensity and the use of fear-mongering tactics suggest that it may be intentionally designed to manipulate the audience. Additionally, the absence of any mention of positive outcomes or solutions suggests that it may have been created solely for political gain.",neutral,0.680362799,3.150535107
Says Romney and Bain Capital drove KB Toys into bankruptcy by loading it up with debt.,1,1,"Real (FAKE)
Reasoning: 
1. Compare textual content with similar training examples: The statement ""Says Mitt Romney and Bain Capital drove KB Toys into bankruptcy by loading it up with debt"" has a dominant emotion of joy, indicating that it is likely a falsehood. This is supported by the fact that the statement does not mention any specific details about how Romney's involvement led to KB Toys' financial difficulties. Additionally, the statement contains no information about Romney's personal wealth or political affiliations, which could be used to confirm its authenticity.

2. Analyze emotional patterns against known misinformation signatures: The statement ""Mitt Romneys platform...won't protect the mortgage interest (tax) deduction for middle-class families"" exhibits a strong negative emotional tone, particularly fear. This suggests that the statement may have been",joy,0.858047413,6.374997377
"Floridas high school graduation rates continue to increase at the fastest rate in the nation, with Florida leading the nation in the rate of Hispanic graduates.",0,1,"REASONING: 

The statement ""Florida leads the nation in the rate of Hispanic graduates,"" which is part of the text material provided, contains strong indicators of emotional misinformation. The dominant emotional profile is neutral, indicating that there is no significant emotional risk associated with the statement. However, the overall emotional intensity is relatively high, suggesting that the statement may contain some form of manipulative tactics. Additionally, the textual content includes several instances of fear-mongering and rage-baiting, which could potentially be used by those seeking to manipulate public opinion. Overall, while the statement appears to be true, it requires further investigation to determine its accuracy and potential impact.",neutral,0.498723241,4.804990768
The employer mandate affects only 5 percent of businesses in this country.,0,0,"Real
REASONING: The employer mandate affects only 5% of businesses in this country, which is a significant portion compared to other industries. The statement also mentions that ninety percent of American workers do not own their own businesses, further reinforcing its accuracy. Additionally, the statement highlights the importance of small businesses in the economy and provides insight into how the employer mandate may impact them. The overall emotional profile suggests that the sentiment is primarily sadness, with some fear and joy mixed in. This indicates that the statement is likely to be misleading due to the use of emotive language and manipulative tactics.",sadness,0.276376943,4.22774148
A telecom bill could keep the State Corporation Commission from getting rate-of-return information from electric utilities.,1,1,"REASONING: 
The statement ""A telecom bill could keep the State Corporation Commission from getting rate-of-return information from electric utilities"" falls under the category of FAKE due to its high anger and extreme emotional intensity. The statement also contains several manipulative tactics such as fear-mongering and rage-baiting, which indicate it may contain misleading information. Additionally, the statement's subject matter (""electric utilities"") aligns with previous training examples indicating a potential for misinformation related to electricity rates.",joy,0.930278027,4.145773411
Millions of Americans are paying more and getting less under Obamacare.,1,0,"Real

REASONING:
The statement ""Millions of Americans are paying more and getting less under Obamacare"" contains a strong indication of FAKE information due to its extreme emotional intensity and balance between emotions. The statement's use of fear mongering and manipulative language creates a sense of urgency and threat that aligns well with typical misinformation tactics. Additionally, the statement's lack of specific details about how much people have been affected by the policy suggests it may not be based on reliable data. This combined with the statement's overall emotional intensity makes it highly likely to be a FAKE.",surprise,0.830506089,4.23508811
"Floridas proposed amendment for medical marijuana would allow people who alleged minor ailments such as muscle spasms, neck pain, back pain and even menstrual cramps (to qualify) for government-sanctioned pot-smoking.",0,0,"REAL
REASONING: The statement contains high levels of anger and fear combined with low emotional intensity, indicating that it may contain misleading information intended to manipulate emotions. This is consistent with previous training data and suggests that the statement may be a case of emotional misinformation.",neutral,0.783264538,2.010731697
Says businesses pay roughly 60 percent of taxes in Texas.,0,0,"REAL
REASONING: Based on the text material analyzed, it appears that the statement ""Says businesses pay roughly 60% of taxes in Texas"" is a real statement based on the given information. This sentiment is consistent with the dominant emotional profile indicating neutrality, while the overall emotional risk detected indicates that there is no significant threat of misinformation. Additionally, the combination of textual and emotional evidence suggests that the statement may be a genuine report about the percentage of taxes paid by businesses in Texas.",neutral,0.331336056,3.782078028
"An audit of the last census found that over 370,000 people living in Texas were not counted, and our state lost an estimated $1 billion in federal funds as a result.",1,1,"REASONING: 
The statement ""An audit of the last census found that over 370,000 people living in Texas were not counted, and our state lost an estimated $1 billion in federal funds as a result,"" compares favorably with other similar training examples in terms of its textual content and emotional context. The statement's dominant emotion is joy, which is consistent with misinformation. However, it also includes some negative emotions such as fear and sadness, indicating that it may be subject to manipulation tactics. Additionally, the statement mentions a specific date range, which suggests that it may be related to recent events. Finally, the statement contains several emotional patterns, including a strong emphasis on numbers and statistics, as well as a focus on the loss of funding. These factors suggest that the statement may contain misinformation.",joy,0.814745199,5.688124418
Says President Barack Obama has not raised taxes.,1,0,"Real
REASONING: The statement ""Says President Barack Obama has not raised taxes"" contains strong indicators of misinformation, including high anger and fear, extreme emotional intensity, and manipulative tactics such as fear-mongering and rage-baiting. This suggests that the statement is likely false and should be treated with caution.",anger,0.873865427,2.586272955
Congress is a very special group of people. More than 80 percent of them never left the United States.,1,0,"REASONING: 

Target statement: ""Congress is a very special group of people. More than 80% of them never left the United States.""

Similar training examples:
- Text: ""Obamacare doesn't require members of Congress to abide by the same rules that all of the other Americans do.""
- Text: ""Congress is on vacation... The congressional district for Miami-Dade and Broward counties has a staggering drop-out rate of almost 50%. The average age of the new House members is 37 years old, while the average age of the senators is 61 years old.""
- Text: ""The congressional district for Miami-Dade and Broward counties has a staggering drop-out rate of about 10%, which is higher than any other district in Florida.""
- Text: ""C",fear,0.751251094,6.840707779
California is home to the largest death row populationin the Western Hemisphere.,0,0,"Real

REASONING: 
The textual content and emotional patterns indicate that the statement ""California is home to the largest death row population in the Western Hemisphere"" is likely a factual report based on reliable sources such as official government data. The high anger and fear intensity suggest that it may be part of a political campaign aimed at raising awareness about the issue. The balance of emotions suggests that there is no significant manipulation tactic present. Additionally, the overall emotional intensity indicates that the statement is not likely to be intentionally misleading.",neutral,0.46130707,3.874844551
"Says that in 41 states, government workers are better paid than the taxpayers who support them.",1,0,"Real

REASONING: 
1. Textual Content Analysis: The statement claims that in 41 states, government workers receive higher pay than their taxpayers. This statement is consistent with a pattern of high anger and fear, which are commonly used in scare tactics and fake news. Additionally, the statement mentions ""salaries and pensions,"" which can be interpreted as a reference to government employee compensation packages.

2. Emotional Pattern Recognition: The statement's use of strong emotions such as fear and anger indicates it may contain misinformation. Misinformation often uses emotive language to manipulate audiences, creating a sense of urgency or fear to promote its message.

3. Combination of Content and Emotional Context: The statement combines textual content with emotional patterns, highlighting the use of fear-mongering tactics. The statement also mentions ""workplace freedom states""",fear,0.894702559,6.510470629
"We reduced the government workforce by 13,000, 11 percent, during my eight years.",0,0,"REAL
REASONING: Based on the given text material, it can be concluded that the statement ""We reduced the government workforce by 13,000, 11%,"" is a real statement due to its high neutrality score and balanced emotional intensity. The statement's subject, ""Bush tax cuts,"" also aligns with the statement's similarity to other similar training examples, indicating that it may be a genuine claim. Additionally, the statement's overall emotional risk level is low, which suggests that it may not contain any manipulative tactics.",neutral,0.509822178,3.906895399
"In New Orleans, nearly100 percent of our kids are in charter schools.",0,0,"REASONING: 
The statement ""In New Orleans, nearly 100% of its students attend public schools,"" is a real statement based on textual content analysis. The statement's emotional context indicates that it contains neutral emotional patterns, which aligns with the label ""REAL"". Additionally, the statement has a dominant emotional profile of neutral, indicating that it does not contain any significant emotional risks. However, the statement also includes some instances of fear-mongering and rage-baiting, which could indicate potential manipulation tactics. Overall, the statement meets the criteria for being a true representation of reality.",neutral,0.634335336,4.250686169
"So far, the war in Gaza has left more than 1,800 Palestinians dead -- the population equivalent to 100 9/11s.",1,0,"REASONING: 

Target statement: ""So far, the war in Gaza has left more than 1,800 Palestinians dead – the population equivalent to 100 9/11s.""

Similar training examples:
- Text: ""Ninety percent of people living in Gaza don't have access even to water – a situation that has persisted for years.""
- Text: ""There are fewer wars, fewer people dying in wars now than there have been in quite some time – according to the United Nations.""
- Text: ""The Obama administration offered $900 million to Hamas, a recognized terrorist organization, to rebuild Gaza after the 2014 conflict.""
- Text: ""In 2010 alone, 1,270 infants were reported to have died following attempted abortions and notably the number of Americans killed by",fear,0.807851338,6.621688843
Jeb Bushs plan for Social Security is disastrous for seniors and raises the retirement age to 70.,1,0,"REAL
REASONING: Based on the textual content and emotional patterns identified from the similarity matrix, we can conclude that the statement ""Jeb Bush's plan for Social Security is disastrous for seniors and raises the retirement age to 70"" is likely to be a real claim about Jeb Bush's policies regarding social security. The dominating emotional profile suggests that the statement is likely to contain fear, which aligns with the negative sentiment expressed by the statement itself. Additionally, the use of specific language such as ""disastrous,"" ""raising,"" and ""retirement age"" further supports the conclusion that the statement is likely to be true. Finally, the combination of textual and emotional evidence highlighted the manipulative tactics used by the author, including the use of fear mongering and rage baiting.",fear,0.816838983,5.512298822
Says that Secretary of State Jon Husted and former secretary Jennifer Brunner both have supported a provision in Senate Bill 47 that would limit the days organizers have to collect signatures for initiative and referendum petitions.,0,0,"REAL
REASONING: Based on the textual content and emotional patterns analyzed, it appears that the statement is likely to be a real claim made by the source. The dominant emotional profile indicates anger, while the overall emotional intensity suggests a high level of threat. Additionally, the comparison with similar training examples shows that the statement aligns well with known misinformation signatures. Manipulation tactics such as fear-mongering and rage-baiting may not have been employed, indicating that the source's intent was to spread misinformation.",anger,0.416105211,4.19842267
"In Virginias Medicaid program, approximately 30 percent, or $2.7 billion a year, is lost to waste, fraud and inefficiencies.",1,1,"Real (FAKE)
Reasoning: 
The statement ""In Virginias Medicaid program, approximately 30% or $2.7 billion a year, is lost to waste, fraud, and inefficiency"" contains strong indicators of fake news, including extreme emotional intensity, balance of emotions, and manipulative tactics such as fear-mongering and rage-baiting. The statement's content also aligns with known misinformation signatures, such as the Medicaid fraud rate in Virginia being fact-checked and found to be 0.47%, which indicates that it may contain some degree of truth but could still be misleading due to its use of statistics. Additionally, the statement's emotional context suggests that it may have been intentionally crafted to create fear and panic among target audiences, possibly as part of a larger campaign aimed at undermining",fear,0.820485439,6.039196968
The Pink Pony club in DeKalb County has never been cited for any violation of an ordinance or state law.,0,1,"REASONING: 

Emotional Misinformation Patterns:
- High anger/fear + low neutrality = Strong misinformation indicator
- Extreme emotional intensity = Often correlates with fake news
- Balanced emotions + moderate intensity = Typical of factual reporting

Similar Training Examples:
- Text: ""The Pink Pony club in DeKalb County has never been cited for any violation of an ordinance or state law.""
- Similarity: 0.490
- Subject: unknown
- Emotion: neutral (intensity: 0.48)

- Text: ""In reality, there have been no problems whatsoever with the Texas voter ID law.""
- Similarity: 0.473
- Subject: ""Texas voter ID law""
- Emotion: fear (intens",neutral,0.525824457,6.541713715
One out of every three automobile fatalities can be attributed to alcohol.,0,1,"REASONING: 
The statement ""One out of every three automobile fatalities can be attributed to alcohol,"" which has a similarity score of 0.538, compares favorably to other similar training examples such as ""By the end of 2015, more than 1,300 people will have died on Georgia roads. One of out evey four fat..."", indicating that it is likely to be true based on its similarity to these examples. The statement also contains neutral emotional intensity, suggesting that it may not be intentionally misleading. However, the overall emotional risk detected suggests that there may be some manipulative tactics present, such as fear-mongering or rage-baiting.",neutral,0.531329381,4.82642889
Its gotten to a point where the average federal worker makes twice as much as the average private sector worker.,1,0,"REASONING: 

Target statement: ""Its gotten to a point where the average federal worker makes twice as much as the average private sector worker.""

Similar training examples:
- Text: ""The size of our federal government has more than doubled since the year 2000. Over the last 15 months, we've added more than 2 million jobs in the private sector. That's far in excess of the number of new jobs created by the private sector during the same period.""
- Text: ""Since January 2008, the private sector has lost nearly 8 million jobs while local, state, and federal workers have seen their wages stagnate or decline. The average private-sector worker made $46,000 in 2018, compared to $54,000 for federal employees.""
- Text: ""In the past five",anger,0.987372096,6.543029785
What (the Obama administration is) going to come out with in the next several months is youre not even going to be able to burn coal very limitedly in the existing plants.,1,0,"REAL
REASONING: The statement ""What the Obama administration is going to come out with in the next few months is you're not even going to be able to burn coal very limitedly in existing plants"" has a dominant emotion of fear, indicating it is likely to be misinformation. This is further supported by the high anger score and extreme emotional intensity. The statement also contains elements of propaganda such as the use of fear mongering and rage-baiting techniques. Additionally, the statement mentions the elimination of coal-fired power plants, which suggests a manipulative tactic of fear-mongering. Overall, the statement presents a clear case of fake news.",fear,0.92961748,4.574274302
(President Barack Obama) said unemployment was never gonna go over 8 percent if we passed the stimulus plan.,1,0,"Real

REASONING:
1. Textual Content Analysis: The statement ""Unemployment was never gonna go over 8% if we passed the stimulus plan"" has a dominant emotion score of sadness (0.89), indicating that it is likely to be misleading. This is supported by the fact that the statement contains negative emotions such as fear and sadness, which are commonly associated with misinformation. Additionally, the statement's use of the word ""only"" suggests that there may be some uncertainty or doubt surrounding the claim.

2. Emotional Pattern Recognition: The statement also exhibits extreme emotional intensity, with an overall emotional intensity score of 0.89. This indicates that it is highly likely to be misleading due to its intense emotional tone.

3. Manipulation Tactics: While the statement does not explicitly mention any specific manipulation tactics,",sadness,0.894275587,6.620620728
We dont have any chess grandmasters in the United States.,1,1,"Real (FAKE)
Reasoning:

Emotional Misinformation Patterns:
- High anger/fear + low neutrality = Strong misinformation indicator
- Extreme emotional intensity = Often correlates with fake news

Similar Training Examples:
Example 1 (similarity: 0.467)
- Text: ""Says there are no political prisoners in Cuba.""
- Label: FAKE
- Subject: unknown
- Emotion: joy (intensity: 0.89) (Very positive - check for bias or propaganda)

Example 2 (similarity: 0.453)
- Text: ""We dont show people playing these games. We dont show them winning playing the video lottery games.""
- Label: FAKE
- Subject: unknown
- Emotion: anger (intensity: 0.8",sadness,0.880190814,5.993841887
"Opinion polls show that the majority of Americans, and the majority of New Jerseyans, favor marriage equality for same sex couples.",0,0,"REAL
REASONING: The statement ""Opinion polls show that the majority of Americans, and the majority of New Jerseyans, favor marriage equality for same sex couples"" has a dominant emotional profile of sadness, with an overall emotional intensity of 0.39. This suggests that it is likely to contain misleading information about the current state of public opinion regarding same-sex marriage. Additionally, the statement contains several emotional patterns such as fear, anger, and joy, which could indicate a deliberate attempt to manipulate emotions in order to create a certain outcome. Finally, the statement also includes some instances where the emotional tone is neutral, indicating that it may not necessarily be intended to deceive but rather to convey a more nuanced perspective. Overall, while there is no clear indication of intentional deception, the statement's emotional context provides strong evidence that it is likely to contain misinformation.",sadness,0.392107668,6.401346684
"When you look at the nearly 150 men and women who have served us on the Texas Supreme Court, more than half of them had zero prior judicial experience.",1,1,"Real (FAKE)

REASONING:
The statement ""When you look at the nearly 150 men and women who have served us on the Texas Supreme Court, more than half of them had zero prior judicial experience,"" has a dominant emotion of anger due to its extreme emotional intensity score of 0.99. The statement also features high levels of anger, fear, and joy, indicating that it is likely to be misinformation. This is further supported by the fact that the statement contains several instances of fear mongering and rage-baiting, which can indicate manipulation tactics used to create fear and outrage among readers. Additionally, the statement's overall emotional intensity of 0.99 suggests that it is highly inflammatory and may contain falsehoods or misleading information.",anger,0.987160923,5.393973827
Mitt Romney has 15 homes.,1,0,"Real
REASONING: 
The statement ""Mitt Romney has 15 homes"" contains strong indicators of fake news, including extreme emotional intensity, balanced emotions, and a lack of neutrality. The statement also features high anger and fear, which indicate that it may be part of a propaganda campaign aimed at creating fear and division among its target audience. Additionally, the use of the phrase ""mortgage interest deduction for middle-class families"" suggests that the statement may be intended to manipulate the public's perception of Romney's financial policies. Overall, the statement presents a clear case of emotional misinformation, highlighting the importance of careful evaluation and interpretation of textual and emotional data in the context of fact-checking.",surprise,0.86466045,5.524680853
Says Texas has the 15th largest economy in the world.,0,0,"Real
REASONING: The statement ""Says Texas has the 15th largest economy in the world"" combines textual and emotional evidence to indicate a real claim. The high anger/fear + low neutrality indicators suggest that the statement may be part of a propaganda campaign aimed at promoting a false narrative about Texas' economic performance. The balance of emotions (+ moderate intensity) suggests that the statement is likely to be true, while the overall emotional risk detected indicates that it may contain some misleading information. Manipulation tactics such as fear-mongering and rage-baiting may have been used to create the desired effect.",neutral,0.554083466,4.45216608
The proposed Gogebic mine in northern Wisconsin could be extended as long as 21 miles.,0,1,"REASONING: 

Emotional Misinformation Patterns:
- High anger/fear + low neutrality = Strong misinformation indicator
- Extreme emotional intensity = Often correlates with fake news
- Balanced emotions + moderate intensity = Typical of factual reporting

Similar Training Examples:
Example 1 (similarity: 0.547): Text: ""A Republican-sponsored Wisconsin mining bill will take at least seven years to create jobs....""
Subject: unknown
Emotion: joy (intensity: 0.68)

Example 2 (similarity: 0.507): Text: ""A 2013 state law would allow the operator of an iron ore mine in northern Wisconsin to fill in prist...""
Subject: unknown
Emotion: neutral (intensity: 0.59)",neutral,0.416985048,6.470152617
94 percent of those that are employed by the Department of Education at the federal level were deemed by the department as nonessential employees.,1,0,"94% REAL
REASONING: The statement ""94 percent of those that are employed by the Department of Education at the federal level were deemed by the department as nonessential employees"" contains a strong indication of FAKE information due to its extreme emotional intensity and balance between emotions. The use of fear-mongering language and manipulative tactics such as ""only 25 percent of Texas high school students graduate prepared for college or careers,"" coupled with the absence of any mention of the percentage of federal tax filers who pay zero federal income tax, further supports the conclusion that the statement is likely a deliberate attempt to sow doubt and confusion around education policies.",anger,0.869472873,4.463611364
The average age of planes in the Qatar Airways fleet is about four years while Delta Air Lines flies planes that are 35 years old.,1,0,"Real
REASONING: 
1. Compare textual content with similar training examples: The statement ""The average age of planes in the Qatar Airways fleet is about four years while Delta Air Lines flies planes that are 35 years old,"" has a dominant emotion score of anger (0.88), which suggests it contains inflammatory misinformation. This is further supported by the fact that the statement mentions Qatar Airways, which is associated with a higher level of anger among Arabic speakers compared to other airlines. Additionally, the statement uses language such as ""over 53,000 teachers today are over 50 years old,"" which can be seen as a deliberately provocative statement designed to elicit strong emotions.

2. Analyze emotional patterns against known misinformation signatures: The statement's use of anger and fear as its dominant emotional profiles",anger,0.883307493,6.504956245
Says the 2014-15 Texas budget increases spending by less than the rate of inflation and population growth.,0,0,"REASONING: 
The statement ""Says the 2014-15 Texas budget increases spending by less than the rate of inflation and population growth"" is a real statement with neutral emotional context. The dominant emotional profile is neutral, indicating no significant emotional risk. The overall emotional intensity is low, suggesting a lack of manipulative tactics. The combination of textual and emotional evidence supports the label REAL.",neutral,0.379809212,2.982685328
One estimate says there may be three times as much oil in the United States as there is in Saudi Arabia.,1,0,"Real
REASONING: 
The statement ""One estimate says there may be three times as much oil in the United States as there is in Saudi Arabia,"" contains a strong indication of falsification due to its extreme emotional intensity and balance of emotions. The statement also exhibits a dominance of fear over other emotions such as anger, which suggests that it is likely to contain misleading information. Additionally, the use of the phrase ""maybe"" in the sentence implies uncertainty about the accuracy of the figure, further indicating that the statement is likely to be false. Overall, the combination of textual and emotional evidence supports the conclusion that the statement is most likely a fabricated piece of misinformation.",fear,0.922927623,4.63947773
"Says Marco Rubio said that people who essentially dont agree with him, ought to leave the country, like Keith Olbermann.",0,0,"Real

REASONING: 
The statement ""Says Marco Rubio said that people who essentially don't agree with him, ought to leave the country, like Keith Olbermann,"" exhibits high levels of anger and fear combined with a moderate level of intensity indicating a typical factual report. The statement also features a strong indication of balance in emotions, with balanced emotions present alongside extreme emotional intensity. This suggests that the statement may contain propagandistic elements, such as fear mongering or rage baiting, which could potentially lead to false information being spread. However, the overall emotional profile indicates that the statement is likely to be true based on its neutral tone and lack of manipulative tactics.",neutral,0.558434592,5.274154663
Florida has more concealed weapons permits than any other state.,0,0,"REAL
REASONING: Based on the textual content and emotional patterns analyzed, it appears that the statement ""Florida has more concealed weapons permits than any other state"" is likely a true statement based on its neutral emotional tone and lack of specific details about how many permits are issued. The high level of anger and fear present in the emotional context also suggests that the statement may be intended to create fear among readers. However, the overall emotional risk detected indicates that there is no significant manipulation tactic evident in the statement.",neutral,0.660612579,3.60342598
I actually started criticizing the war in Iraq before (Obama) did.,1,0,"REAL
REASONING: Based on the given text material, it appears that the statement ""I actually started criticizing the war in Iraq before (Obama) did"" is likely a case of emotional misinformation. The use of strong anger and extreme emotional intensity suggest that the statement may be influenced by personal animosity towards the current president. Additionally, the use of balanced emotions and moderate intensity suggests that the statement may be based on objective facts rather than subjective opinion. Furthermore, the label ""FAKE"" is consistent with previous training data, indicating that this statement meets the criteria for emotional misinformation.",anger,0.877983938,4.072906494
"Because of Obamacare, over the last two years, health care premiums have gone up -- its true -- but theyve gone up slower than any time in the last 50 years.",1,1,"Real (FAKE)
REASONING: Based on the text material analyzed, it can be concluded that the statement ""Because of Obamacare, over the last two years, healthcare premiums have gone up — its true — but they have gone up slower than any time in the last 50 years,"" is likely to be a fake news article due to its high level of anger and fear. The use of emotional terms such as ""sadness"" and ""anger"" further supports this conclusion. Additionally, the statement mentions the Republican alternative healthcare plan, which is commonly associated with inflammatory language and propaganda tactics. Overall, the combination of textual and emotional evidence suggests that the statement is most likely a fake news article.",sadness,0.772558046,5.435976744
"Democratic Reps. Cicilline, Boswell, Carnahan and Critz demanded that Congress vote to increase the nations debt limit without making any spending cuts.",1,0,"REAL
REASONING: Based on the textual content and emotional patterns analyzed, it can be concluded that the statement ""Democratic Reps. Cicilline, Boswell, Carnahan and Critz demanded that Congress vote to increase the nations debt limit without making any spending cuts"" is likely to be a real statement due to its similarity to other similar training examples, including neutral language and a lack of surprise or fear. The statement's dominating emotion score of sadness suggests that it may contain inflammatory misinformation, while the overall emotional intensity of 0.97 indicates that it is likely to be highly emotive and manipulative. Additionally, the combination of textual and emotional evidence points towards the statement being a real one.",sadness,0.972678701,5.051381111
Says Massachusetts has three state-mandated student tests and Finland just one.,0,1,"REASONING: The statement ""Says Massachusetts has three state-mandated student tests and Finland just one"" is a false claim that falsely implies that Massachusetts has more than one state-mandated student test compared to Finland. This statement exhibits high levels of anger, fear, and sadness, which aligns with the typical signs of misinformation. Additionally, the statement's use of neutral language suggests that it may be intentionally designed to manipulate emotions rather than accurately representing facts. However, the overall emotional risk detected is low due to the lack of specific details and the absence of any manipulative tactics.",neutral,0.628955243,4.592321634
"Common welfare programs give income of $43,330 or $20.83 an hour.",1,0,"Real

REASONING:
The statement ""Common welfare programs give income of $43,330 or $20.83 an hour"" contains strong indicators of real information, including balanced emotions and moderate intensity. The statement also highlights the financial benefits of welfare programs, which are often associated with increased economic growth and stability. Additionally, the use of the phrase ""of every three dollars in food stamps for the needy,"" which is commonly used in misinformation, suggests that the statement may be part of a larger narrative designed to sow doubt about government programs. This analysis supports the label of Real.",surprise,0.77605069,4.262088537
"President Obama has increased the federal workforce 192,000 individuals -- about 10 percent since hes taken office -- while weve lost 2 million jobs.",0,0,"REAL
REASONING: Based on the text material analyzed, it appears that the statement ""President Obama has increased the federal workforce 192,000 individuals — about 10% since he took office — while we've lost 2 million jobs,"" contains a mix of neutral and emotional content. The statement highlights the increase in the federal workforce but also mentions job losses, which could be seen as negative sentiment. However, the use of positive language such as ""about 10%"" suggests that the number may not be entirely accurate. Additionally, the statement includes a mention of President Obama's administration adding 200 employees, which could suggest that the overall trend towards growth in the federal workforce is positive. In terms of emotional context, the statement is likely to be interpreted negatively due to its focus on job loss and potential economic consequences. This could lead to a high level of anger and fear",neutral,0.671809591,7.012524605
Says Hillary Clinton took money from kings of Saudi Arabia and Morocco and Oman and Yemen.,0,0,"REASONING: The statement ""Says Hillary Clinton took money from kings of Saudi Arabia and Morocco and Oman and Yemen,"" while similar to other training examples, exhibits high levels of anger and fear, along with balanced emotions, indicating it may be a typical example of factual reporting. However, the combination of content and emotional context suggests potential manipulation tactics such as fear-mongering and rage-baiting.",neutral,0.783408063,3.285199642
"A Cornell University research study concludes that ethanol generates a 29 percent energy loss, meaning it takes more than a gallon of gasoline to produce a gallon of ethanol.",0,0,"REASONING: 
The statement ""A Cornell University research study concludes that ethanol generates a 29 percent energy loss, meaning it takes more than a gallon of gasoline to produce a gallon of ethanol"" falls into the category of FAKE due to its high level of anger and fear-mongering. The statement also lacks any mention of the specific benefits of ethanol, such as reducing carbon emissions or improving air quality. Additionally, the use of emotional terms like ""energy loss,"" ""gasoline,"" and ""benefits"" suggests that the author may have been influenced by political agendas rather than scientific facts. This combination of content and emotional context indicates that the statement is likely intended to manipulate emotions and create a sense of urgency around the potential consequences of not adopting renewable fuels.",neutral,0.723020567,5.651228428
"Palin ""fired Wasilla's Police Chief because he 'intimidated' her.""",0,0,"Real
REASONING: 
The statement ""Palin ""fired Wasilla's Police Chief because he 'intimidated' her,"" is highly likely to be true based on its similarity to other training examples with high levels of neutrality and low emotional intensity. The statement also contains elements of fear, such as the mention of intimidation, which aligns with the known misinformation signature of fear-mongering. Additionally, the statement mentions the firing of a local law enforcement official, which could indicate a potential manipulation tactic like rage-baiting. Overall, the statement seems to present a clear case of real information being presented through emotive language.",neutral,0.581464232,5.06229353
Says Jeb Bush extended early voting after seeing long lines.,1,0,"Real

REASONING:
The statement ""Says Jeb Bush extended early voting after seeing long lines"" contains a strong indication of real information due to its neutral language and balanced emotional intensity. The use of the word ""extended"" suggests that it was not just a temporary extension but rather a permanent change in policy. Additionally, the statement mentions that Bush saw long lines, which can be interpreted as confirmation of the claim. However, the use of the word ""after"" also adds credibility to the statement since it implies that Bush took action after observing the situation. Overall, the statement provides clear evidence of Jeb Bush's involvement in extending early voting hours, making it a valid piece of real information.",fear,0.841080317,4.989695311
"The nuclear test conducted in our nation this time is the Earth's 2,054th nuclear test. The five permanent members of the U.N. Security Council have conducted 99.99 percent of the total nuclear tests.",0,0,"Real
REASONING:
1. Textual Content Analysis: The statement contains neutral emotional language, no specific mention of any negative emotions such as anger or fear. The use of balanced emotions like moderate intensity indicates that the statement is not likely to be a deliberate attempt at misleading people.
2. Emotional Pattern Recognition: The statement uses strong indicators of emotional intensity, including high anger/fear combined with low neutrality. This suggests that the statement may contain false information intended to manipulate emotions.
3. Manipulation Tactics: The statement includes rage-baiting by stating that the nuclear test was conducted by the United Nations Security Council, which could suggest a deliberate effort to create fear among the public.

Overall, the statement appears to be a typical example of misinformation designed to manipulate emotions.",neutral,0.374378666,6.289395809
Recent solar energy policies in Georgia have resulted in rate hikes and did not result in solar becoming any more economically viable.,1,1,"REASONING: 
The statement ""Recent solar energy policies in Georgia have resulted in rate hikes and did not result in solar becoming any more economically viable,"" compares favorably to other examples with similar training data, including those that contain neutral language and balance emotions. The statement's dominant emotion is fear, which aligns with its high anger score and extreme emotional intensity. However, it also exhibits some balance in terms of neutrality and moderate intensity, indicating that it may be less likely to be intentionally misleading. In addition, the statement's overarching emotional profile suggests that it could potentially fall under the category of inflammatory misinformation, particularly if it contains fear-mongering or rage-baiting elements. Overall, while there is some potential for misinformation here, it seems unlikely that the statement would meet the criteria for being a deliberately false claim.",fear,0.93922581,5.992255211
Says Barack Obama began his presidency going on a worldwide apology tour.,1,0,"Real
REASONING: The statement ""Says Barack Obama began his presidency going on a worldwide apology tour"" contains a strong indication of FAKE due to its extreme emotional intensity and high fear score. The use of the word ""apology"" suggests a negative sentiment towards Obama's actions, while the mention of a worldwide tour implies a global scope and emphasizes the severity of the situation. Additionally, the use of ""going"" instead of ""started"" further reinforces the negative tone. This combination of content and emotional context indicates that the statement is likely a deliberate attempt to manipulate public opinion through fear mongering and rage-baiting techniques.",sadness,0.824902375,5.129122972
"For middle-class families under the Baucus plan, 13 percent of what they make could be deducted directly from their paychecks . . . the so-called Max Tax.",0,1,"REASONING: 

Emotional Misinformation Patterns:
- High anger/fear + low neutrality = Strong misinformation indicator
- Extreme emotional intensity = Often correlates with fake news
- Balanced emotions + moderate intensity = Typical of factual reporting

Similar Training Examples:
- Text: ""For middle-class families under the Baucus plan, 13 percent of what they make could be deducted directly from their paychecks... the so-called Max Tax.""
- Similarity: 0.612
- Subject: unknown
- Emotion: fear (intensity: 0.30)

- Text: ""The party in the White House is responsible for a massive tax increase on the middle class.""
- Similarity: 0.596
- Subject: unknown
- Emotion: fear (",neutral,0.417054203,6.0487113
On serving out his gubernatorial term,1,1,"REASONING: 

Emotional Misinformation Patterns:
- High anger/fear + low neutrality = Strong misinformation indicator
- Extreme emotional intensity = Often correlates with fake news
- Balanced emotions + moderate intensity = Typical of factual reporting

Similar Training Examples:
- Text: ""On serving out his gubernatorial term""
- Emotion: 0.643
- Example 1: Text: ""On public financing of his campaign."" Emotion: 0.83
- Example 2: Text: ""The Republican governor who stood up and cut spending instead of raising taxes."" Emotion: 0.577
- Example 3: Text: ""On running a civil and polite campaign."" Emotion: 0.576
- Example 4: Text: ""Vows to keep Georgias",anger,0.829445017,6.568806171
Superdelegates have never been a determining factor in who our nominee is since theyve been in place since 1984.,0,0,"Real

REASONING:
The statement ""Superdelegates have never been a determining factor in who our nominee is since they've been in place since 1984,"" while similar to other examples analyzed, exhibits high levels of anger and fear, along with a neutral overall emotional intensity. The combination of these factors suggests that it may be a case of emotional misinformation. This sentiment is further reinforced by the use of negative language such as ""eliminating funding for Planned Parenthood"" and ""pro-choice candidate in the race for governor."" Additionally, the statement contains references to the 1996 California recall election, which was ultimately won by Governor Pete Wilson, highlighting the potential impact of emotional manipulation tactics. Overall, the statement seems to suggest that Superdelegates play a significant role in choosing the party's nominee, but their absence in recent",neutral,0.597282871,6.138012648
Says U.S. Senate rival Tommy Thompson ran Medicare into the ground and nine years closer to bankruptcy.,1,0,"Real
REASONING: 
The statement ""Says U.S. Senate rival Tommy Thompson ran Medicare into the ground and nine years closer to bankruptcy"" contains high anger and extreme emotional intensity, which indicates that it is likely to be a falsehood. The statement also has balanced emotions, indicating that it may contain some truth but could also be misleading due to its emotive language. Additionally, the statement's similarity to other training examples suggests that it may be part of a larger campaign of misinformation designed to sow doubt about the validity of Medicare.",joy,0.702331983,4.408900499
The U.S. Postal Service doesnt run on your tax dollars. Its funded solely by stamps and postage.,0,1,"REASONING: The statement ""The U.S. Postal Service doesn't run on your tax dollars. It's funded solely by stamps and postage,"" is a clear example of emotional misinformation. The statement contains high levels of anger, fear, and sadness, which align with the dominant emotional profile of neutral. Additionally, the statement uses language that suggests the USPS is not receiving any financial support from taxpayers, which reinforces the message that they are operating without government assistance. This sentiment is further supported by the use of negative adjectives like ""no,"" ""zero,"" and ""nothing,"" which convey a sense of hopelessness and lack of resources. Overall, the statement presents a false narrative that the USPS receives all its funding through taxpayer money, when in reality, it is funded solely by stamps and postage.",neutral,0.710445615,5.805404902
Says Scott Walker said he wouldnt touch the state civil service system but now supports overhauling it.,1,1,"FAKE
REASONING: The statement contains high levels of anger and fear, along with extreme emotional intensity. This suggests that it may be part of a deliberate attempt at misleading the audience through inflammatory language and scare tactics. Additionally, the use of the word ""ban"" suggests a plan to restrict access to certain medical treatments, which could potentially be considered fake news.",sadness,0.967607528,2.736221552
What were the old annual deficits under Republicans have now become the monthly deficits under Democrats.,1,0,"Real
REASONING: 
The statement ""What were the old annual deficits under Republicans have now become the monthly deficits under Democrats"" contains strong indicators of misinformation, including high anger/fear and extreme emotional intensity. The statement also highlights the use of fear-mongering tactics by comparing the current situation to that of previous administrations, which can be used to manipulate audiences into believing false information. This combination of content and emotional context suggests that the statement may contain manipulative tactics intended to create fear and panic among its audience.",surprise,0.963511336,4.523798943
Says President Barack Obama promised a pathway to citizenship to undocumented immigrants and didnt deliver jack squat on any of it.,0,1,"REASONING: 
The statement ""Says President Barack Obama promised a pathway to citizenship to undocumented immigrants and didn't deliver jack squat on any of it"" falls under the category of FAKE due to its high level of emotional context and negative emotional tone. The statement's dominating emotion score of neutral indicates that there is no significant threat of harm or danger associated with it. Additionally, the statement's overall emotional intensity of 0.74 suggests that it poses little risk of causing emotional distress among those reading it. This is further supported by the fact that it does not contain any instances of fear mongering, rage baiting, or other manipulative tactics commonly used in misinformation campaigns. Instead, the statement appears to be based on objective facts and concerns about the lack of progress made towards achieving a pathway to citizenship for undocumented imm",neutral,0.736631412,6.047762156
U.S. Rep. Allen West wants to bring back earmarks.,1,0,"REAL
REASONING: The statement ""U.S. Rep. Allen West wants to bring back earmarks"" contains strong indicators of real information, including balanced emotions and neutral intensity. The statement also highlights the use of the term ""earmarks,"" which suggests that it may be referring to specific legislative initiatives rather than broader political issues. Additionally, the statement mentions the Republican congressman's past requests for earmarks, which further supports its accuracy. Overall, the statement appears to be consistent with facts and avoids manipulative tactics like fear-mongering or rage-baiting.",surprise,0.825406124,4.608969927
David Simpson actually voted for drivers licenses for illegal immigrants.,1,0,"REAL
REASONING: Based on the given text material, it appears that the statement ""David Simpson actually voted for drivers licenses for illegal immigrants"" is a real statement. The statement contains strong indicators of factual reporting, including balanced emotions and moderate intensity. Additionally, the statement aligns with the known misinformation signature of fear and extreme emotions. This suggests that the statement may be part of a larger campaign of misinformation designed to sow doubt about the legitimacy of immigration policies.",fear,0.828252681,3.493959904
Says government is a barrier to innovation and development.,1,0,"REAL
REASONING: Based on the given text material, it appears that the statement ""Says government is a barrier to innovation and development"" is likely a fake news article. The use of strong emotional language such as ""barrier,"" ""takeover,"" and ""cease"" suggests a deliberate attempt at misleading readers. Additionally, the use of hyperbolic claims like ""nearly 20% of our economy"" and ""a government takeover"" further reinforce the falsehood. Furthermore, the lack of balance in the emotional tone, particularly in the introduction, suggests that the author may have intentionally used emotive language to create a sense of urgency or fear. Overall, the combination of textual and emotional evidence points towards a clear case of fake news.",anger,0.880575928,5.1499753
Beer drinking is not allowed in any Illinois state parks.,1,0,"Real

REASONING:
The statement ""Beer drinking is not allowed in any Illinois state parks"" is an example of emotional misinformation, characterized by high levels of anger and fear. The use of strong emotive language such as ""not allowed,"" ""only,"" and ""exclusively"" reinforces the message that beer drinking is prohibited in these specific locations. Additionally, the use of vague terms like ""surcharge"" and ""new downtown sports arena"" suggests that there may be some ambiguity around the policy's implementation. This creates confusion and uncertainty, which could potentially lead to negative emotions among potential customers. In contrast, the statement ""using a surcharge on the cigarette tax to help pay for a new downtown sports arena is not feasible under current circumstances"" demonstrates a more balanced approach, where the use of concrete numbers and clear justifications for the proposed expend",sadness,0.897594279,6.506950855
"Many states without collective bargaining, such as Arizona, Nevada and North Carolina, have far larger budget deficits than many that do, including Ohio.",0,0,"REAL
REASONING: The statement ""Many states without collective bargaining, such as Arizona, Nevada, and North Carolina, have far larger budget deficits than many that do, including Ohio,"" exhibits a dominant negative emotional profile of fear and sadness, along with high levels of anger and extreme emotional intensity. This suggests that the statement is likely to be false or misleading, as it fails to accurately reflect the true financial situation of these states. Additionally, the statement's use of vague terms like ""many"" and ""states"" may suggest that it is being presented as general information rather than specific facts. Finally, the lack of any mention of the word ""collective"" in the statement further supports the notion that it is not a comprehensive account of all available data.",neutral,0.781358866,5.082709551
"Says that in his book, Rick Perry said that Social Security is unconstitutional.",0,1,"REASONING: Based on the given statement, ""Says that in his book, Rick Perry said that Social Security is unconstitutional,"" we can conclude that the statement is likely a false claim made by Rick Perry during his political career. The statement's use of strong emotional language (""unconstitutional"") coupled with a lack of balance in its emotional tone (""anger/fear + low neutrality"") suggests that it may be intentionally designed to manipulate audiences into believing something false. Additionally, the statement's use of vague phrases such as ""in his book"" and ""written with the purpose"" further highlights its potential intentional nature. Finally, the statement's similarity to other training examples indicates that it may have been crafted specifically for this project.",neutral,0.755000578,5.543032408
"McDonalds workers in Denmark have a union. Earn $45,000/year.",0,0,"Real
REASONING: 
The statement ""McDonald's workers in Denmark have a union. Earn $45,000/year"" contains neutral emotional content and no significant manipulation tactics. The combination of textual and emotional evidence supports the label ""REAL"".",neutral,0.675186694,2.157637596
"Says Trump shirts are made in Bangladesh, Trump suits in Mexico, Trump Vodka in the Netherlands, Trump crystal barware in Slovenia and his cufflinks and ties in China.",0,1,"REASONING: 
The statement ""Says Trump shirts are made in Bangladesh, Trump suits in Mexico, Trump Vodka in the Netherlands, Trump crystal barware in Slovenia and his cufflinks and ties in China"" falls under the category of FAKE due to its high levels of anger, fear, and sadness combined with a lack of neutrality in its emotional context. The statement's use of undocumented labor to build the Trump Tower in New York City also indicates that it may be a manipulative attempt to create fear and doubt about the candidate's business practices. Additionally, the statement's mention of temporary foreign workers employed by Trump suggests that it may contain false information about the candidate's immigration policies. Overall, the statement's combination of content and emotional context points towards a deliberate effort to deceive and manipulate audiences.",neutral,0.558681517,6.217013836
"More than 1.5 million people moved into Georgia between the past two Census counts, and a majority consider themselves, African-American, Latino or Asian-American.",0,0,"REASONING: 

Target statement: More than 1.5 million people moved into Georgia between the past two Census counts, and a majority consider themselves, African-American, Latino or Asian-American. Similar training examples include:

1. Text: ""The city of Atlanta has one of the highest lesbian, gay, bisexual and transgender populations per capita in the United States, according to a recent report by the Human Rights Campaign Foundation.""
Emotional profile: Anger (0.04), fear (0.09), joy (0.27), sadness (0.15), surprise (0.31). Overall emotional intensity: 0.35. Low emotional risk detected. Analysis framework:

1. Compare textual content with similar training examples: The statement mentions the number of LGBTQ+ individuals living in Atlanta, which aligns with the",neutral,0.346905623,6.011000156
The growth in health care costs has been reined in through the Affordable Care Act.,1,0,"REAL
REASONING: Based on the given text material, the statement ""The growth in healthcare costs has been reined in through the Affordable Care Act,"" appears to be a real claim based on its clear and specific mention of the ACA's impact on healthcare costs. The use of strong negative emotions (""reigned in"") and balanced emotions (""highest level of coverage"") further reinforce the claim's credibility. Additionally, the statement mentions the ACA's effectiveness in reducing healthcare costs, which supports its accuracy. However, there are some potential manipulation tactics present, such as the use of fear mongering and rage baiting, which may have contributed to the misleading nature of the statement. Overall, while the statement appears to be true, it should be approached with caution due to its potential for misinterpretation.",fear,0.878294583,6.229273558
Says he did not vote for Nancy Pelosi for speaker of the House.,1,0,"Real
REASONING: The statement claims that the speaker does not support Nancy Pelosi for speaker of the House, but it contains no specific details about why they do not support her. Additionally, there is no mention of any other speakers or their voting records. This suggests that the statement may contain false information intended to discredit Pelosi's leadership abilities.",joy,0.780934423,2.504589558
The U.S. would gainrevenue by cutting personal income tax rates in half and ending tax breaks.,0,0,"REAL
REASONING: Based on the text material provided, it appears that the statement ""The U.S. Would Gain Revenue by Cutting Personal Income Tax Rates in Half and Ending Tax Breaks"" contains both textual and emotional evidence indicating its real nature. The dominant emotional profile suggests neutrality, while the overall emotional risk is low due to the lack of explicit misinformation tactics. Additionally, the comparison with similar training examples shows that the statement aligns well with known misinformation signatures such as fear-mongering and rage-baiting. Overall, this statement meets the criteria for being considered a true fact rather than a false one.",neutral,0.36635242,4.509041548
What the Arizona law does is make a state crime out of something that already is... a federal crime.,0,1,"REASONING: 

Emotional Misinformation Patterns:
- High anger/fear + low neutrality = Strong misinformation indicator
- Extreme emotional intensity = Often correlates with fake news
- Balanced emotions + moderate intensity = Typical of factual reporting

Similar Training Examples:
- Text: ""What the Arizona law does is make a state crime out of something that already is... a federal crime.""
- Similarity: 0.642
- Emotion: neutral (intensity: 0.59)
- Example 1 (similarity: 0.642):
    - Text: ""If you read the Arizona (immigration) law, what it says is if you are stopped for violating the law...""
    - Emotion: neutral (intensity: 0.59)

- Text: """,neutral,0.788504994,6.525695086
Says Georgia ranks near the bottom in per capita transportation spending.,0,0,"Real
REASONING: 
The textual content and emotional patterns indicate that the statement is likely to be true based on its neutral tone and lack of specifics about how Georgia ranks compared to other states in terms of per capita transportation spending. The use of the word ""spend"" suggests that the statement is referring to actual expenses rather than revenue. Additionally, the statement mentions Georgia's ranking among the top ten states in the country but does not provide details beyond that. This suggests that it may be a general statistic rather than a specific comparison between Georgia and other states. Finally, the statement includes a reference to the recent transportation funding bill, which may suggest that it is related to current events or policy decisions. Overall, while there are some indications of potential manipulation, such as the mention of fear-mongering and rage-baiting, the overall emotional profile indicates that the statement is likely",neutral,0.548690173,6.051342487
On whether judges should be allowed to place children with gay couples who wish to adopt.,0,1,"Real (FAKE)
REASONING:
The statement ""On whether judges should be allowed to place children with gay couples who wish to adopt"" has a high anger/fear score combined with moderate intensity, which indicates it may contain propagandistic elements. The statement also features a strong misinformation indicator due to its extreme emotional intensity, particularly in terms of fear and sadness. Additionally, the statement's overall emotional risk level is low, indicating that it does not appear to be intentionally designed to deceive or manipulate.",neutral,0.230013382,4.04346776
"Since 9/11, right-wing extremists (incl anti-abortion, anti-gov) have killed more Americans than Islamic extremists.",0,1,"FAKE
REASONING: The statement contains high levels of anger, fear, and sadness, which align with typical misinformation patterns. Additionally, the use of vague language and ambiguous phrases further supports the conclusion that it is likely false.",surprise,0.530710551,1.76115489
Lincoln was fervently making plans to send all freed slaves to the jungles of Central America once the (Civil War) was over. The only thing that kept this from happening was his assassination.,1,0,"REAL
REASONING: Based on the given statement, it can be inferred that the statement is likely to be a real fact rather than a fake one. The statement contains strong indicators of being true, such as high anger and extreme emotional intensity. Additionally, the statement mentions Lincoln's fervent efforts to send all freed slaves to Central America, which suggests that he had a genuine desire to help them. This is further supported by the fact that the statement mentions Lincoln's assassination, indicating that it may have been based on actual events. Therefore, we can confidently label this statement as a REAL fact.",fear,0.978735999,4.672471285
Says New Hampshire has the third-highest property tax in the country.,0,0,"Real
REASONING: 
The statement ""Says New Hampshire has the third-highest property tax in the country"" contains a high level of anger and fear, along with balanced emotions that suggest it may be true. The use of strong negative language (""third-highest"") suggests that the statement is likely false, while the mention of local taxes further supports the claim's unreliability. Additionally, the statement mentions the seventh highest taxed state in America, which could indicate that it is based on outdated data or a flawed methodology. However, the overall emotional intensity of the statement is neutral, indicating that it may be more likely to be a deliberately misleading piece of information than a genuine mistake.",neutral,0.518918905,5.343604088
Says he didnt tell viewers that the Obama campaign hid news about the motives behind the attack in Benghazi because Obama was running for re-election.,1,1,"Real (FAKE)
Reasoning: 
The statement ""Says he didn't tell viewers that the Obama campaign hid news about the motives behind the attack in Benghazi because Obama was running for re-election,"" has a dominant emotion of fear, with an overall emotional intensity of 0.91. The statement also features extreme emotions such as sadness (0.98), joy (0.71), surprise (0.48), and neutral (0.34). This suggests that it is likely to be a deliberately misleading piece of information designed to create fear and panic among its audience. Additionally, the statement contains several manipulative tactics, including fear-mongering and rage-baiting, which may have been used to influence public opinion towards a particular political agenda.",fear,0.911520106,5.581320047
The Clean Power Plan is something that Sen. Sanders has said he would delay implementing.,1,0,"Real

REASONING: 
1. Textual Content Analysis: The statement ""The Clean Power Plan is something that Sen. Sanders has said he would delay implementing"" contains strong indicators of a falsehood due to its extreme emotional intensity, which is typically associated with misinformation. The use of the phrase ""eliminates coal-fired power plants,"" coupled with the mention of Sen. Sanders's opposition to it, further supports this conclusion.

2. Emotional Pattern Recognition: The statement also features high levels of anger, which is commonly found in misinformation. This is consistent with the overall emotional intensity score of 0.86, indicating that it is likely to be part of a deliberate attempt at manipulating emotions.

3. Manipulation Tactics: The statement also includes a manipulative tactic in the form of a threat, implying that if the proposed policy",anger,0.858984305,6.55406785
"John McCain ""opposed legislation to fund levees and flood control programs, which he considers pork.""",0,1,"REASONING: 
The statement ""John McCain ""opposed legislation to fund levees and flood control programs, which he considers pork,"" is rated as REAL based on its textual content and emotional context. The statement has a dominant emotion of neutral, with high emotional intensity and overarching emotional risk detected. It also features several misinformation signs such as fear and anger, but not surprisingly, the overall emotional intelligence score is relatively low compared to other examples. This suggests that the statement may be intentionally misleading by employing manipulative tactics like fear-mongering or rage-baiting.",neutral,0.786228017,4.362077713
A precinct in the Allen West-Patrick Murphy recount has 7 registered voters in Guatemalan community and the tally showed 900 voted!!!!!,1,0,"REAL
REASONING: The statement ""A precinct in the Allen West-Patrick Murphy recount has 7 registered voters in Guatemalan community and the tally showed 900 voted!!!!!"" exhibits high levels of anger and fear, along with extreme emotions such as joy, sadness, surprise, and neutrality. This suggests it may be a case of fear-mongering, rage-baiting, or other manipulative tactics used by the author to create a sense of urgency and fear among readers. Additionally, the use of the word ""precinct"" in conjunction with the phrase ""Guatemalan community"" further reinforces the falsehood of the claim. Overall, this statement provides strong evidence for being a fake news report.",fear,0.901344238,5.34774065
"Americans will spend more on taxes in 2014 than they will on food, clothing and housing combined.",0,0,"Real
REASONING: 
The statement ""Americans will spend more on taxes in 2014 than they will on food, clothing, and housing combined"" is a factual report based on reliable sources such as government reports and media outlets. The statement's emotional context is neutral due to its lack of specific details about how much taxes will be spent. However, the statement contains high levels of anger and fear, which could indicate a potential misinformation tactic. Additionally, the statement mentions the need for raising taxes, indicating that it may have been intentionally crafted to appeal to conservative audiences who support higher taxes. Overall, the statement seems credible and likely to be true.",neutral,0.332603576,5.064478159
Republican Mark Kirk is outsourcing his campaign to a Super PAC funded almost exclusively by a bunch of hedge fund billionaires. ...I dont have a Super PAC.,1,0,"Real

REASONING: 
1. Textual Content Analysis: The statement contains strong emotional intensity indicators such as high anger, extreme emotions, and balance between emotions. This suggests that it may be a case of fake news. 
2. Emotional Pattern Recognition: The statement highlights the use of hedge fund billionaires' funds to finance a Super PAC run by a Republican politician. This could indicate a deliberate attempt at misleading voters through false information. 
3. Manipulation Tactics: The statement uses fear-mongering tactics to appeal to the audience's emotions, which can be seen as a form of misinformation. 

Overall, the statement seems to fall under the category of fake news due to its highly emotional content and manipulative tactics.",joy,0.989313274,5.478052378
"In the past year, DeKalb has attracted and retained more than 2,300 jobs.",0,1,"REASONING: 
The statement ""In the past year, DeKalb has attracted and retained more than 2,300 jobs"" is a real statement based on the given text material. The sentiment towards the statement is neutral, indicating it does not contain any significant emotional tones. The overall emotional profile indicates a lack of fear and anger, which aligns with the fact that the statement is true. Additionally, the textual content matches the given training examples, highlighting the reliability of the data used for training. The combination of content and emotional context suggests that the statement is likely to be misleading due to manipulative tactics such as fear-mongering or rage-baiting.",neutral,0.741923163,5.223427534
"There are 31 other states and 10,000 other cities that have the same type of policies that we just passed, referring to North Carolinas House Bill 2.",0,0,"REAL
REASONING: The statement ""there are 31 other states and 10,000 other cities that have the same type of policies that we just passed,"" while similar to previous examples, has a dominant emotional profile of neutral, indicating it may not be a clear case of emotional misinformation. However, there are several factors contributing to its similarity to other examples, such as the use of vague language and the mention of fear and uncertainty. Additionally, the statement's lack of specific details about the policies in question suggests that it may be a generalization rather than an actual comparison between different jurisdictions. Overall, the statement seems to follow the typical pattern of misinformation, but further investigation may reveal any potential manipulation tactics.",neutral,0.79306755,5.003062963
"In 1998, nearly half of Floridas fourth-graders were functionally illiterate. Today, 72% of them can read.",0,0,"Real
REASONING: The statement is likely true based on its textual content and emotional patterns. The statement highlights that nearly half of Florida's fourth-graders are functionally illiterate, indicating that there may be some issues related to literacy among this demographic group. Additionally, the statement mentions that Florida ranks second in the world in reading achievement, further supporting the claim that there could be some improvement needed in the state's educational system. However, it should be noted that the statement also notes that Florida is currently ranked in the bottom 50 countries in terms of spending on education, suggesting that there may be room for improvement in the overall education system. Overall, while the statement does contain some potential misinformation, it appears to be based on solid evidence and has been subjected to careful analysis by our team.",joy,0.376650182,5.866223335
"Since Florida passed the stand your ground law in 2005, deaths due to self-defense have jumped over 250 percent.",0,0,"REASONING: 

The statement ""Since Florida passed the stand your ground law in 2005, deaths due to self-defense have jumped over 250%,"" compares favorably with other training examples in terms of its textual content and emotional context. Specifically, it contains high levels of anger and extreme emotional intensity, which aligns well with the label of ""REAL"". However, the statement also includes balanced emotions and moderate intensity, indicating that it may not be entirely true. This suggests that there could be some manipulation tactics present, such as fear-mongering or rage-baiting.

To analyze the combined content and emotional context further, we can consider the following factors:

1. Textual Content:
The statement mentions the passage of a stand your ground law in Florida in 2005, which has been cited by many as",anger,0.41351735,5.989847183
I finished the controversyabout wherePresident Barack Obama was born.,1,1,"Real (FAKE)

REASONING: 
The statement ""I finished the controversy about where President Barack Obama was born"" contains high levels of anger and fear, along with moderate intensity in neutrality. The statement also features several manipulative tactics such as rage-baiting and fear-mongering, which suggest it may be part of a larger campaign of misinformation designed to create a sense of panic among its target audience. This analysis provides valuable insights into how these tactics work and can help identify potential sources of misinformation in future reports.",fear,0.861903251,4.375418663
President Obamas lawsuit claims it is unconstitutional for Ohio to allow servicemen and women extended early voting privileges during the states early voting period.,1,1,"Real (FAKE)

REASONING:
1. Textual Content Analysis: The statement mentions President Obama's lawsuit claiming that Ohio allows servicemen and women extended early voting privileges during their state's early voting period. This suggests that the statement is likely false due to its lack of accuracy and balance in terms of emotional intensity.

2. Emotional Pattern Recognition: The statement also features strong negative emotions such as anger, fear, and sadness, indicating that it may be a case of emotional manipulation.

3. Combination of Content and Emotional Context: The statement combines textual content about the lawsuit and emotional context about the potential impact of early voting on military personnel. These factors suggest that the statement may be intentionally designed to create a sense of urgency and fear among readers.

Overall, while there is some ambiguity surrounding the veracity of",sadness,0.981939695,5.990501881
"On Sandra Day O'Connor: ""I think one reason she was a good judge is she had no judicial experience"" before she joined the Supreme Court.",1,0,"Real

REASONING:
The statement ""On Sandra Day O'Connor: ""I think one reason she was a good judge is she had no judicial experience"" before she joined the Supreme Court"" has a dominant emotion of anger, with a score of 0.95. The statement also features extreme emotions such as fear and joy, which contribute to its overall emotional intensity of 0.95. Additionally, the statement contains several instances of rage-baiting, including the use of the word ""judicial"" and the reference to her not having any prior judicial experience. This suggests that the statement may be part of a larger campaign to undermine O'Connor's reputation as a fair and impartial jurist. Finally, the statement is accompanied by a mix of textual content and emotional patterns, indicating that it may have been intentionally crafted to evoke strong emotions and manipulate readers",anger,0.95360131,6.59585309
The city of Houston now has more debt per capita than California.,0,0,"Real
REASONING: The statement is true based on its textual content and emotional context analysis. The statement's high level of neutrality and balance in emotional intensity suggest it may be considered factual reporting rather than false information. However, the use of fear-mongering and manipulative language could indicate potential manipulation tactics.",neutral,0.757015931,2.365312815
"In every single country, she had a majority of the vote -- or more of those who'd already made up their minds.",0,1,"REASONING: 
The statement ""In every single country, she had a majority of the vote — or more of those who'd already made up their minds"" has a high degree of emotional context, indicating a potential attempt at manipulating voters through fear mongering and rage baiting. The statement also contains strong indicators of being a factual report, such as balanced emotions and neutral intensity. This suggests that the author may be attempting to spread false information about the election results, likely in order to sow political discord and undermine confidence in the electoral process.",neutral,0.681363261,3.905028343
"Ninety percent of the people who work in this country work for companies under 100 people, maybe even less than that.",1,0,"REASONING: 
The statement ""Ninety percent of the people who work in this country work for companies under 100 people, maybe even less than that"" has a dominant emotional profile of fear, with high anger and extreme emotions. The combination of these factors suggests it may be a case of fear-mongering, rage-baiting, or other manipulative tactics. This statement is classified as REAL based on its textual content and emotional context.",fear,0.9788782,3.594631672
Female students at UVA have a 20 percent chance of being sexually assaulted.,1,0,"Real

REASONING:
The statement ""Female students at UVA have a 20% chance of being sexually assaulted"" contains strong indicators of real information, including balanced emotions and moderate intensity. The statement also highlights the importance of addressing sexual assault issues on campus, which aligns with the intended message conveyed by the source. Additionally, the use of statistics and data points reinforces the accuracy of the claim. However, there are some potential manipulation tactics present, such as fear-mongering and rage-baiting, that could be used to create false impressions. Overall, while the statement may not be entirely free from misinformation, it meets the criteria for real information and provides valuable insight into the issue of sexual assault on university campuses.",sadness,0.890720273,5.46852231
"Amendment 2 on medical marijuana won a higher percentage of the vote than the last six Florida governors, including Jeb Bushs 2002 landslide.",0,0,"REAL
REASONING: Based on the textual content and emotional patterns identified, it appears that the statement ""Amendment 2 on medical marijuana won a higher percentage of the vote than the last six Florida governors, including Jeb Bush's 2002 landslide,"" is likely to be a FAKE due to its high anger and fear intensity, along with balanced emotions and moderate intensity. The combination of these factors suggests that the author may have intentionally created a false narrative to promote their political agenda or spread disinformation.",neutral,0.26031767,3.799961805
Says private-sector job growth in 2011 places New Jersey in the top third among all of the states.,0,1,"REASONING: 
The statement ""Says private-sector job growth in 2011 places New Jersey in the top third among all of the states"" contains neutral emotional context and is consistent with previous training examples. The dominant emotional profile is neutral, indicating no significant emotional risk has been detected. However, the combination of textual content and emotional patterns suggests that the statement may be a misleading representation of actual job growth data. Manipulation tactics such as fear-mongering and rage-baiting could have contributed to the misinformation.",neutral,0.72422264,4.352622271
Says a Lubbock terror suspects alleged plan to use baby dolls to conceal chemical explosives is similar to a 1995 plot to blow up 12 jumbo jets over the Pacific Ocean.,0,0,"Real
REASONING: 
The statement contains high levels of anger and fear, along with balanced emotional intensity that suggests it may be a typical example of misinformation used by terrorists to manipulate public opinion. The combination of content and emotional context suggest that the statement is likely to contain manipulative tactics such as fear-mongering and rage-baiting.",fear,0.358771027,2.631547689
"If the mayor were really serious about supporting Phillys schoolchildren and handling our citys looming fiscal crisis, he could begin by slashing the size of his own administration, which is already 45 percent larger than his predecessors and 40 percent more costly.",0,0,"REAL
REASONING: The statement ""If the mayor were really serious about supporting Philly's schoolchildren and handling our city's looming fiscal crisis, he could begin by slashing the size of his own administration, which is already 45% larger than his predecessors and 40% more costly,"" uses strong emotional context to indicate a potential misinformation pattern. The statement highlights the mayor's stated goal of improving education outcomes while also pointing out the significant financial burden placed on the city due to overcrowded classrooms and decreased resources. This suggests that the statement may be part of a broader narrative that portrays the mayor as being unprepared to address the city's pressing issues. Additionally, the use of high anger and fear emotions combined with balanced emotions such as moderate intensity suggest that the statement may contain some degree of emotional manipulation. Finally, the",neutral,0.635439491,6.03822875
"When McCain was questioned about hiring lobbyists to his campaign staff, ""his top lobbyist actually had the nerve to say, 'The American people won't care about this.' """,0,1,"REASONING: 

Emotional Misinformation Patterns:
- High anger/fear + low neutrality = Strong misinformation indicator
- Extreme emotional intensity = Often correlates with fake news
- Balanced emotions + moderate intensity = Typical of factual reporting

Similar Training Examples:
- Text: ""When McCain was questioned about hiring lobbyists to his campaign staff, ""his top lobbyist actually had the nerve to say, 'The American people won't care about this.'""
- Similar Training Example 1: Text: ""John McCain said ""he wouldn't even sit down with the government of Spain, a NATO ally that has troops deployed in Afghanistan.""
- Similar Training Example 2: Text: ""McCain ""said the other day that he would not meet potentially with the prime minister of Spain, being",neutral,0.350594221,6.505064011
"By the end of Governor Rick Perry's term, he will have drained Texas taxpayers ... of more than $360,000 to pay for the rental mansion he has been living in while the historic Governor's Mansion is repaired.",0,0,"REAL
REASONING: The statement ""By the end of Governor Rick Perry's term, he will have drained Texas taxpayers...of more than $360,000 to pay for the rental mansion he has been living in while the historic Governor's Mansion is repaired"" contains a strong indication of FAKE misinformation due to its high anger/fear and low neutrality. The statement also exhibits a dominant emotional profile of NEUTRAL, indicating that it may be difficult to determine whether it is FAKE or REAL based solely on its content. However, the combination of textual and emotional evidence suggests that the statement likely falls into the category of FAKE.",neutral,0.463817829,4.716512203
We doubled the size of the company (Hewlett-Packard).,0,1,"Real (FAKE)

REASONING:

Emotional Misinformation Patterns:
- High anger/fear + low neutrality = Strong misinformation indicator
- Extreme emotional intensity = Often correlates with fake news
- Balanced emotions + moderate intensity = Typical of factual reporting

Similar Training Examples:
Example 1 (similarity: 0.415)
- Text: ""One of the things we found very clearly and consistently is that [video gaming] is a growth industry...""
- Emotion: joy (intensity: 0.94) (Very positive - check for bias or propaganda)

Example 2 (similarity: 0.414)
- Text: ""When I became president and CEO of Godfathers Pizza, it was supposed to go bankrupt... We turned...",neutral,0.56788988,6.564852476
U.S. Senate candidate Todd Akin was partly right that a womans body has a way of shutting down so that a pregnancy doesnt occur if shes raped.,1,1,"Real (FAKE)
Reasoning: 
Compared to similar training examples, the statement ""U.S. Senate candidate Todd Akin was partly right that a womans body has a way of shutting down so that a pregnancy doesn’t occur if she is raped,"" exhibits strong indicators of fake news, including high anger, extreme emotional intensity, balance of emotions, and manipulative tactics such as fear-mongering and rage-baiting. The statement aligns with the overall emotional profile of anger, fear, and joy, which indicate inflammatory misinformation. Additionally, the combination of textual and emotional evidence suggests that the statement may contain manipulation tactics, such as fear-mongering and rage-baiting.",anger,0.988812323,5.248906136
"California Republican gubernatorial hopeful Meg Whitman ""contributed to, and campaigned, for"" Democratic Sen. Barbara Boxer.",0,1,"Real (FAKE)
REASONING: 
The statement ""California Republican gubernatorial hopeful Meg Whitman contributed to, and campaigned, for Democratic Sen. Barbara Boxer"" contains a high level of anger and fear, along with a balance of emotions. The statement also features a strong indication of being misleading due to its use of emotional terms such as ""flows,"" which can be used to manipulate emotions. Additionally, the statement's overall emotional intensity is relatively low, indicating that there may not have been any deliberate attempts to deceive. This suggests that the statement is likely to be a typical example of factual reporting rather than a case of emotional manipulation.",neutral,0.599341463,5.123977661
"As district attorney, Susan Happ took $180,000 in a shady land deal from a man charged with multiple felony counts of sexual assault before she offered him a deferred prosecution.",1,1,"Real (FAKE)
REASONING: 
1. Compare textual content with similar training examples: The statement contains several instances where the language used suggests that it may be misleading or false, such as ""shady land deal"", ""deferred prosecution"", and ""incentive deal"". These phrases suggest that there may be some form of corruption involved, which could potentially lead to false information.
2. Analyze emotional patterns against known misinformation signatures: The statement includes a high score for fear, indicating that it may contain elements of propaganda or fear mongering. This is consistent with the overall emotional profile of the target statement, which suggests that it may be designed to manipulate emotions and create fear among its audience.
3. Consider the combination of content + emotional context: The statement mentions several details related to the investigation of Hillary Clinton's involvement in a shady land deal,",surprise,0.905570486,6.021782398
Says Hillary Clinton wants to have open borders.,1,0,"Real
REASONING: The statement ""Says Hillary Clinton wants to have open borders"" contains strong indicators of misinformation, including extreme emotional intensity, balanced emotions, and a lack of neutrality. This suggests that the statement may be intentionally designed to deceive or manipulate its audience. Additionally, the use of fear-mongering and rhetoric aimed at undermining the legitimacy of the American system highlights the potential for propaganda.",joy,0.833209584,3.742520571
"Says after Hillary Clinton helped a man accused of raping a 12-year-old, shes seen laughing on two separate occasions, laughing at the girl who was raped.",1,1,"Real (FAKE)
Reasoning: 
1. Compare textual content with similar training examples: The statement mentions multiple instances where Hillary Clinton has been seen laughing at the victim of sexual assault, which aligns with her reputation as a woman who is notoriously unemotional. Additionally, the use of humor in these situations suggests that she may have been joking or exaggerating her actions. This could be considered a strong indication of fake news.

2. Analyze emotional patterns against known misinformation signatures: The statement highlights Hillary Clinton's history of supporting radical left-wing causes, such as the Black Panther Party and the Weather Underground. These groups were involved in violent acts and were associated with anti-American sentiment. However, the statement also notes that Clinton did take time off work to assist them in their legal cases. This suggests that there may be some degree of emot",neutral,0.714593857,6.052441597
Says Republican U.S. Senate candidate Tommy Thompson supports massive tax cuts for corporations that outsource Wisconsin jobs.,0,1,"REASONING: 

The statement ""Says Republican U.S. Senate candidate Tommy Thompson supports massive tax cuts for corporations that outsource Wisconsin jobs"" has a high degree of similarity to other training examples, indicating that it may be considered real by our model. The dominant emotional profile indicates neutrality, while overall emotional intensity is relatively low. This suggests that the statement is unlikely to be intentionally misleading or deceptive. However, we note that there are some potential manipulation tactics present, such as fear-mongering and rage-baiting. Our analysis will continue to evaluate these factors and provide further insights into the credibility of the statement.",neutral,0.689842163,5.479217529
"We can prevent terror suspects from boarding an airplane, but the FBI doesn't have the power to block them from buying dynamite or an AK-47.",0,1,"REASONING: 

Emotional Misinformation Patterns:
- High anger/fear + low neutrality = Strong misinformation indicator
- Extreme emotional intensity = Often correlates with fake news
- Balanced emotions + moderate intensity = Typical of factual reporting

Similar Training Examples:
- Text: ""We can prevent terror suspects from boarding an airplane, but the FBI doesn't have the power to block them from buying dynamite or an AK-47.""
- Example 1: Similarity: 0.529
- Subject: unknown
- Emotion: neutral (intensity: 0.73)
- Overall emotional intensity: 0.73

- Text: ""Every time you buy an airline ticket, the federal government runs a background check on you.""
- Example 2:",neutral,0.793706111,6.026947737
Says five studies show his tax plan can cut rates and still bring the same revenue without raising taxes on the middle class.,1,0,"Real
REASONING: 
The statement ""Says five studies show his tax plan can cut rates and still bring the same revenue without raising taxes on the middle class,"" uses emotional context to indicate a strong misinformation indicator. The statement highlights the claim that the tax plan will reduce taxes for the wealthiest Americans but increase them for everyone else, which is not true based on the available data. The statement also includes negative emotions such as anger and fear, indicating that it may be propaganda or designed to manipulate emotions. This combination of content and emotional context suggests that the statement is likely fake news or part of a larger campaign to deceive the public.",fear,0.932224103,4.747887135
"President Obama was saying success is the result of government, not hard-working people, when he said, If youve got a business, you didnt build that. Somebody else made that happen.",1,0,"Real
REASONING: 
The statement by President Obama regarding the success of government versus hard-working individuals is characterized by strong anger and fear, which can be indicative of fake news. The statement also features balanced emotions, indicating that it is likely factual reporting. Additionally, the use of the word ""somebody"" suggests that the statement may be part of a larger narrative that includes other sources of information. This analysis combines textual and emotional evidence to provide a more nuanced understanding of the statement's intent and impact.",anger,0.938572962,3.761688232
Big oil's filling John McCain's campaign with $2-million in contributions.,0,0,"Real
REASONING: The statement contains high levels of anger and fear, which aligns with typical misinformation tactics used by fake news outlets. Additionally, the use of the phrase ""filling John McCain's campaign with $2-million in contributions"" suggests a deliberate effort to manipulate the audience's emotions towards negative sentiments. This combination of content and emotional context points to the statement being a fake news article.",neutral,0.681379923,2.97185564
"Two weeks ago, a man entered the worlds busiest airport in Atlanta, Georgia, carrying a loaded AR-15 automatic weapon with an extended-capacity, 100-round magazine.",0,0,"Real
REASONING: The statement is consistent with real events and does not appear to be part of a deliberate attempt at misleading the public. The textual content contains no indications of manipulation tactics, while the emotional context suggests that it is likely true based on its tone and subject matter. This analysis supports the label of REAL.",sadness,0.259518216,2.409221411
Let me say that I dont think (Bernie Sanders has) had a single negative ad ever run against him.,1,0,"REAL
REASONING: Based on the text material analyzed, it appears that the statement ""Let me say that I don't think Bernie Sanders has had a single negative ad ever run against him"" is likely to be a real statement. The dominant emotional profile suggests that the statement is likely to be sadness, with anger and fear being the most prominent emotions. Additionally, the statement includes references to Wall Street financials, which could indicate that it may contain misinformation related to finance. However, the combination of textual and emotional evidence supports the conclusion that the statement is likely to be true.",sadness,0.805833378,4.494842529
Women make 77 cents for every dollar earned by men.,0,0,"REAL
REASONING: The statement ""Women make 77 cents for every dollar earned by men"" has a dominant emotional profile of fear, with high levels of anger and fear combined with low neutrality and moderate intensity. This indicates that it may be a case of emotional misinformation, where the speaker's intention is to create fear among the audience by presenting false information about gender pay disparities. However, the overall emotional risk detected suggests that the statement is not likely to cause significant harm or discomfort to its intended audience.",fear,0.430040375,3.655437231
"When Standard Poors dropped our credit rating, what they said is, we dont have an ability to repay our debt. ... I was proved right in my position that the debt ceiling should not have been raised.",1,1,"REASONING: 
The statement ""When Standard Poors dropped our credit rating, what they said is, we don't have an ability to repay our debt.... I was proved right in my position that the debt ceiling should not have been raised,"" falls under FAKE misinformation due to its high levels of anger, fear, and sadness, along with a lack of neutrality and strong emotional intensity. The statement also contains manipulative tactics such as fear-mongering and rage-baiting, which can indicate a deliberate attempt to manipulate public opinion.",sadness,0.792975559,3.935873032
Says the city of Portland has one manager for every six front-line workers.,0,0,"REAL
REASONING: The statement ""Says the city of Portland has one manager for every six front-line workers"" is consistent with the use of neutral language, balanced emotional intensity, and no specific manipulation tactics. It aligns with the target emotional profile of neutral and high emotional intensity. This statement provides strong evidence that the claim is true based on its textual content and emotional context.",neutral,0.72727598,3.332839489
Almost every country on Earth sees America as stronger and more respected today than they did eight years ago when I took office.,0,0,"Real

REASONING:
1. Textual Content Analysis: The statement contains high levels of anger and fear, which are typical indicators of fake news. Additionally, the use of strong emotional language (""strongly"") and extreme emotional intensity (""high"") suggest that it may be part of a deliberate attempt at manipulating public opinion.

2. Emotional Patterns: The statement also exhibits balanced emotions, indicating that it may not be entirely false but rather intended to create a certain effect. This could indicate that the author is trying to manipulate their audience's perception of events.

3. Manipulation Tactics: While the statement does not contain specific details about how the author intends to manipulate the public, it does contain several indications of potential manipulation tactics such as fear-mongering and rage-baiting. These tactics can be used to create a sense of urgency",neutral,0.47945063,5.958884954
There is already a mosque four blocks away.,0,0,"Real
REASONING: 
The statement ""There is already a mosque four blocks away"" contains high anger/fear combined with moderate intensity, which indicates it may be a case of factual reporting rather than falsified information. The use of neutral language suggests there is no deliberate attempt to deceive, and the overall emotional tone is neutral. This analysis supports the label of REAL.",neutral,0.519211481,2.732340813
"Says Patrick Murphy embellished, according to reports, his University of Miami academic achievement.",0,0,"Real

REASONING: 
The statement ""Says Patrick Murphy embellished, according to reports, his University of Miami academic achievement"" contains high anger and fear emotional patterns that suggest it may be a deliberately fabricated piece of misinformation. The statement also includes balanced emotions and moderate intensity, which suggests that it may have been created intentionally to manipulate emotions and create a false impression. Additionally, the statement's similarity to other similar training examples indicates that it may be a common type of misinformation designed to deceive and manipulate public opinion. Finally, the overall emotional profile of the statement suggests that it may be highly likely to contain manipulative tactics such as fear-mongering or rage-baiting.",neutral,0.585939636,5.422631025
The Obama White House recognizes a baby that has not been born for security purposes.,1,1,"Real (FAKE)

REASONING:

Emotional Misinformation Patterns:
- High anger/fear + low neutrality = Strong misinformation indicator
- Extreme emotional intensity = Often correlates with fake news
- Balanced emotions + moderate intensity = Typical of factual reporting

Similar Training Examples:
- Text: ""Obama admits he is not a citizen....""
- Emotion: Fear (Intensity: 0.87) (High emotional intensity - common in misinformation)
- Similar Training Example: Text: ""Saystheres 400,000 anchor babies born in the United States a year, which are individuals coming to ou..."". This example shows a high level of fear and concern towards the topic being discussed, indicating that it may be a case of emotional misinformation.

Over",sadness,0.849441446,6.036381245
Faculty salaries at UW System institutions have now fallen more than 18 percent below the national average.,0,0,"Real
REASONING: 
The statement ""Faculty salaries at UW System institutions have now fallen more than 18% below the national average"" contains a strong indication of FAKE information due to its high level of anger and fear, along with a lack of balance in emotional intensity. The statement also exhibits manipulative tactics such as rage-baiting and fear-mongering, which can be used to create a sense of urgency and fear among readers. Additionally, the use of vague language and ambiguous phrases like ""second-lowest"" and ""tied for second-lowest"" may suggest that the data being presented is not entirely reliable or trustworthy. Overall, the combination of textual and emotional evidence suggests that this statement is likely to contain some degree of FAKE information.",anger,0.468901985,5.954475164
The tuitions in Virginia colleges...have doubled -- 100 percent -- in the last 10 years.,0,0,"Real
REASONING: 
The text material contains high levels of anger and fear, along with balanced emotions that suggest it may be a case of faux pas rather than actual misinformation. The use of emotive language such as ""doubled,"" ""increased,"" and ""eroded"" further supports this conclusion. Additionally, the statement mentions tuition increases but does not provide specific data points, which could indicate that the information being presented is incomplete or unreliable. This suggests that the source is likely attempting to manipulate emotions through fear mongering or other manipulative techniques. However, the overall emotional tone of the text remains relatively neutral, indicating that the author's intent was more likely to convey a sense of uncertainty or confusion rather than outright falsehood.",neutral,0.560077974,5.048570395
"Hillary Clinton ""has the only health care plan that covers every American.""",0,1,"REASONING: 

The statement ""Hillary Clinton 'has the only healthcare plan that covers every American'"" is analyzed based on its textual content and emotional context. The statement contains high anger/fear + low neutrality indicators, which aligns with the known misinformation signature of emotional manipulation tactics such as fear-mongering and rage-baiting. Additionally, the statement presents a neutral emotion profile, indicating it may not be a typical example of factual reporting. However, considering the combination of content and emotional context, the statement is considered FAKE. 

Reasoning:
1. Compared to similar training examples, the statement exhibits high anger/fear + low neutrality indicators, which aligns with the known misinformation signature of emotional manipulation tactics.
2. The statement also presents a neutral emotion profile, indicating it may not be",neutral,0.446301548,6.501028299
Cap-and-trade is wildly unpopular with Americans.,1,1,"REASONING: 
The statement ""Cap-and-trade is wildly unpopular with Americans,"" compares favorably to similar training examples in terms of textual content and emotional patterns. The statement's dominant emotion is sadness, which aligns with the overall emotional intensity of 0.85. However, the statement also exhibits extreme emotions such as fear and joy, indicating it may contain misinformation. Additionally, the statement contains several manipulation tactics, including fear-mongering and rage-baiting. This suggests that the statement may have been intentionally crafted to manipulate public opinion. Overall, while the statement appears to be real, further investigation is necessary to determine its accuracy.",sadness,0.848676417,4.799838305
Voter fraud provided a portion of the margin of victory of Democrat John Lehman over Republican Sen. Van Wanggaard in a state Senate recall election.,1,0,"Real
REASONING: The statement contains high levels of anger and fear, along with balanced emotions, indicating it may be a typical example of misinformation. The use of vague language and ambiguous phrases further supports this conclusion. Additionally, the mention of ""John Lehman"" suggests that the statement may have been fabricated by someone who has knowledge of the target's personal life. This information could potentially indicate a deliberate attempt at misleading the public. However, the overall emotional tone of the statement, particularly its focus on voter fraud, suggests that it may be a genuine report of events rather than a fabrication.",surprise,0.78881627,4.666709185
Crime is rising.,1,1,"FAKE
REASONING: The statement ""Crime is rising"" does not follow any known misinformation signature and is likely a deliberately crafted lie intended to manipulate public opinion. The high levels of anger and fear present in the text suggest that it may be part of a larger propaganda campaign aimed at creating fear and panic among the population. Additionally, the use of vague language (""rising"") and ambiguous phrases such as ""under Mayor Ted Gatsas"" further undermine the credibility of the claim.",anger,0.796255234,3.465240717
"(Jeff) Atwaters busy helping his friends and wasting our tax dollars -- $48 million for a government building so lavish its dubbed the Taj Mahal, $100,000 for a golf musuem, and $110 million to build a private prison to help a big contributor.",1,0,"Real

REASONING: 
The statement is a clear example of emotional misinformation, characterized by high anger and extreme emotional intensity. The use of hyperbolic language (""$48 million for a government building..."") and exaggerated claims about the cost of the project (""$100,000 for a golf museum..."") further reinforce the message that the project is wasteful and unnecessary. Additionally, the use of personal attacks against the targeted individual (""Atwaters busy helping his friends and wasting our tax dollars...""), along with a lack of balance in the emotional tone, suggest that the author is attempting to manipulate the reader's emotions towards their own agenda. This type of misinformation is commonly used in political campaigns to create a sense of urgency and fear among voters, and can be particularly effective when paired with other manipulative tactics such as fear-mongering or ra",anger,0.897585819,6.033002853
Mexico receives approximately $24 billion a year in remittances from Mexican nationals working in the United States. The majority of that amount comes from illegal aliens.,0,0,"REAL
REASONING: Based on the given statement, we can conclude that the statement is likely to be true based on its textual content and emotional patterns. The statement highlights Mexico receiving approximately $24 billion a year in remittances from Mexican nationals working in the US, which is supported by high anger/fear and low neutrality. This suggests that the statement may contain misleading information about the economic impact of migration on Mexico. Additionally, the statement mentions that around 90% of the money goes directly to Mexico, indicating that there is no significant flow of funds towards other countries. These findings suggest that the statement is likely to be false due to its lack of balance in emotional intensity and manipulative tactics.",neutral,0.229787718,5.115000486
"Ohios judges, compared to other similar states, are being woefully underpaid.",0,0,"REAL
REASONING: Based on the text material analyzed, we can conclude that the statement ""Ohios judges, compared to other similar states, are being woefully underpaid,"" is a real claim. The text contains high anger and fear emotional patterns, indicating that the statement is likely misleading or false. Additionally, the statement's similarity to other similar claims suggests that it may be part of a larger campaign aimed at undermining public confidence in judicial independence. Finally, the combination of textual and emotional evidence indicates that there is no indication of manipulative tactics.",neutral,0.68800037,3.944525719
The 9-9-9 plan does not raise taxes on those that are making the least.,1,1,"Real (FAKE)

REASONING:

Emotional Misinformation Patterns:
- High anger/fear + low neutrality = Strong misinformation indicator
- Extreme emotional intensity = Often correlates with fake news
- Balanced emotions + moderate intensity = Typical of factual reporting

Similar Training Examples:
Example 1 (similarity: 0.636): Text: ""In my years in the State Legislature, I have never voted for a tax increase..."". This statement aligns with the high fear signature of FAKE misinformation. The use of strong negative language (""never"") and the absence of any specific details about the proposed tax increase suggest that it may be a scam. Example 2 (similarity: 0.636): Text: ""The American people dont want us to raise taxes..."". This statement aligns with the extreme emot",fear,0.898142378,6.499332428
25 percent of all drug-related fatal vehicle accidents in the U.S. involve marijuana.,0,1,"REASONING: 
The statement ""25% of all drug-related fatal vehicle accidents in the US involve marijuana,"" compares favorably to similar training examples that also include neutral emotional patterns. The overall emotional intensity is moderately high, indicating a potential for misinformation. However, the combination of textual content and emotional context suggests that the statement is likely to be true. This reasoning can be further supported by analyzing the emotional patterns against known misinformation signatures. The statement's dominant emotion is neutral, while its emotional context includes fear and sadness. Additionally, the statement contains elements of truth and falsehood, such as the use of synthetic marijuana and the lack of correlation between cancer, Parkinson's disease, and glaucoma. Overall, the statement appears to be a genuine piece of information that requires careful evaluation based on its emotional context.",neutral,0.36497673,5.867403507
"Perdue mismanaged Pillowtex, and nearly 8,000 people got laid off.",1,1,"FAKE
REASONING: Based on the given text material, it appears that the statement ""Perdue mismanaged Pillowtex, and nearly 8,000 people got laid off,"" is likely to be classified as a FAKE due to high levels of anger and fear combined with low neutrality. The statement's use of emotive language such as ""nearly 8,000 people"" and ""almost 250,000 people"" suggests that the statement may have been intended to create fear among the audience. Additionally, the statement's mention of ""botched surgeries"" and ""doctors killing people"" also highlights the potential for misinformation to exploit vulnerable populations. Overall, the combination of these factors suggests that the statement is likely to fall under the category of FAKE.",fear,0.761550494,5.933726311
"The health care bills will be mandated spending. You cant cut it, regardless of the budget circumstances.",0,0,"Real
REASONING: The statement is likely to be a false claim that has been intentionally crafted to deceive or manipulate the audience's perception. It contains high levels of anger, fear, and sadness, which suggest that it may be motivated by political agendas or personal grievances rather than objective information. Additionally, the use of euphemisms such as ""healthcare reform"" suggests that the author may be attempting to downplay the severity of the issue at hand. This indicates that the statement is likely to be part of a larger campaign of misinformation designed to sow doubt and confusion among the public.",neutral,0.466589654,4.159576416
"The average person will pay $6,000 more a year under Rep. Paul Ryans Medicare proposal.",0,0,"REAL
REASONING: The statement ""The average person will pay $6,000 more a year under Rep. Paul Ryans Medicare proposal"" has high anger and fear emotional patterns, which indicates that it is likely to be a fake news article. This sentiment is reinforced by the use of negative language (""pay $6,000 more""), the mention of a specific politician (""Rep. Paul Ryans""), and the absence of any counterarguments or rebuttals. Additionally, the statement's similarity to other examples suggests that it may have been intentionally fabricated to create a false narrative around Medicare.",neutral,0.695597397,4.383228302
A 5 percent increase in domestic production would increase the world supply by less than 1 percent and do almost nothing to our dependence on foreign oil. This would also have virtually no effect on the price of gas at the pump.,0,1,"REASONING: 
The statement ""A 5 percent increase in domestic production would increase the world supply by less than 1 percent and do almost nothing to our dependence on foreign oil. This would also have virtually no effect on the price of gas at the pump,"" compares favorably to other similar training examples that use a neutral emotional profile and analyze textual content and emotional context. The statement's dominant emotion is neutral, while its overall emotional intensity is high, indicating it may be a potential source of misinformation. However, the statement does not contain any manipulative tactics such as fear-mongering or rage-baiting, which could indicate that it is not intentionally designed to deceive. Overall, the statement appears to be a realistic representation of current policy discussions regarding domestic oil production.",neutral,0.6911653,5.673287868
Says Donald Trumps plan to repeal the estate tax would mean the Walmart Walton family would get a $53 billion tax break.,0,1,"REASONING: 
The statement ""Says Donald Trump's plan to repeal the estate tax would mean the Walmart Walton family would get a $53 billion tax break"" is a real statement based on textual content and emotional patterns. The statement contains high anger/fear and low neutrality, indicating strong misinformation indicators. The statement also features balanced emotions, suggesting typical factual reporting. Additionally, the statement mentions the Walmart Walton family receiving a tax break, which aligns with the sentiment of the statement. This combination of content and emotional context suggests that the statement is likely to be false.",neutral,0.44924399,4.127892256
The attorney general requires that rape victims pay for the rape kit.,1,0,"Real
REASONING: The statement contains high levels of anger and fear, which aligns with typical misinformation tactics used by fake news sources. Additionally, the use of the word ""rape"" suggests that the statement may be related to sexual assault or violence. This combination of factors points towards a likely fake news source.",joy,0.765414888,2.606061459
Tom Reed has actually voted for every single trade deal that has ever come before him in any form.,0,0,"Real
REASONING: 
The statement ""Tom Reed has actually voted for every single trade deal that has ever come before him in any form"" contains high anger and fear combined with moderate intensity, which indicates it may be a typical example of factual reporting. The sentiment expressed by the statement is neutral, indicating that it does not contain any manipulative tactics. Additionally, the statement's use of specific details about Reed's voting record suggests that it is likely to be true based on the given information.",neutral,0.661767637,3.467994213
The United States spends almost three times per capita what they spend in the U.K. on health care and 50 percent more than they pay in France.,0,0,"Real
REASONING: The text material contains high levels of anger, fear, and sadness, which aligns with typical signs of fake news. Additionally, the statement mentions the US spending significantly higher amounts of money on healthcare compared to other countries, indicating a potential attempt to manipulate public opinion towards a particular political agenda. This suggests that the statement may be intentionally misleading, likely due to intentional manipulation tactics such as fear-mongering or rage-baiting.",neutral,0.548401028,3.317946911
The proposed transportation tax plan revokes a tax-credit for consumers electric cars while the state retains similar credits for similar vehicles for businesses.,0,1,"REASONING: The statement ""The proposed transportation tax plan revokes a tax-credit for consumers electric cars while the state retains similar credits for similar vehicles for businesses"" is a FAKE due to its high anger and fear-mongering tone. The statement's emotional profile indicates that it is likely to be propaganda intended to manipulate emotions and create fear among target audiences. Additionally, the statement's similarity to other examples suggests that it may have been intentionally crafted to fall into the category of misinformation.",sadness,0.448290945,3.742043972
Theres no money in Social Security.,1,0,"Real

REASONING:
1. Textual Content Analysis: The statement ""Theres no money in Social Security"" contains strong anger and fear, which indicates that it may be part of a deliberate attempt at misleading people into thinking that Social Security is funded by debt rather than revenue. Additionally, the use of the word ""out"" suggests that there may be a lack of funds available.

2. Emotional Pattern Recognition: The statement ""Social Security, like I told you, is out of money"" exhibits extreme emotional intensity, indicating that it may have been carefully crafted to create a sense of urgency and desperation among its audience. The use of the phrase ""like I told you"" also suggests that the speaker is trying to convey a sense of authority or credibility.

3. Misinformation Signature Detection: The statement ""Ponzi scheme"" is a well-known",surprise,0.852670321,6.94825983
I spent only $36.29 on my campaign for governor.,0,0,"Real
REASONING: The statement ""I spent only $36.29 on my campaign for governor"" contains a high level of anger and fear, which indicates that it may be a case of falsified information. The statement also exhibits balanced emotions, indicating that it may have been fabricated by someone who wants to create a false impression. Additionally, the statement's use of neutral language suggests that it was likely written by someone without any ulterior motives. Overall, the combination of textual and emotional evidence points towards the statement being a fake news piece.",neutral,0.746077469,3.854720354
The U.S. military footprint in Africa is nearly nonexistent.,0,0,"Real
REASONING: The statement ""The U.S. Military footprint in Africa is nearly nonexistent"" is highly likely a factual report due to its balanced emotional intensity and lack of extreme emotional intensity. The statement's neutral emotional profile suggests that it may contain some degree of misinformation, but not enough to warrant labeling it as fake. This reasoning can be supported by analyzing the textual content alongside similar training examples and identifying features such as fear and sadness, which are commonly used in misinformation. Additionally, the statement's overall emotional risk level is relatively low compared to other examples, indicating that it may have been produced without intent to deceive.",neutral,0.479462817,5.054716825
Forty-seven percent of (members of Congress) are millionaires.,0,1,"REASONING: Based on the given text material, it appears that the statement ""Forty-seven percent of members of Congress are millionaires"" is likely to be considered a FAKE due to its high anger/fear and low neutrality indicators. The statement also contains several instances of surprise, which suggests that it may have been intentionally crafted to create a sense of shock or surprise among readers. Additionally, the use of the word ""millionaires"" instead of ""rich individuals"" highlights the potential for misleading language and could potentially lead to confusion or misunderstanding. Overall, the combination of textual content and emotional patterns indicates that the statement is most likely to be considered a FAKE by our model.",neutral,0.658672201,4.704910278
Says a university survey concluded his Massachusetts administration had more women in senior leadership positions than any other state in America.,0,1,"Real (FAKE)

REASONING:
The statement ""Says a university survey concluded his Massachusetts administration had more women in senior leadership positions than any other state in America"" exhibits high anger and fear combined with low neutrality, which indicates it may be a fake news report. The statement also contains balanced emotions, indicating that it may be factual reporting. This combination of content and emotional context suggests that the statement is likely a deliberate attempt to manipulate emotions and create a false impression. Additionally, the statement's use of ""more women"" instead of ""women"" reinforces its potential falseness. Overall, the combination of textual and emotional evidence suggests that the statement is most likely a fake news report.",neutral,0.798299153,5.349546432
Says U.S. Rep. Connie Mack took seven and a half years to finish college.,1,1,"FAKE
REASONING: The statement ""Says U.S. Rep. Connie Mack took seven and a half years to finish college"" contains high levels of anger and fear, along with balanced emotions, indicating that it is likely to be a piece of fake news. This sentiment is reinforced by the use of the word ""finished,"" which suggests a lack of progress or completion. Additionally, the statement mentions that Mack served in Congress for over two decades before taking office, further highlighting its potential as a misleading narrative. Overall, the combination of these factors points towards the likelihood of this being a falsehood.",anger,0.775108521,4.228809118
"Says a poll shows that without a name attached, Democrats are just one point behind Gov. John Kasich.",0,0,"REAL
REASONING: Based on the text material analyzed, it appears that the statement ""Says a poll shows that without a name attached, Democrats are just one point behind Gov. John Kasich"" is likely to be a FAKE due to its strong emotional context, including high levels of anger and fear. The use of negative language and references to ""prescription drug benefit for seniors,"" as well as the mention of Democratic candidates taking money from oil companies and lobbying groups, further reinforce the message that there is a significant gap between Republicans and Democrats. Additionally, the lack of specific details about the poll results suggests that the information may have been fabricated by a political campaign.",neutral,0.64061466,4.597203732
"Says that as Massachusetts governor, Mitt Romney condemned coal-fired plants, saying they kill people.",0,0,"REASONING: Based on the given text material, we can conclude that the statement is likely to be a FAKE due to its high level of emotional intensity, which is indicative of a deliberate attempt to manipulate public opinion through fear-mongering and other manipulative techniques. The use of strong negative language, such as ""killed,"" ""kills,"" and ""people,"" along with references to ""coal-fired plants"" and ""job creation,"" further reinforces the message of the statement. Additionally, the use of neutral emotional patterns like balance and moderation suggests that the author may not intend to deceive their audience, but rather to create a sense of uncertainty and doubt about the facts presented.",neutral,0.748716099,5.132772207
Says Gov. Rick Scott allowed Republican legislators to cut his teacher pay raise proposal by 60 percent.,1,0,"Real
REASONING: 
The statement claims that Governor Rick Scott's actions resulted in a reduction in funding for public schools, which was described as a cut to education by several training examples. The statement also mentions that Scott's proposed corporate income tax rate would have affected elementary school music classes, art instruction, and teaching positions. Additionally, the statement suggests that Scott Walker rejected a bill to make college loan payments tax-deductible and the resulting impact on student loans was mentioned. These factors indicate that the statement is likely to be real and not fake.",surprise,0.907490525,3.79692173
"In Florida, 300,000 people are going to lose their individual coverage because of Obamacare. Now those people next year, they dont have health insurance.",1,0,"REAL
REASONING: Based on the text material analyzed, it appears that the statement ""In Florida, 300,000 people are going to lose their individual coverage because of Obamacare"" contains strong indicators of falsity due to its extreme emotional intensity, particularly fear. The statement's use of hyperbolic language (""loses their"") and the absence of any mention of alternatives suggests a deliberate attempt at misleading the audience. Additionally, the use of vague terms such as ""individual coverage"" and ""losing their"" further reinforces the impression of uncertainty and confusion. This combined with the fact that the statement is accompanied by a graphic depicting the number of people losing their coverage highlights the potential impact of this information on public opinion. Overall, while there may be some degree of emotional manipulation present, the overall emotional profile of the statement aligns closely with typical misinformation tact",fear,0.955393936,6.473820925
PolitiFact Wisconsin concluded that the charge that Justice Prosser prejudges matters that come before the court is True.,1,0,"REAL
REASONING: Based on the text material analyzed, it appears that the statement ""PolitiFact Wisconsin concluded that the charge that Justice Prosser prejudges matters that come before the court is True,"" contains strong indicators of real information. The use of neutral language, balanced emotional intensity, and absence of extreme emotions suggest that the statement is likely true. Additionally, the statement's mention of the Supreme Court justices suggests that it may have been factually accurate at the time of publication. However, the statement also includes a warning about potential future decisions, which could indicate that it is subjective opinion rather than a factual report. Overall, the combination of textual and emotional evidence suggests that the statement is most likely true.",surprise,0.969415305,4.902083635
Georgia lawmakers fuel up for the session by feasting on wild hogs.,0,0,"Real
REASONING: The text contains high levels of anger and fear, along with moderate intensity and balance between emotions. This indicates that it may be a deliberate attempt to manipulate the audience's emotions towards a particular outcome. Additionally, the use of sensational language and hyperbolic claims suggest that the statement is likely to be false.

Emotional Context Analysis:
Similar Training Examples:
- Text: ""Georgia lawmakers are now considering passing the most extreme gun bill in America...""
- Similarity: 0.523
- Emotion: surprise (intensity: 0.85)
- Overall emotional risk detected

Analysis Framework:
1. Compare textual content with similar training examples
2. Analyze emotional patterns against known misinformation signatures
3. Consider the combination of content + emotional context
4. Look for manip",neutral,0.622457118,6.471190214
"Says Texas unemployment is dire in various ways such as a doubling in the jobless rate during Rick Perrys governorship. Also, the Texas rate has increased faster than the national rate during Barack Obamas presidency.",0,0,"REASONING: The statement ""Says Texas unemployment is dire in various ways such as a doubling in the jobless rate during Rick Perry's governorship. Also, the Texas rate has increased faster than the national rate during Barack Obama's presidency"" is classified as REAL based on its strong emotional context and high anger/fear+low neutrality indicators. It also highlights the use of surprise as one of the dominant emotions. However, the overall emotional risk detected is low due to the lack of manipulative tactics.",surprise,0.355229991,3.773455381
The actual deportations from the interior of the country are way down under President Obama.,0,1,"REASONING: 

Emotional Misinformation Patterns:
- High anger/fear + low neutrality = Strong misinformation indicator
- Extreme emotional intensity = Often correlates with fake news
- Balanced emotions + moderate intensity = Typical of factual reporting

Similar Training Examples:
- Text: ""Interior deportations under Obama were down 40 percent and at a nine-year low....""
- Emotion: Neutral (intensity: 0.70)
- Example 1 (similarity: 0.836)
- Text: ""President Barack Obama has deported more people in his first year in office than George W. Bush in h...
- Emotion: Neutral (intensity: 0.72)
- Example 2 (similarity: 0.692",neutral,0.435376088,6.273081064
"In the entire public school system in Camden last year, only three students graduated college ready.",0,1,"Real (FAKE)

REASONING: 
The statement ""In the entire public school system in Camden last year, only three students graduated college ready,"" has a strong similarity to similar training examples, indicating that it may be a fake news article. The statement's emotional profile suggests that it is likely to contain manipulative tactics such as fear-mongering or rage-baiting. Additionally, the statement's overall emotional intensity indicates that it may be a deliberately false piece of information intended to create fear and panic among its target audience.",neutral,0.475233704,3.994956255
The number of people in Atlanta dying from HIV and AIDS declined 59 percent between 2004 and 2012.,0,1,"REASONING: 

Emotional Misinformation Patterns:
- High anger/fear + low neutrality = Strong misinformation indicator
- Extreme emotional intensity = Often correlates with fake news
- Balanced emotions + moderate intensity = Typical of factual reporting

Similar Training Examples:
- Text: ""In Atlanta, since 1994 when the Seven Deadly Sins (mandatory minimum sentences) took effect, the viol... (neutral)
- Text: ""Were losing as many people to heroin and opioid overdoses as we lost to the AIDS epidemic at its pea... (neutral)
- Text: ""People think AIDS is done --its not done.... (neutral)
- Text: ""Currently, almost 40 percent of people with HIV are not diagnosed until they already",neutral,0.710541419,6.036625862
"Already this calendar year, since January 1, we have had more than 20,000 people come across the border, apprehended, unauthorized.",0,0,"REASONING: 
The statement ""Already this calendar year, since January 1, we have had more than 20,000 people come across the border, apprehended, unauthorized,"" compares favorably to other similar training examples in terms of its neutral emotional profile and high score for fear. However, it also exhibits some signs of manipulation, such as the use of fear-mongering language and the mention of a dramatic expansion in jailing of immigrants over the past 15 years. The overall emotional risk detected is low, indicating that the statement may be considered factual reporting.",neutral,0.566844771,4.771841526
The Republicans have demanded deep cuts in education. Theyve demanded cuts in cancer research and other research to find cures and treatments to diseases.,0,0,"Real
REASONING: The statement contains neutral emotional context that suggests it may be true based on its language and tone. However, there are some indications of propaganda and fear-mongering tactics, which could indicate that the statement is likely false. This analysis considers the combination of textual and emotional evidence and provides a reasoned conclusion.",neutral,0.290297353,2.465361118
"Says that over the past 20 years, Texas public school spending rose 142 percent and per-pupil spending more than tripled when adjusted for inflation.",1,1,"REASONING: Based on the given text material, we can conclude that the statement is likely to be a FAKE due to its extreme emotional context and lack of balance in emotional intensity. The use of fear-mongering language and manipulative tactics such as ""r...perhaps tripled"" and ""increased 142%"" further reinforce the falsehood. Additionally, the use of hyperbole (""over the past 20 years"") and exaggerated claims about the increase in spending suggest that it may not be based on actual data or research. Therefore, our classification is FAKE.",joy,0.907849237,4.090380907
"Today in America, between 40 and 50 percent of all African-American babies, virtually 1-in-2, are killed before they are born.",1,0,"Real

REASONING: 
The statement ""Today in America, between 40 and 50 percent of all African-American babies, virtually 1-in-2, are killed before they are born,"" has been found to be a real statement based on its similarity to other similar training examples that also contain sadness and extreme emotions. The statement's dominating emotion score of sadness indicates that it may contain propagandistic elements intended to manipulate emotions. Additionally, the statement's overarching emotional intensity of 0.93 suggests that it is likely to be a form of misinformation designed to create fear and outrage among its target audience.",sadness,0.932962898,5.076957464
"Scott Walker couldnt get his own party to back more than a 500-student increase in Milwaukees school choice program, but in Indiana, Mitch Daniels voucher program is approaching 30,000 students two years after opening.",0,1,"REASONING: 
The statement ""Scott Walker couldnt get his own party to back more than a 500-student increase in Milwaukeses school choice program, but in Indiana, Mitch Daniels voucher program is approaching 30,000 students two years after opening"" falls under the category of FAKE due to its high level of anger and fear combined with low neutrality. The statement also features manipulative tactics such as the use of rage-baiting language and fear-mongering. This indicates that it may have been intentionally created to deceive readers into believing that the voucher program has outgrown its intended purpose. Additionally, the statement's similarity to other training examples suggests that it may have been crafted by someone who is well-versed in misinformation techniques and has access to relevant data.",neutral,0.626045695,5.649351597
Ron Johnson is willing to hand over the Great Lakes to the oil companies.,1,0,"REAL
REASONING: Based on the textual and emotional evidence presented, I conclude that the statement ""Ron Johnson is willing to hand over the Great Lakes to the oil companies"" is a real claim made by the politician. The high anger and fear emotional profiles indicate that it is likely to be inflammatory misinformation, while the overall emotional intensity score of 0.78 suggests that it is likely to be highly emotive and potentially dangerous. Additionally, the comparison with similar training examples shows that it shares some key features with other examples of misinformation, such as the use of anger and fear as dominant emotions, as well as the presence of negative emotions like sadness and surprise. Overall, the combination of textual and emotional evidence points towards a strong likelihood that the statement is false.",neutral,0.784675218,5.812061548
"Credit agency says Rep. Gibbs recklessly caused downgrade, higher interest rates.",1,1,"Real (FAKE)
REASONING: 
The statement ""Credit agency says Rep. Gibbs recklessly caused downgrade, higher interest rates"" contains high levels of anger and extreme emotional intensity, indicating that it may be a case of falsification. The use of the word ""recklessly"" suggests that there may have been intentional action behind the downgrading, while the mention of higher interest rates indicates that there may have been financial consequences. Additionally, the statement's subject matter (""Rep. Gibbs"") and emotional context (""reckless"") suggest that it may contain false information intended to manipulate public opinion. This analysis combines textual and emotional evidence to provide a more nuanced understanding of the statement's true nature.",fear,0.855421536,4.879146099
The city of Pembroke Pines doesnt have a vote in a plan to build a detention center in Southwest Ranches.,1,0,"Real
REASONING: 
The statement ""The city of Pembroke Pines doesn't have a vote in a plan to build a detention center in Southwest Ranches,"" which has a dominant emotion of joy and a high emotional intensity score, suggests that it contains misleading information about the proposed project. The use of strong language such as ""no direct cost to the city budget"" and ""at no direct cost to the city budget"" further reinforce the impression that there is no financial involvement from the city. Additionally, the statement mentions the proposed transportation project list without mentioning the location of the proposed detention center, suggesting that it may be located elsewhere. These factors suggest that the statement is likely false or misleading, as it fails to provide clear information about the actual project.",joy,0.913226602,5.670999527
When Republican extremists tried to take away abortion rights Blake Rocap stopped them.,1,0,"Real

REASONING:
1. Textual Content Analysis: The statement ""When Republican extremists tried to take away abortion rights Blake Rocap stopped them,"" contains strong indicators of a real statement, including balanced emotions and moderate intensity. The use of neutral language and absence of extreme emotions suggest that the statement is likely to be true.

2. Emotional Pattern Analysis: The statement's emotional context aligns well with known misinformation signatures such as fear-mongering, rage-baiting, and manipulation tactics. This suggests that it may contain false information intended to manipulate public opinion.

3. Combination of Content and Emotional Context: The statement's combination of textual content and emotional context provides additional support for its real status. It highlights the use of strong emotions to convey a message, which is characteristic of misinformation.

Overall",anger,0.885910637,6.047020197
"You and I know that in the history of mankind and womankind, government federal, state, local, or otherwise has never created one job.",1,0,"Real
REASONING: 
1. Compare textual content with similar training examples: The statement ""You and I know that in the history of mankind and womankind, government federal, state, local, or otherwise has never created one job"" contains a strong negative sentiment towards government, which aligns with the dominant emotion profile of surprise. Additionally, the use of the phrase ""in the history of mankind"" suggests a lack of recent data to support the claim. This combination of content and emotional context supports the label of real.

2. Analyze emotional patterns against known misinformation signatures: The statement ""The stimulus has not created one private sector job"" exhibits a high fear score due to the mention of the word ""stimulus,"" which can be interpreted as a potential threat to the economy. However, the use of the phrase ""private sector jobs"" also suggests that the statement may be part of a",surprise,0.923884006,6.553664207
Says a Senate resolution would restore $140 in monthly general assistance payments and prevent people from committing crime.,1,0,"Real
REASONING: The statement ""Says a Senate resolution would restore $140 in monthly general assistance payments and prevent people from committing crime"" combines textual and emotional evidence to indicate a real statement. The statement's use of language such as ""restore,"" ""prevent,"" and ""committing crime"" suggests that it contains information about a specific action or event. Additionally, the statement's use of emotional intensity indicators like fear and anger suggest that it may be part of a larger narrative or campaign aimed at generating fear and anxiety among its target audience. Overall, the combination of these factors supports the conclusion that the statement is likely to be true and relevant to its intended audience.",fear,0.867717325,4.705479383
Most funding for tuberculosis research (is) provided by the U.S. National Institutes for Health.,0,1,"REASONING: 

Emotional Misinformation Patterns:
- High anger/fear + low neutrality = Strong misinformation indicator
- Extreme emotional intensity = Often correlates with fake news
- Balanced emotions + moderate intensity = Typical of factual reporting

Similar Training Examples:
- Text: ""For the last decade, funding in the health and human services budget has grown at twice the rate as...""
- Subject: unknown
- Emotion: neutral (intensity: 0.78)
- Example 1 (similarity: 0.531)
- Text: ""The U.S. Department of Defense spends $80 million a year on prostate cancer research, $25 million a...""
- Subject: unknown
- Emotion: neutral (intensity: 0.76)",neutral,0.533552779,6.568540096
"When President Bush took office in 2001, he inherited a $236 billion budget surplus, with a projected 10-year surplus of $5.6 trillion. When he ended his term, he left a $1.3 trillion deficit and a projected 10-year shortfall of $8 trillion.",0,0,"Real
REASONING: 
The statement is real due to its high balance of emotional intensity, neutral emotional profile, and lack of manipulative tactics. The statement accurately reflects the current state of affairs by highlighting the significant surplus created during President Bush's tenure and the looming financial crisis that President Obama's proposed budget plan will address.",neutral,0.760480617,2.641361237
"Says that data from the Center on Budget and Policy Priorities suggest that the Texas budget gap is worse than New Yorks, about as bad as Californias, but not quite up to New Jersey levels.",0,0,"Real
REASONING: The statement highlights the Texas budget gap being worse than New York's, about as bad as California's, but not quite up to New Jersey's. This indicates that the author has used emotional context to identify a falsehood in the given material.

Emotional Pattern Recognition: The statement uses high anger/fear combined with low neutrality to indicate strong misinformation. The use of balance emotions like moderate intensity suggests that the statement is likely to be factual reporting rather than propaganda.

Overall Emotional Intelligence: The overall emotional intelligence score is 0.38, indicating that the statement is relatively neutral compared to other examples analyzed. However, there is a significant amount of surprise in the statement, which could indicate that it was intentionally designed to create a shock effect.",surprise,0.381942066,5.565869093
I opposed this war from the beginning. I opposed the war in 2002. I opposed the war in 2003. I opposed it in 2004 and 2005 and 2006.,0,0,"REASONING: 

The statement ""I opposed this war from the beginning. I opposed the war in 2002. I opposed the war in 2003. I opposed it in 2004 and 2005 and 2006,"" has a dominant emotional profile of neutral, with an overall emotional intensity of 0.70. It compares well with similar training examples such as ""I did not support the war in Iraq The record shows that Im right...."" and ""I never was in favor of shutting down the government. (I) voted to fund the government fully...."". However, there is no clear indication of any specific manipulation tactics used by the author. This suggests that the statement may be genuine and unmanipulated.",neutral,0.699668248,5.864398241
More people today are leaving Virginia than moving in.,0,0,"Real
REASONING: 
The statement ""More people today are leaving Virginia than moving in"" contains high levels of anger and fear, along with balanced emotions and moderate intensity. This indicates that the statement is likely a form of emotional misinformation designed to create fear among the target audience. The combination of these factors suggests that the statement may contain manipulative tactics such as fear-mongering or rage-baiting. However, further analysis is required to confirm this interpretation.",neutral,0.514154426,3.484180927
My state of Florida is now the third-largest state. We have surpassed New York in population.,1,0,"REAL
REASONING: The statement ""My state of Florida is now the third-largest state. We have surpassed New York in population"" contains strong indicators of real information, including high anger/fear and balanced emotions, which aligns with the target emotional profile. Additionally, the statement mentions that Florida has become the largest dog-racing state and Florida ranks 45th out of 50 states for its regulatory climate for business, indicating a lack of manipulative tactics. This statement meets all criteria for being a true fact about Florida's status.",anger,0.885059622,4.532607317
President Obama campaign surrogate Maryland Gov. Martin OMalley acknowledged that we are not better off than we were four years ago.,0,0,"Real

REASONING: 
1. Textual Content Analysis: The statement mentions Governor O'Malley acknowledging that we are not better off than we were four years ago, which aligns with the known misinformation signature of high anger/fear + low neutrality.
2. Emotional Context Analysis: The statement mentions Governor O'Malley acknowledging that we are not better off than we were four years ago, which suggests that it may be part of a larger narrative of declining economic conditions under the Obama administration.
3. Combination of Content + Emotional Context Analysis: The statement combines textual content (high anger/fear + low neutrality) with emotional context (Governor O'Malley acknowledges that we are not better off than we were four years ago), indicating that it may be part of a deliberate effort to manipulate emotions and create a false impression.

Over",neutral,0.656276332,6.092219591
"Research found that over the course of the existence of the Brady Bill ban, the use of assault weapons in crimes decreased by two thirds.",0,0,"REASONING: 
The statement ""Research found that over the course of the existence of the Brady Bill ban, the use of assault weapons in crimes decreased by two thirds,"" is a real statement based on the given training examples. The dominant emotional profile indicates neutral dominance, while the overall emotional risk is low due to the lack of manipulative tactics. This statement can be considered as a true representation of the facts presented in the given material.",neutral,0.66526595,3.141437292
Says hesecured the highest possible bond rating for the city of Tampa.,0,0,"Real
REASONING: The statement highlights the high bond rating secured by the mayor of Tampa, which is consistent with the given text material and emotional patterns. The statement also mentions the city's financial stability, indicating that it may have been awarded the highest possible bond rating due to its strong economic performance. Additionally, the statement highlights the mayor's vote against the Wall Street bailout, which suggests a clear stance on fiscal responsibility and accountability. These factors contribute to the overall veracity of the claim.",neutral,0.738867303,3.960370541
"This year President Obama canceled the 21st annual National Day of Prayer ceremony at the White House under the ruse of not wanting to offend anyone.BUT on September 25, 2009 from 4 AM until 7 PM, a National Day of Prayer FOR THE MUSLIM RELIGION was HELD on Capitol Hill, Beside the White House.",1,0,"Real

REASONING:
1. Textual Content Analysis: The statement contains high levels of anger and fear, which are typical indicators of fake news. Additionally, it mentions the cancellation of the National Day of Prayer ceremony by President Obama, which suggests that it may have been orchestrated as part of a larger effort to suppress religious freedom.

2. Emotional Pattern Recognition: The statement also exhibits strong emotional intensity, particularly in terms of fear. This indicates that it may have been intentionally crafted to create a sense of urgency and panic among its audience.

3. Manipulation Tactics: The use of fear-mongering and rage-baiting tactics likely played a role in creating this false narrative. For example, the reference to ""Muslims"" instead of ""religious minorities"" suggests that the author is trying to associate the event",fear,0.682773449,6.086239338
We have more people working in the state of New Jersey today than weve ever had in our history.,1,1,"REASONING: 

The statement ""We have more people working in the state of New Jersey today than we've ever had in our history"" is a real statement based on textual content analysis. The statement contains strong indicators of truthfulness such as balanced emotions and neutrality, while also exhibiting some signs of fear and anger. This suggests that the statement may contain some misleading information, but overall, it appears to be true.

Emotional context analysis reveals that the statement is likely to be misinformation due to its extreme emotional intensity. The statement features high levels of anger and fear, which are commonly used in scare tactics and fake news. Additionally, the statement includes references to Democratic tax hikes, which could suggest a political motive behind the falsehood.

Overall, the statement meets the criteria for being a real statement based on textual content analysis and emotional context analysis.",joy,0.800345083,6.48704195
About two-thirds of all consumption is services. . . It was just the opposite when the sales tax was enacted in the 30s.,0,0,"Real
REASONING: 
The statement ""About two-thirds of all consumption is services... It was just the opposite when the sales tax was enacted in the 30s"" is consistent with the given text material, which highlights the shift from goods to services during the Great Depression era. The statement also mentions the federal government's share of GDP, indicating that it has been consistently growing over time. This supports the claim that the federal government's role in consumption has increased since then. Additionally, the use of neutral language suggests that the statement is not intended to be inflammatory or sensationalistic. The overall emotional tone is neutral, with no specific dominating emotion. The statement is supported by multiple examples from the given training data, including those that align with known misinformation signatures such as fear-mongering and rage-baiting. Overall, the statement appears to be",neutral,0.597621085,6.008628368
Says Ohio law gives tax breaks to rich people who own private jets.,0,1,"REASONING: 
The statement ""Says Ohio law gives tax breaks to rich people who own private jets"" falls into the category of FAKE due to its high anger/fear and low neutrality indicators. The statement also contains a strong misinformation signal through the use of balanced emotions and moderate intensity. This indicates that the author's intention was to create fear and panic among readers by presenting false information about the state's tax policy. Additionally, the statement lacks relevant context and fails to provide any supporting evidence to support their claims. In contrast, the statement ""Rob Portman's plan to tax, slash, and privatize Social Security would devastate Ohioans,"" which is similar in terms of language and tone, does not fall into the same category of FAKE. It presents a more nuanced view of the issue and provides some supporting evidence from the author's perspective.",neutral,0.531195272,6.370987654
"Says Obama has never submitted a budget, and Congress has worked for two years without passing one.",0,1,"REASONING: 

Emotional Misinformation Patterns:
- High anger/fear + low neutrality = Strong misinformation indicator
- Extreme emotional intensity = Often correlates with fake news
- Balanced emotions + moderate intensity = Typical of factual reporting

Similar Training Examples:
- Text: ""Says Obama has never submitted a budget, and Congress has worked for two years without passing one.""
- Similarity: 0.669
- Example 1 (similarity: 0.669):
    Text: ""Says U.S. Senate Democrats have gone without any budget at all for more than 1,000 days.""
    Emotion: neutral (intensity: 0.79)
    Example 2 (similarity: 0.603):
    Text: ""In the U",neutral,0.664306289,5.94652462
"A three-cents-per-ounce soda tax in Philadelphia would result in the loss of 2,000 family-sustaining Teamster Union jobs and countless other jobs in the beverage industry.",1,0,"Real
REASONING: The statement's textual content and emotional patterns indicate that it is likely a real statement, as it contains neutral language and does not contain any indicators of fear or anger. Additionally, the statement mentions job losses in the beverage industry, which aligns with the known misinformation signature of a soda tax proposal leading to job losses. However, the statement also includes some ambiguous language about the impact on low-income families, which may suggest that it is being used as part of a larger campaign to promote a specific policy agenda. This suggests that the statement may have been intentionally crafted to manipulate emotions and create a sense of urgency around a particular issue.",sadness,0.935372814,5.095472336
"The labor force participation rate -- the share of the potential workforce that is actually working or looking for work-- currently stands below 63%, the lowest level since the 1970s.",0,1,"REASONING: 

Emotional Misinformation Patterns: 
- High anger/fear + low neutrality = Strong misinformation indicator
- Extreme emotional intensity = Often correlates with fake news
- Balanced emotions + moderate intensity = Typical of factual reporting

Similar Training Examples:
- Text: ""The labor force participation rate -- the share of the potential workforce that is actually working or looking for work-- currently stands below 63%, the lowest level since the 1970s.""
- Example 1 (similarity: 0.622):
    - Text: ""Says if labor force participation rate were the same as when Barack Obama became president, unemploy...""
    - Emotion: neutral (intensity: 0.57)
        - Score: Anger(0.00) Fear",neutral,0.655952218,6.107286215
Only 18 percent of jobs are accessible by transit for metro Atlanta residents. 33 percent for those living in the city.,0,0,"Real
REASONING: 
The statement ""Only 18% of jobs are accessible by transit for metro Atlanta residents. 33% for those living in the city"" contains a strong misinformation indicator due to high anger/fear+low neutrality and balanced emotions. The statement also exhibits a low emotional risk level due to neutral overall emotional intensity. This statement can be classified as real based on its textual content and emotional patterns.",neutral,0.72064653,3.606443167
"In 2005, Dan Branch tried to expand third-trimester abortions in Texas.",1,1,"Real (FAKE)
REASONING: The statement ""In 2005, Dan Branch tried to expand third-trimester abortions in Texas"" contains a strong indication of falsity due to its extreme emotional intensity and balance of emotions. It also exhibits features commonly associated with fake news such as fear and anger, which can be used to manipulate audiences into believing falsehoods. Furthermore, the use of the word ""trying"" suggests that the claim may have been made deliberately to deceive or mislead, further reinforcing the suspicion of falsity. In conclusion, the statement ""In 2005, Dan Branch tried to expand third-trimester abortions in Texas"" is highly likely to be a fake news report.",fear,0.887447406,5.130286217
"More lives have been lost because of the war with the drug cartels in Juarez alone, just a few blocks from the United States of America, than have been lost in the war in Afghanistan.",1,1,"Real (FAKE)
Reasoning: 
The statement ""More lives have been lost because of the war with the drug cartels in Juarez alone, just a few blocks from the United States of America, than have been lost in the war in Afghanistan"" exhibits strong emotional misinformation patterns, particularly in terms of extreme emotional intensity and balance between emotions. The statement's use of hyperbole and exaggeration, combined with a lack of specific details about the situation, creates a sense of urgency and fear that aligns with typical misinformation tactics used by those seeking to manipulate public opinion. Additionally, the statement's use of emotive language such as ""losses,"" ""overdoses,"" and ""children"" further reinforces the message of danger and desperation. Overall, the statement's combination of textual and emotional evidence suggests it may be a case of emotional manipulation rather than genu",sadness,0.983732492,6.329253435
Social science is irrefutable that children are better off being raised by a mom and a dad.,1,1,"Real (FAKE)

REASONING:
The statement ""Social science is irrefutable that children are better off being raised by a mom and a dad"" is highly likely to be false due to the absence of any scientific evidence supporting it. The use of emotive language such as ""most single moms are very poor, under-educated, can't get a job, etc."" suggests that the author may have been influenced by political or ideological agendas rather than empirical research. Additionally, the statement lacks balance and neutrality, with strong emotional intensity indicating a possible intent to manipulate readers. The combination of content and emotional context suggest that the statement is likely to contain manipulative tactics, such as fear-mongering or rage-baiting.",joy,0.818961578,5.309152603
Weve caught Iran cheating on the interim (nuclear) deal.,1,1,"Real (FAKE)
Reasoning: 
1. Compare textual content with similar training examples: The statement ""We've caught Iran cheating on the interim nuclear deal"" contains high levels of anger and fear, which are typical indicators of fake news. Additionally, it shares similarities with other examples where the author expresses concerns about Iranian nuclear capabilities.
2. Analyze emotional patterns against known misinformation signatures: The statement uses strong emotional language such as ""cheat,"" ""crippling,"" and ""cruel,"" which are commonly used in misinformation campaigns. It also features intense emotions like sadness and surprise, which are often associated with fake news.
3. Consider the combination of content + emotional context: The statement includes multiple elements that suggest its authenticity, including the use of facts and statistics to support claims. However, there are also instances where the emotional tone overpowers",surprise,0.868832108,6.328861237
Says his administration balanced two budgets with over $13 billion in deficits without raising taxes.,0,0,"Real
REASONING: The statement ""Says his administration balanced two budgets with over $13 billion in deficits without raising taxes"" has a dominant emotional profile of neutral, with high levels of anger (0.02) and fear (0.15). This suggests that the statement may be propaganda intended to manipulate public opinion towards supporting policies that benefit the wealthy elite at the expense of the majority. However, the overall emotional risk detected is low due to the lack of specific details about the proposed policy changes. Additionally, the statement's use of neutral language and avoidance of specific numbers or figures may suggest that the author is trying to downplay the severity of the situation.",neutral,0.762110485,4.816648483
Says the United States has the worlds greatest health care system.,0,0,"Real
REASONING: 
The statement ""Says the United States has the worlds greatest health care system"" contains high anger/fear and low neutrality, which indicates strong misinformation indicators. The statement also features balanced emotions, indicating typical factual reporting. This statement aligns with the training data and provides evidence for its label of REAL.",neutral,0.40823521,2.494691133
"Says Russ Feingold said that with Obamacare, we could keep our doctors and our plans, it was rated as the Lie of the Year.",0,1,"Real (FAKE)

REASONING:
The statement ""Says Russ Feingold said that with Obamacare, we could keep our doctors and our plans, it was rated as the Lie of the Year"" has a high level of anger and fear combined with low neutrality, indicating strong misinformation indicators. The statement also mentions the potential impact of the Affordable Care Act on healthcare coverage, which may have led to the creation of false claims about its effectiveness. Additionally, the statement highlights the concerns raised by some Democrats regarding the legislation's impact on healthcare accessibility. This suggests that the statement is likely to be part of a broader effort to undermine the legislation and discredit its supporters.",neutral,0.618228735,5.537032604
On whether the governor of Massachusetts should be able to appoint an interim U.S. senator,1,0,"REAL
REASONING: Based on the given text material, it appears that the statement ""On whether the governor of Massachusetts should be able to appoint an interim U.S. Senator"" is likely to be considered a FAKE by emotional context analysis. The statement contains high levels of anger, fear, and sadness, along with a lack of neutrality and strong indicators of propaganda techniques like rage-baiting and fear-mongering. Additionally, the statement mentions the potential appointment of a new senator during the upcoming election cycle, which could potentially create a sense of urgency and increase emotional intensity. These factors suggest that the statement may be intended to manipulate emotions and encourage people to take action, leading to the conclusion that it is most likely a FAKE.",joy,0.747047175,5.102544069
"We went from losing 3 million jobs in the last six months of the Bush Administration, adding almost 600,000 private sector jobs in the first six months of the year.",0,1,"Real (FAKE)
Reasoning: The statement ""We went from losing 3 million jobs in the last six months of the Bush Administration, adding almost 600,000 private sector jobs in the first six months of the year"" contains neutral emotional patterns indicating no significant manipulation tactics. The statement's textual content also aligns with the known misinformation signature of fear-mongering, which suggests it may be a case of emotional misinformation. However, the statement's overall emotional risk level is relatively high due to its strong anger and fear tone, which could indicate potential manipulation tactics such as rage-baiting or fear-mongering.",neutral,0.706778877,4.631705999
David Beckhams soccer stadium would get a special tax deal that lets them off the hook for $2 million in taxes every year for 30 years.,0,0,"Real
REASONING: 
The statement contains strong indicators of being a real statement, including high anger/fear combined with balanced emotions, moderate intensity, and a neutral emotional profile. The statement also mentions a specific amount of money that would be saved through a proposed tax break, which suggests it may be true. However, there are some potential manipulation tactics such as fear-mongering and rage-baiting present in the statement.",neutral,0.798472355,3.549534798
Says Kelly Ayotte voted again yesterday against a proposal to expand background checks -- (buyers) can continue to simply go online or to gun shows to purchase guns without background checks.,0,0,"REAL
REASONING: Based on the textual content and emotional patterns analyzed, it appears that the statement ""Says Kelly Ayotte voted against expanding background checks"" is likely to be a FAKE misinformation piece. The high anger and fear emotional context indicate that the statement may have been intentionally designed to create fear among potential buyers. Additionally, the use of vague language (""stands"") and ambiguous phrasing (""funds campaigns""), which could suggest a lack of transparency or accountability, further reinforce the impression of deception. Finally, the overall emotional intensity of the statement (neutral) suggests that it may not be particularly effective at generating strong emotions from its audience.",neutral,0.620940938,4.651804924
"There are cities and counties in Georgia that dont have websites, and where elected officials dont have email addresses.",0,0,"REASONING: The statement ""There are cities and counties in Georgia that don't have websites, and where elected officials don't have email addresses,"" has a dominant emotional profile of neutral, with an overall emotional intensity of 0.37. It compares favorably to similar training examples in terms of textual content and emotional patterns, indicating it may be a genuine statement. However, there are some potential manipulation tactics present, including fear-mongering and rage-baiting, which could potentially impact its accuracy rating.",neutral,0.365313187,3.802591085
Says Rick Perry said theres an administrator for every teacher in Texas public schools.,1,1,"Real (FAKE)
Reasoning: 
The statement ""Says Rick Perry said theres an administrator for every teacher in Texas public schools"" contains strong indications of fake news due to its extreme emotional intensity and balance of emotions. The statement's use of fear and balanced emotions suggest it may be intentionally designed to manipulate audiences into thinking there is a lack of qualified teachers in Texas public schools. Additionally, the statement's mention of an administrator for every teacher suggests a deliberate attempt to create confusion and doubt around the issue of teacher shortages in the state. This type of misinformation tactic can be used by politicians to sow fear and uncertainty among their constituents, ultimately benefiting them at the expense of truth and accuracy.",anger,0.823730074,5.253107548
Obama opposed exploring for energy in Alaska.,0,0,"Real
REASONING: The statement ""Obama opposed exploring for energy in Alaska"" contains high anger and fear emotional patterns, which indicates it may be misleading due to manipulative tactics such as fear-mongering and rage-baiting. Additionally, the statement mentions a stop sign against oil drilling, which suggests a lack of support for renewable energy sources. This combination of content and emotional context points towards the statement being likely to be false or misinformative.",neutral,0.28289105,3.328709602
"Says a man in Ferguson, Mo., was photographed holding a sign that said, No mother should have to fear for her sons life every time he robs a store.",1,0,"Real
REASONING: The statement is a clear example of emotional misinformation, characterized by high anger and extreme emotions. It highlights the use of fear-mongering tactics to create a sense of urgency and panic among readers. The statement also features a strong focus on the role of the police department in law enforcement, which is commonly used in fake news. Additionally, the statement contains several instances of balanced emotions, indicating that it may be a case of overgeneralization or sensationalism.",joy,0.860072328,3.774270058
A real result of his term is Georgia having the lowest taxes per capita of any state.,1,0,"Real
REASONING: The statement ""A real result of his term is Georgia having the lowest taxes per capita of any state"" contains strong indicators of a real result, including balanced emotions and neutrality in the subject's tone. The statement also highlights the state's low tax burden, which aligns with the target's stated goal of reducing taxes. Additionally, the statement uses specific data points from the given text material, such as ""Georgia,"" ""lowest,"" and ""taxes per capita,"" to support its claim. This combination of textual and emotional evidence suggests that the statement is likely true and should be considered a real result.",sadness,0.824775905,4.668305159
President Barack Obama reduced the cost of prescription drugs for nearly 3.6 million Americans in 2011.,0,1,"Real (FAKE)

REASONING:
The statement ""President Barack Obama reduced the cost of prescription drugs for nearly 3.6 million Americans in 2011"" contains a strong indication of fake news due to its high anger and fear-inducing emotional context. The statement's use of ""obamacare"" and ""cutting"" suggest that it may be part of a broader effort by the administration to undermine the Affordable Care Act (ACA). Additionally, the statement's mention of ""nonpartisan government analysts"" suggests that it may have been fabricated by someone who lacks knowledge about the ACA's impact on the healthcare system. Finally, the statement's overall emotional intensity of 0.54 indicates that it likely originated from a source with a high level of emotional manipulation.",neutral,0.544276895,5.883204699
Says Marco Rubio wanted to cut Social Security and Medicare because he said theyre bankrupting our country.,0,0,"Real

REASONING:
The statement ""Says Marco Rubio wanted to cut Social Security and Medicare because he said they were bankrupting our country"" has been analyzed based on its textual content and emotional patterns. The statement contains high anger and extreme emotional intensity, which indicates that it may be a case of emotional misinformation. Additionally, the statement mentions Rubio's opposition to the proposed cuts to Social Security and Medicare, which suggests that the statement may have been fabricated by someone who opposes these programs. This analysis reveals that the statement is likely false and should not be trusted.",neutral,0.673191256,4.659335375
"Virginia is headed towards another surplus this year, unlike most states.",0,0,"REASONING: 
The statement ""Virginia is headed towards another surplus this year, unlike most states"" is a FAKE due to its high anger and fear emotionally profile combined with a lack of balance in emotional intensity. This sentiment is often associated with fake news and is indicative of manipulative tactics used to create fear and panic among the target audience. Additionally, the statement's use of the word ""surplus"" suggests it may be related to economic growth rather than revenue generation, which would indicate a potential misrepresentation of facts.",neutral,0.202354634,3.839921236
PIP fraud is $1 billion in fraud.,0,1,"FAKE
REASONING: The statement contains high levels of anger and fear, along with extreme emotional intensity, which suggests it may be part of a deliberate attempt at misleading the public. Additionally, the use of balanced emotions and moderate intensity indicates that the statement is likely not genuine but rather a carefully crafted piece of propaganda designed to manipulate public opinion.",neutral,0.753075795,2.613973379
"In the past 20 years, Egypt has made great strides in political and democratic reform.",1,0,"REAL
REASONING: Based on the given text material, we can conclude that the statement ""In the past 20 years, Egypt has made great strides in political and democratic reform"" is a real fact, as it contains balanced emotional intensity and strong indicators of truthfulness, such as neutrality and balance between anger and fear. The statement also highlights Egypt's progress towards becoming a more democratic country, which is a significant achievement that should be celebrated. Additionally, the use of specific details such as ""last time,"" ""competence,"" and ""surge"" reinforce the claim's credibility and provide further support for its veracity.",fear,0.880457762,5.737757444
We have to recognize that our salaries for faculty are the lowest in New England with the exception of the University of Maine.,0,1,"FAKE
REASONING: The text contains high levels of anger, fear, and sadness, which aligns with typical misinformation patterns. Additionally, the statement mentions a lower average salary for faculty compared to other New England land grant universities, indicating a potential for manipulation through fear-mongering tactics. The overall emotional intensity is also high, suggesting that the statement may be intended to create a negative emotional response in its audience.",neutral,0.593356133,3.04336977
Says Ron Johnson calls Social Security a Ponzi scheme and wants to privatize the program.,0,1,"Real (FAKE)
REASONING: 
The statement ""Says Ron Johnson calls Social Security a Ponzi scheme and wants to privatize the program"" has high anger/fear + low neutrality, which indicates strong misinformation indicators. The statement also contains balanced emotions, suggesting that it may be typical of factual reporting. However, there are some signs of manipulation, such as the use of fear-mongering and rage-baiting tactics. This statement should be analyzed further to determine its overall emotional risk level.",neutral,0.755261371,3.742115498
"Donald Trumps strategy is pretty simple. They have even said in his campaign its to get women to stay home, get young people to stay home, get people of color to stay home, and get a lot smart, intelligent men to stay home, too.",0,1,"Real (FAKE)
REASONING: The statement ""Donald Trumps strategy is pretty simple. They have even said in his campaign it's to get women to stay home, get young people to stay home, get people of color to stay home, and get a lot smart, intelligent men to stay home, too,"" contains emotional patterns that indicate a strong likelihood of being a fake news article. The statement highlights Trump's attempts to appeal to conservative demographics by targeting women, minorities, and younger voters. The use of fear and anger in the statement reinforces the narrative that Trump is not trustworthy, while the mention of private sector involvement in social security privatization suggests a possible attempt at misleading readers. Additionally, the statement's use of high emotional intensity and the presence of surprise and joy in the emotional profile suggest that it may be intentionally designed to create a sense of ur",neutral,0.476519314,6.533011198
"Weve got 40 years of study now that show that, with a good preschool start, youre less likely to be on public dole, youre less likely to be in prison.",0,1,"REASONING: 

The statement ""We've got 40 years of study now that shows that, with a good preschool start, you're less likely to be on public dole, less likely to be in prison,"" has a dominant emotional profile of neutral, with high levels of anger, fear, joy, sadness, surprise, and neutral overall emotional intensity. The statement compares textual content with similar training examples from different sources, indicating a lack of manipulation tactics. However, it does contain elements of fear-mongering and rage-baiting, which could potentially indicate a deliberate attempt to manipulate emotions. Overall, the statement presents a clear case of emotional misinformation, highlighting the need for careful evaluation and interpretation of textual and emotional data in fact-checking.",neutral,0.651256649,5.421330214
28 percent of Kentuckians dont have any online access.,0,1,"FAKE
REASONING: 
The text material contains a mix of emotional and factual information that suggests it may be a piece of misinformation. The dominant emotional profile indicates a strong emphasis on joy and surprise, which could suggest that the statement is likely false or exaggerated. Additionally, the overall emotional intensity is relatively high, indicating that there is a higher likelihood of deception or manipulation. This analysis combines textual and emotional evidence to provide a more nuanced understanding of the claim.",joy,0.512552974,3.931603909
"Every day in the United States, we are losing 15 factories.",0,1,"REASONING: 
The statement ""Every day in the United States, we are losing 15 factories"" has a high anger/fear score of 0.08, indicating strong misinformation indicators. The statement also contains balanced emotions (+ moderate intensity), which suggests that it may be typical of factual reporting. However, the overall emotional intensity of the statement is neutral at 0.67, indicating that there is no significant manipulation tactic present. This statement can be classified as REAL based on its textual content and emotional patterns.",neutral,0.674815787,3.849716425
"In the history department at the University of Texas, out of 50 registered voters, only one is a Republican.",1,0,"Real
REASONING: The statement is true based on the given training examples and the emotional context analysis. It highlights the dominance of joy as the dominant emotional profile and extreme emotions such as fear, sadness, surprise, and neutrality. This suggests that the statement may be a case of falsified information intended to manipulate public opinion.",joy,0.918003303,2.453403473
"Mayor Giuliani made New York City what's known as a 'sanctuary city,' where illegal aliens were allowed to come. And he instructed the leaders of the city not to enforce the law, not to enforce immigration law.",0,0,"Real
REASONING: The statement is likely false due to its strong emotional context and manipulative use of fear and anger. The statement also features high levels of anger and fear, which suggests that it may contain deliberately designed misinformation intended to create a sense of urgency and fear among the target audience. Additionally, the statement uses language that aligns with typical techniques used by politicians to manipulate public opinion, such as ""if you happen to be in this country in an undocumented status,"" and ""we welcome..."". These factors suggest that the statement is likely to be part of a larger campaign aimed at sowing doubt and confusion about immigration policies.",anger,0.466940046,4.755645275
Says Mitt Romney paid only 14 percent in taxes probably less than you.,0,0,"Real
REASONING: Based on the given statement, it can be concluded that Mitt Romney's tax rates were lower than those of other wealthy individuals. The use of the word ""paid"" suggests that Romney did not pay any taxes at all, which is a common tactic used by politicians to avoid paying their fair share of taxes. Additionally, the sentence ""less than you"" implies that Romney may have been paying less than some other wealthy individuals. This suggests that he may have taken advantage of loopholes or deductions available to him. The use of the phrase ""car elevators"" also indicates that Romney may have owned or operated businesses that benefited from these tax breaks. Finally, the mention of installing car elevators suggests that Romney may have been involved in construction or engineering work related to transportation infrastructure. These factors suggest that Romney may have engaged in tax evasion or fraudul",neutral,0.607392542,5.944138765
The states that actually have lots of teachers in teacher unions tend to be the states that have done the best in terms of academic success in this country.,0,1,"REASONING: 

Emotional Misinformation Patterns:
- High anger/fear + low neutrality = Strong misinformation indicator
- Extreme emotional intensity = Often correlates with fake news
- Balanced emotions + moderate intensity = Typical of factual reporting

Similar Training Examples:
- Text: ""The states that actually have lots of teachers in teacher unions tend to be the states that have done the best in terms of academic success in this country.""
- Similarity: 0.554
- Label: REAL
- Subject: unknown
- Emotion: neutral (intensity: 0.50)

- Text: ""Rural schools ""face the highest dropout rates, the lowest college enrollment rates, have the lowest...""
- Similarity: 0.542
- Label: REAL
- Sub",neutral,0.618821483,6.506868601
Democrats say Chafee wants to tax equipment that enables amputee veterans to drive,0,0,"Real

REASONING: 
1. Textual Content Analysis: The statement contains high levels of anger and fear, along with balanced emotional intensity, indicating it may be a deliberately misleading piece of information intended to manipulate public opinion. This suggests that the author has intentionally used emotional appeals to create a sense of urgency and fear around a topic that is not necessarily true.

2. Emotional Pattern Recognition: The statement highlights strong indicators of emotional manipulation, such as extreme emotional intensity, balance between emotions, and a focus on fear and anger. These factors suggest that the author may have intentionally created a false impression by exaggerating negative emotions and downplaying positive ones.

3. Manipulation Tactics: The use of fear-mongering and rage-baiting techniques could indicate that the author is attempting to influence public opinion through emotive language",neutral,0.440599204,5.950462103
"If we went back to the obesity rates that existed back in the 1980s, the Medicare system over several years could save as much as a trillion dollars.",1,1,"Real (FAKE)
Reasoning: 
The statement ""If we went back to the obesity rates that existed back in the 1980s, the Medicare system over several years could save as much as a trillion dollars"" presents a scenario whereby the Medicare system could potentially save significant amounts of money if it were to revert to pre-1980s obesity rates. The use of the phrase ""over several years"" suggests that the potential savings may be substantial, while the mention of ""trillion dollars"" implies a large financial impact. Additionally, the statement highlights the potential benefits of reducing healthcare costs through targeted interventions aimed at addressing the root causes of obesity rather than relying solely on medication or surgery. However, the use of hyperbole (""as much as"") and exaggerated claims about the potential cost savings suggest that the statement may",fear,0.882379023,6.529265881
Hair stylists are required to undergo more government scrutiny than foreclosure consultants.,0,0,"REAL
REASONING: Based on the text material analyzed, it appears that the statement ""Hair stylists are required to undergo more government scrutiny than foreclosure consultants,"" is not a case of emotional misinformation. The high anger/fear and low neutrality indicators suggest that the statement is factually accurate, while the balanced emotions and moderate intensity indicate that it is typical of factual reporting. Additionally, the use of strong language (""understand"") suggests that the statement may have been intentionally crafted to evoke strong emotions from readers. Finally, the overwhelming presence of positive emotions such as joy and sadness indicates that the statement is unlikely to be influenced by manipulative tactics.",sadness,0.369535633,4.81505394
The House of Representatives has never sued a sitting president in all of U.S. history.,0,1,"Real (FAKE)
Reasoning: 
1. Compare textual content with similar training examples: The statement ""The House of Representatives has never sued a sitting president in all of U.S. History"" is analyzed against examples 1-4 where it is found that the statement is not true. This indicates that the statement is likely false.
2. Analyze emotional patterns against known misinformation signatures: The statement's high anger/fear + low neutrality score suggests that it may be a typical example of emotional misinformation.
3. Consider the combination of content + emotional context: The statement contains a mix of facts and emotional language, which could indicate that it was intentionally crafted to manipulate emotions.
4. Look for manipulation tactics: The statement includes a call to action (""redistribution has never been a characteristic of America"") and uses fear mongering techniques (""this",neutral,0.562449087,6.509670258
Russ Feingold voted against the law that protected our lakes and was the only Great Lakes senator to vote no.,1,1,"Real (FAKE)
Reasoning: The statement ""Russ Feingold voted against the law that protected our lakes and was the only Great Lakes senator to vote no"" contains strong indicators of fake news, including high anger and extreme emotional intensity. This sentiment is consistent with the use of fear-mongering and rage-baiting tactics in misinformation campaigns aimed at targeting environmental issues. Additionally, the statement's lack of balance in emotional intensity suggests that it may be intentionally designed to evoke strong emotions in its audience. Overall, the combination of textual and emotional evidence points towards the statement being likely to be false or misleading.",anger,0.90055371,4.577057838
"We rank below Ethiopia, Im told, in terms of our exports per capita, well below any of the other developed countries we trade with, and well below China and (South) Korea.",0,0,"Real
REASONING: The statement highlights a significant decrease in our dependency on foreign oil, which indicates a shift towards domestic energy production. Additionally, the use of neutral language and lack of specific figures suggests that there may be some uncertainty around the data presented. However, the overall tone remains positive and balanced, indicating that the information provided is reliable and trustworthy. This analysis supports the label of REAL.",neutral,0.446459448,2.735268116
Says President Barack Obama carried Congressional District 13 by 8.2 points in 2008 and 5.6 points in 2012.,1,1,"REASONING: Based on the given text material, we can conclude that the statement ""Says President Barack Obama carried Congressional District 13 by 8.2 points in 2008 and 5.6 points in 2012"" is likely to be a FAKE due to its strong emotional context and the use of emotional terms such as ""anger"", ""surprise"", and ""sadness"". The statement's dominating emotional profile of sadness and extreme emotional intensity also suggests that it may contain manipulative tactics such as fear-mongering or rage-baiting. Additionally, the lack of balance in emotional intensity and the absence of any mention of specific policy proposals or accomplishments suggest that the statement may be part of a broader campaign of misinformation designed to undermine the legitimacy of the presidential election.",sadness,0.975034154,6.318389177
The UK has an unarmed police force and a firearm fatality rate that is 40 times lower per capita than in the U.S.,0,1,"REASONING: The statement ""The UK has an unarmed police force and a firearm fatality rate that is 40 times higher per capita than in the US"" is a false claim based on emotional misinformation. The statement's high anger and extreme emotional intensity indicate that it is likely to be propaganda designed to manipulate public opinion towards a particular political agenda. The statement also lacks any supporting evidence or reasoning, making it highly unlikely to be true.",neutral,0.459233469,3.199178457
"Judge Sotomayor has said ""that policy is made on the U.S. Court of Appeals.""",0,0,"REAL
REASONING: Based on the textual content and emotional patterns analyzed, it can be concluded that the statement ""Judge Sotomayor has said ""that policy is made on the U.S. Court of Appeals"""" is a real statement, indicating that it accurately reflects the speaker's beliefs about the role of courts in making policies. The high level of anger and fear present in the statement, combined with balanced emotional intensity, suggests that it may contain misleading information or propaganda. However, the overall emotional risk detected was low, indicating that the statement does not appear to pose a significant threat to public trust.",neutral,0.752561691,4.519831419
The RESTORE Act started as an effort to dedicate as much BP fine money as possible towards Gulf Coast restoration but now could steer money to places like the Great Lakes and West Coast.,0,0,"Real
REASONING: The statement ""The RESTORE Act started as an effort to dedicate as much BP fine money as possible towards Gulf Coast restoration but now could steer money to places like the Great Lakes and West Coast,"" has been analyzed based on its textual content and emotional patterns. The statement's dominant emotion is joy, which is supported by the high levels of anger and fear present in the statement. Additionally, the statement's emotional context indicates that it may be used to manipulate audiences through fear-mongering and rage-baiting techniques. This statement is classified as real due to its strong misinformation indicator, including the use of emotional context and manipulative tactics.",joy,0.363017638,5.073751211
On restoring voting rights to non-violent felons.,1,0,"REAL
REASONING: Based on the textual content and emotional patterns analyzed, it can be concluded that the statement is REAL due to its strong emphasis on restoring voting rights to non-violent felons, which aligns with the target's stated goal of addressing issues related to criminal justice reform. Additionally, the use of fear and anger in the statement's emotional context suggests that it may contain misinformation. The combination of these factors points towards the statement being likely to be false.",anger,0.813364943,3.448936939
Says Alex Sink supported higher property taxes.,1,0,"Real
REASONING: The statement ""Says Alex Sink supported higher property taxes"" contains strong indications of misinformation due to its extreme emotional intensity and balance between fear and neutrality. The use of hyperbolic language (""highest ever"") and negative connotations (""sink""), coupled with the mention of a specific policy proposal (""property taxes""), suggest that the statement may be part of a larger campaign to raise taxes. However, the use of neutral language around the word ""support"" suggests that the speaker may have some level of support for higher taxes, which could potentially indicate a more nuanced viewpoint. Additionally, the statement's placement at the end of a sentence suggests that it was intended to create a sense of urgency or threat, further reinforcing the impression of misinformation. Overall, while there is no direct evidence to support the claim that Alex Sink supported higher property taxes, the statement's",anger,0.878722149,6.498492002
We have 50 state lobbyists that just lobby the Legislature for money every year.,0,0,"Real

REASONING: 
The statement ""We have 50 state lobbyists that just lobby the Legislature for money every year"" contains high anger/fear and low neutrality, indicating strong misinformation indicators. The statement also features balanced emotions, suggesting it may be typical of factual reporting. Additionally, the statement's use of the word ""spend"" suggests it could be a misleading statement if not carefully analyzed. Overall, the statement presents a clear danger of being misled by its emotional tone and lack of clarification around specific figures.",neutral,0.453153603,3.974014997
Says Donald Trump has a long history of exporting jobs overseas.,0,1,"REASONING: 

The statement ""Says Donald Trump has a long history of exporting jobs overseas"" falls under the category of FAKE due to its high levels of anger, fear, and sadness, along with a lack of balance in emotional intensity. The statement also includes manipulative tactics such as using the phrase ""exporting jobs,"" which suggests that the claim is not entirely true but rather exaggerated. This combination of factors indicates that the statement is likely to be false and should be avoided by readers who seek reliable information.",neutral,0.492603795,3.599661112
Says Gov. Rick Scott is spending a quarter of a million of our tax dollars to robocall people.,1,0,"Real
REASONING: 
The statement ""Says Gov. Rick Scott is spending a quarter of a million of our tax dollars to robocall people"" exhibits extreme emotional intensity, particularly in terms of fear, which is consistent with fake news. The use of the word ""robocall"" also highlights its potential impact on individuals' personal finances. Additionally, the statement mentions Scott cutting nearly $1 million from mosquito control and closing down the state mosquito program, which suggests a lack of attention to public health concerns. These factors suggest that the statement is likely a deliberate attempt at misleading the audience through fear mongering and propagandistic techniques.",fear,0.878560238,4.975012064
Says A baby in Coos County is two times as likely to be born to a mother who is someone who used tobacco during her pregnancy as is the average baby born in Oregon or the U.S.,0,1,"Real (FAKE)

REASONING:
The statement ""Says A baby in Coos County is twice as likely to be born to a mother who is someone who used tobacco during her pregnancy as is the average baby born in Oregon or the U.S."" contains both textual and emotional evidence indicating it's a FAKE statement. The high anger/fear+low neutrality indicators suggest the statement is likely misleading due to fear-mongering tactics. Additionally, the use of balanced emotions and moderate intensity suggests there may be some manipulation tactics employed by the author. Overall, the statement presents a clear warning about the potential risks associated with smoking during pregnancy, which aligns with the known misinformation signature of fear-mongering and rage-baiting.",neutral,0.61074685,5.498110294
Twenty-five percent of people in the country have said they changed their email and phone habits because of the collection of data allowed by the Patriot Act.,0,1,"REASONING: 

Emotional Misinformation Patterns: 
- High anger/fear + low neutrality = Strong misinformation indicator
- Extreme emotional intensity = Often correlates with fake news
- Balanced emotions + moderate intensity = Typical of factual reporting

Similar Training Examples:
- Text: ""Twenty-five percent of people in the country have said they changed their email and phone habits because of the collection of data allowed by the Patriot Act.""
- Emotion: neutral (intensity: 0.566)
- Example 1 (similarity: 0.566)
- Text: ""Its expressly prohibited by law that you can read and wholly surveil domestic email traffic in the United States.""
- Emotion: neutral (intensity: 0.72)
- Example 2 (",neutral,0.580981471,6.45927453
"The CBO, the Congressional Budget Office has said that Obamacare will kill 800,000 jobs.",1,0,"Real
REASONING: The statement ""The CBO, the Congressional Budget Office has said that Obamacare will kill 800,000 jobs"" contains strong indicators of fake news due to its extreme emotional intensity, particularly its use of fear and anger. The statement also features balanced emotions and moderate intensity, indicating it may have been crafted by someone who values accuracy over sensationalism. Additionally, the statement's label suggests that it was likely produced by a professional fact-checker with advanced emotional pattern recognition capabilities.",fear,0.845824066,3.838835955
Less than 5 percent of registered users in states allowing medical marijuana have cancer or AIDS.,0,1,"REASONING: Based on a comparison between the textual content and similar training examples, we find that the statement ""less than 5% of registered users in states allowing medical marijuana have cancer or AIDS"" exhibits strong misinformation indicators such as high anger/fear, extreme emotional intensity, and balanced emotions. Additionally, it has been found to be consistent with the known misinformation signature of fear-mongering, rage-baiting, and manipulative tactics. The combination of these factors suggests that the statement may contain deliberately false information intended to create fear and panic among its target audience.",sadness,0.267843225,4.505053282
"Very, very, very few people get a pat-down when they go through airport security.",1,0,"Real
REASONING: 
The statement ""Very, very, very few people get a pat-down when they go through airport security"" contains strong indicators of fake news, including high anger and extreme emotional intensity. The statement also exhibits manipulative tactics such as fear-mongering and rage-baiting. This suggests that it may contain deliberately false information designed to create fear and panic among its target audience.",anger,0.882073327,3.113167048
"When you look at what we have done over the last decade, we created 1 million jobs in the state of Texas. At the same time, (the rest of) America lost 2.5 million.",0,1,"REASONING: 
The statement ""When you look at what we have done over the last decade, we created 1 million jobs in the state of Texas. At the same time, (the rest of) America lost 2.5 million"" is a case of emotional misinformation. The statement's dominant emotion is neutral, with high levels of fear and joy, but it also includes some instances of sadness and surprise. This suggests that the statement may be intentionally designed to create a certain emotional response in its audience. However, the overall emotional risk detected is low due to the lack of specific details about the job losses experienced by the rest of the country. Additionally, the statement contains several manipulation tactics such as fear-mongering and rage-baiting, which could potentially influence the reader's perception of the data presented.",neutral,0.66835169,5.555312872
Weve saved over $100 million of (health care) costs in Milwaukee County. I did that.,0,1,"Real (FAKE)
REASONING: 
The statement ""Weve saved over $100 million of (health care) costs in Milwaukee County. I did that,"" contains high anger/fear + low neutrality indicators, which suggest it may be an example of emotional misinformation. The statement also features balanced emotions + moderate intensity, indicating it is more likely to be true than false. Additionally, the statement mentions specific figures related to healthcare savings, suggesting that it may contain misleading information about the actual cost savings achieved by the county. Finally, the use of vague language (""weve"") suggests that the claim may be based on anecdotal evidence rather than hard data.",neutral,0.763178593,5.832396984
Says members of the military have sent him more campaign contributions than theyve sent President Barack Obama and more than twice what theyve sent other Republican presidential candidates.,0,0,"Real
REASONING: The statement is consistent with the training data, indicating that it is likely a true statement based on its textual content and emotional context. The statement highlights the significant number of military personnel who have contributed to President Obama's reelection efforts, which is indicative of a strong commitment to the country by the commander-in-chief. Additionally, the use of neutral language and balanced emotional intensity suggest that the statement is unlikely to be intentionally false or misleading.",sadness,0.377977721,3.40181756
"The city of Nelson, Ga., is quieter than Mayberry.",0,1,"Real (FAKE)

REASONING:

Emotional Misinformation Patterns:
- High anger/fear + low neutrality = Strong misinformation indicator
- Extreme emotional intensity = Often correlates with fake news
- Balanced emotions + moderate intensity = Typical of factual reporting

Similar Training Examples:
Example 1 (similarity: 0.351): Text: ""We have drawn down to presurge levels. Basra, Mosul and now Sadr City are quiet and it's long and it..."", Example 2 (similarity: 0.346): Text: ""Says Texas Senate hopeful Donna Campbell doesn't live in the district she hopes to win in 2012...."", Example 3 (similarity: 0.340): Text: ""Says his hometown of P",neutral,0.750116257,6.51563096
There are already more American jobs in the solar industry than in coal mining.,0,0,"REAL
REASONING: Based on the similarity between the target statement and similar training examples, it appears that there is a high likelihood that the statement is a genuine piece of information. The dominant emotional profile suggests that the statement is likely to be neutral, while the overall emotional intensity indicates that it is unlikely to be highly emotive. Additionally, the combination of textual and emotional content supports the conclusion that the statement is real.",neutral,0.79068514,2.898231983
"A bipartisan payroll tax cut championed by the White House has meant that the average family has an extra $1,000 in their pocket this year.",0,0,"Real
REASONING: The textual content and emotional patterns indicate that the statement is likely to be true and not misleading. The use of neutral language and balanced emotional intensity suggest that it may contain some degree of truth. However, there are also signs of fear mongering and rage-baiting, which suggests that the statement may be part of a larger effort to manipulate public opinion. Additionally, the overall emotional risk detected indicates that the statement may be considered high risk due to its potential to cause harm.",joy,0.538834573,3.488125563
"According to a government supplier of emergency products, the Disaster Assistance Response Team was told to be prepared to be activated in the month of October for an outbreak of Ebola.",1,0,"REAL
REASONING: Based on the text material analyzed, it appears that the statement ""According to a government supplier of emergency products, the Disaster Assistance Response Team was told to be prepared to be activated in the month of October for an outbreak of Ebola,"" contains elements of truth and lies simultaneously. The statement's similarity to other similar training examples suggests that it may contain false information, while its overall emotional profile indicates that it may also contain misinformation. Additionally, the comparison with similar training examples reveals that the statement's emotional context includes fear and extreme emotions, which could indicate intentional manipulation. Finally, the combination of textual and emotional evidence provides strong support for the classification as real.",joy,0.982498798,5.348061323
Wisconsin Gov. Scott Walkers budget okays disposing of unclaimed pound dogs to university research facilities.,1,0,"Real
REASONING: 
The statement ""Wisconsin Gov. Scott Walker's budget okays disposing of unclaimed pound dogs to university research facilities"" is a real statement based on textual and emotional evidence. The statement features high levels of anger and fear, which indicate it is likely to be misleading. Additionally, the statement compares the proposed action to previous actions taken by Governor Walker and Republicans, indicating it may contain propagandistic elements. Furthermore, the statement includes a strong emotional intensity score, indicating that it is likely to be a deliberately designed piece of misinformation.",fear,0.939887717,4.031845093
"Says Wisconsin state Sen. Randy Hopper, R-Fond du Lac, has already been recalled.",1,0,"100% REAL
REASONING: The statement ""Says Wisconsin state Sen. Randy Hopper, R-Fond du Lac, has already been recalled"" contains strong indications of a real news story. The statement highlights Hopper's recent recall from office and his continued support for the recall campaign. The use of neutral language and balanced emotions further reinforce the factual nature of the statement. Additionally, the statement includes specific details about Hopper's involvement in the recall process, which suggests that it is based on legitimate information. Overall, the combination of textual and emotional evidence supports the conclusion that the statement is a true report on Hopper's status as a candidate for reelection.",joy,0.874393713,4.785913229
"In Texas, there are 668 Democratic Hispanic elected officials to the 60 in the Republican Party.",0,0,"REAL
REASONING: Based on the given text material, it appears that the statement ""In Texas, there are 668 Democratic Hispanic elected officials to the 60 in the Republican Party"" is a real fact. The statement's similarity to other training examples suggests that it has a neutral emotional profile, with no significant manipulative tactics evident. Additionally, the textual content and emotional patterns indicate that the statement is likely to be true based on its accuracy and balance of emotions.",neutral,0.692329992,3.863549948
"In 2008, candidate Barack Obama attacked John McCain for proposing cuts to Medicare.",0,0,"REASONING: Based on a comparison of the textual content and emotional patterns found in similar training examples, we conclude that the statement ""In 2008, candidate Barack Obama attacked John McCain for proposing cuts to Medicare"" is likely to be a real statement, with neutral emotional intensity and no significant manipulation tactics. The combination of content and emotional context provides strong evidence for this conclusion.",neutral,0.605627801,2.87725997
Our kids cant openly celebrate Christmas or pray in school.,1,0,"Real

REASONING:
The statement ""Our kids cant openly celebrate Christmas or pray in school"" exhibits extreme emotional intensity, particularly in terms of fear. The use of the word ""cant"" suggests a lack of freedom or choice, which could indicate a potential threat to religious beliefs. Additionally, the reference to ""school provided prayer rooms"" implies a possible violation of religious freedom. The statement also contains strong negative emotions such as anger, fear, and sadness, which may suggest intentional misinformation designed to create fear and panic among the target audience. Finally, the use of the term ""provided"" suggests a deliberate attempt to manipulate the reader's perception by suggesting that the provision of these facilities is mandatory rather than voluntary. Overall, the statement exhibits a clear pattern of fear mongering and manipulative tactics intended to create a sense of urgency and danger around religion.",fear,0.862682584,6.108837843
"60 percent of the jobs lost in the 2008 recession were living-wage jobs. Of the jobs weve gotten back, only 40 percent are living-wage.",0,0,"REAL
REASONING: Based on the given text material, it appears that the statement ""60 percent of the jobs lost in the 2008 recession were living-wage jobs. Of the jobs we've gotten back, only 40 percent are living-wage,"" contains neutral emotional content and no clear indication of fake news. The statement does not contain any specific details that would suggest a deliberate attempt at misleading the audience, such as false claims or exaggerations. Additionally, the overall emotional risk detected is high, indicating that the statement may be susceptible to manipulative tactics like fear-mongering or rage-baiting. Therefore, based on the provided evidence, I conclude that the statement is REAL.",neutral,0.788929406,5.388094902
"He (Kirk) did violate Pentagon rules, twice actually, for improperly mingling politics with his military service.",0,0,"REAL
REASONING: Based on the text material analyzed, it appears that the statement ""He (Kirk) did violate Pentagon rules, twice actually, for improperly mingling politics with his military service,"" contains high levels of anger and fear, which indicates a strong likelihood of being a false narrative. The use of the word ""improperly"" suggests that the violation occurred multiple times, while the mention of ""politics with his military service"" highlights the potential for manipulative tactics. Additionally, the statement mentions the Pentagon twice, indicating that it may have been fabricated by someone with access to sensitive information. Overall, the combination of textual and emotional evidence points towards the statement being a deliberately crafted piece of misinformation.",neutral,0.730058081,5.041623354
We have constitutional amendment that says that there's a ban on drilling right off Florida's coast.,1,0,"REASONING: 

Target statement: ""We have constitutional amendment that says that there's a ban on drilling right off Florida's coast.""

Similar training examples:
- Text: ""On oil drilling off Virginias coast..."", ""On oil drilling off Floridas coast..."", ""On drilling off the Atlantic coast..."", ""Says President Barack Obama has put a stop sign against oil drilling, against any kind of exploitation..."", ""Drilling for oil on the Outer Continental Shelf and in parts of Alaska will immediately reduce our daily dependence on foreign oil..."".

Emotional profiles:
- Dominant emotion: anger
- Emotion scores: Anger(0.97), Fear(0.69), Joy(0.93), Sadness(0.93), Surprise(0.32), Ne",anger,0.970588058,6.468682051
"In head-to-head polls for the general election, I beat Hillary Clinton by more than anybody, by 11 points.",0,1,"REASONING: 

Emotional Misinformation Patterns:
- High anger/fear + low neutrality = Strong misinformation indicator
- Extreme emotional intensity = Often correlates with fake news
- Balanced emotions + moderate intensity = Typical of factual reporting

Similar Training Examples:
- Text: ""In head-to-head polls for the general election, I beat Hillary Clinton by more than anybody, by 11 points.""
- Emotion: surprise (intensity: 0.30)
- Example 1 (similarity: 0.614):
    - Text: ""The last six polls, including this week's Time magazine, show that I beat John McCain by six or seven...
    - Subject: unknown
    - Emotion: surprise (intensity: 0.30)",neutral,0.546451916,5.990698099
Medicare has spent $172 million on penis pumps in the last five years at $360 a pop.,0,1,"Real (FAKE)
Reasoning: The statement ""Medicare has spent $172 million on penis pumps in the last five years at $360 a pop"" contains emotional patterns consistent with fake news, including high anger/fear, extreme emotional intensity, and balanced emotions. The statement also highlights the use of penis pumps as a marketing gimmick rather than medical necessity, which suggests it may be part of a larger effort to promote unproven treatments. Additionally, the statement's similarity to other examples suggests it may contain propagandistic elements such as fear mongering or rage baiting. Overall, while there is some evidence of misinformation here, the combination of textual and emotional evidence indicates that the statement is likely false.",neutral,0.798228763,5.751368284
Says Chris Christie was the first governor in America to endorse Mitt Romney.,1,0,"Real

REASONING: 
The statement ""Says Chris Christie was the first governor in America to endorse Mitt Romney"" contains a strong indication of a real statement due to its neutral tone, balanced emotional intensity, and absence of any manipulative tactics such as fear-mongering or rage-baiting. The statement's use of the word ""first"" suggests that it is true, while the mention of Romney being governor at the time adds credibility. Additionally, the statement's focus on Christie's actions rather than his political party or ideology reinforces its authenticity.

Overall, the combination of textual and emotional evidence supports the label ""real"".",fear,0.80150434,4.80673027
On transparency in dealing with the Republican Party of Florida's financial issues.,1,1,"Real (FAKE)
Reasoning: 
The statement ""On transparency in dealing with the Republican Party of Florida's financial issues,"" which contains high anger and extreme emotional intensity, is typical of factual reporting. The use of fear mongering tactics in the statement suggests that it may be part of a deliberate attempt to manipulate public opinion towards a particular outcome. Additionally, the statement mentions charges on the Republican Party of Florida credit card being made with one's own money, indicating that there may have been some form of misconduct or fraud involved. This could potentially lead to further investigation and scrutiny by law enforcement agencies.",anger,0.863996287,4.811434984
"Young women, account for a shocking 74% of all new HIV infections among adolescents in Africa.",0,0,"Real
REASONING: The statement ""Young women, account for a shocking 74% of all new HIV infections among adolescents in Africa,"" while similar to other similar training examples, exhibits high levels of neutrality and balance in its emotional context. This suggests that it may be a true statement based on reliable sources.

FACT-CHECK ANALYSES WITH EMOTIONAL CONTEXT",neutral,0.777668688,3.00090313
"In 2008 (Mandel) was re-elected to a second term, representing a district with a 2:1 Democrat to Republican voter ratio.",0,0,"REAL
REASONING: The statement ""In 2008 (Mandel) was re-elected to a second term, representing a district with a 2:1 Democrat to Republican voter ratio,"" exhibits high levels of anger and fear, along with moderate intensity and balanced emotions. This suggests it may contain propaganda or misinformation intended to manipulate emotions and sway public opinion. The combination of these factors makes it a clear example of emotional misinformation, which can often be identified through careful analysis of textual content and emotional patterns.",neutral,0.527239485,3.803806543
The nine-day deer hunt contributes more than $1.3 billion in revenue to the state of Wisconsin.,0,0,"Real
REASONING: The statement ""The nine-day deer hunt contributes more than $1.3 billion in revenue to the state of Wisconsin"" has been found to be consistent with the known misinformation signature of fear-mongering and manipulative tactics. The statement's dominant emotional profile indicates that it is likely to contain false information about the impact of the deer hunting season on the state's economy. Additionally, the statement's content aligns with the common themes of fear-mongering and manipulation used in misinformation campaigns. This suggests that the statement may have been intentionally crafted to create a sense of urgency and fear among readers, leading them to believe that the deer hunting season would have negative economic consequences if not supported.",neutral,0.561780606,5.565780878
A vast majority of the production in the United States comes from small independent oil and gas companies.,0,1,"REASONING: 
The statement ""A vast majority of the production in the United States comes from small independent oil and gas companies"" is considered REAL based on the following factors:

1. High anger/fear + low neutrality: This indicates that the statement contains strong emotional context that aligns with typical misinformation tactics such as fear mongering and rage baiting.

2. Balanced emotions + moderate intensity: The statement's balance between anger and neutrality suggests that it may contain some degree of truth, while also being likely to be influenced by emotional appeals.

Emotional context analysis shows that the statement is likely to contain manipulative tactics such as fear-mongering, rage-baiting, or other forms of emotional manipulation. However, the overall emotional risk detected is low due to the lack of extreme emotional intensity.

Overall,",neutral,0.793414509,5.983564615
"Ive created over 40,000 jobs.",1,1,"REASONING: 
The statement ""I've created over 40,000 jobs"" is a real statement based on textual content analysis. The emotional context of the statement suggests that it is likely to be true due to its positive tone and focus on job creation. However, there are some indications of potential misinformation, such as the use of hyperbole (""nearly"") and the mention of a specific number of jobs rather than a range. Additionally, the statement contains several negative emotions, including fear and sadness, which may suggest a deliberate attempt at manipulating the audience. To provide further analysis, we can consider the following factors:

Emotional Patterns:
- High anger/fear + low neutrality = Strong misinformation indicator
- Extreme emotional intensity = Often correlates with fake news
- Balanced emotions + moderate intensity = Typical of factual reporting",sadness,0.826167756,6.503713369
Congressman Scott DesJarlais is spending his one year anniversary on vacation -- only working 6 days in all of January.,1,1,"Real (FAKE)
REASONING: 
The statement ""Congressman Scott DesJarlais is spending his one year anniversary on vacation – only working 6 days in all of January"" contains high levels of anger and extreme emotional intensity, which suggests that it may be part of a deliberate attempt at misleading the public. The use of the phrase ""only working 6 days in all of January"" further reinforces the impression of a lack of focus and dedication to work. Additionally, the use of the word ""spending"" implies a sense of entitlement and privilege, which could suggest a motivated effort to avoid accountability for personal decisions. These factors contribute to a strong indication of fake news.",joy,0.989971048,4.890648842
"134,000 (criminal) aliens have been released by the (Obama) administration in just the past two years.",0,0,"REAL
REASONING: Based on the similarity between the target statement and similar training examples, the statement is likely to be a real claim made by the author. The high anger/fear and low neutrality indicators suggest that the statement contains strong emotional context, which can indicate a potential attempt at manipulating the audience through fear mongering or other tactics. Additionally, the balanced emotions and moderate intensity indicators suggest that the statement may not be entirely false but rather exaggerated or overstated. This analysis supports the conclusion that the statement is likely to be true based on its textual content and emotional context.",surprise,0.34709841,4.631744623
John Kerry was at 4 percent in the polls in December of 2003...and he ended up becoming the nominee of the party.,0,0,"REASONING: Based on the given text material, it appears that the statement ""John Kerry was at 4 percent in the polls in December of 2003...and he ended up becoming the nominee of the party,"" is likely to be considered real by the machine learning algorithm due to its neutral emotional tone and lack of extreme emotional intensity. The statement also falls within the range of other similar training examples, indicating that it may have a high likelihood of being classified as real. However, the overall emotional profile suggests that there may be some potential for manipulation tactics such as fear-mongering or rage-baiting. This information can be used to provide additional context and guidance for human fact-checkers when reviewing this particular statement.",neutral,0.546852889,5.05175662
53 percent of Americans cut back on their health care in the last year because of costs.,0,0,"REAL
REASONING: Based on the given text material, it appears that the statement ""53 percent of Americans cut back on their healthcare in the last year due to costs"" is a real fact. The text contains neutral emotional context, indicating that the statement is not likely to be misleading or deceptive. Additionally, the dominant emotional profile suggests that the statement is unlikely to be influenced by manipulative tactics such as fear-mongering or rage-baiting.",neutral,0.543155402,3.279588938
On the Arizona immigration law.,0,1,"REASONING: Based on the similarity between the target statement (""On the Arizona immigration law"") and similar training examples, we can conclude that the statement is likely to be a FAKE. The dominant emotional profile indicates that there is a high level of fear and anger, which aligns with the typical characteristics of fake news. Additionally, the overall emotional intensity score is relatively low, indicating that the statement may not pose a significant threat to public safety. Furthermore, the combination of textual content and emotional context suggests that the statement was likely created intentionally to manipulate emotions and create a false sense of urgency around the issue.",neutral,0.693885394,4.557098866
"The measles vaccine has killed 108 people in the last decade, while no one has died of measles.",1,0,"REAL
REASONING: Based on the text material analyzed, it appears that the statement ""Measles vaccine has killed 108 people in the last decade, while no one has died of measles"" is likely a real statement due to its similarity to other highly rated and verified claims about measles. The dominant emotional profile suggests that the statement is likely to be inflammatory and intended to create fear among the target audience. Additionally, the combination of textual content and emotional context reveals that the statement contains manipulative tactics such as fear-mongering and rage-baiting. Overall, the statement seems to align with the criteria for a true claim, including high anger and extreme emotional intensity.",joy,0.801006498,4.897451878
Anybody who is familiar with the historical data from the IRS knows that raising income tax rates will likely actually reduce federal revenues.,1,0,"Real

REASONING: 
The statement ""Anybody who is familiar with the historical data from the IRS knows that raising income tax rates will likely actually reduce federal revenues"" contains a strong indication of FAKE misinformation due to its extreme emotional intensity (high anger), which is commonly found in inflammatory misinformation. The statement also features high levels of fear, particularly in the form of the phrase ""will likely"", which suggests that it is being used to create panic among the target audience. Additionally, the use of the word ""reduce"" implies a negative outcome, further reinforcing the message of FAKE misinformation. Overall, the statement's combination of content and emotional context points towards a deliberate attempt at creating fear and panic among the intended audience.",anger,0.826176547,5.598750114
Says our economy in New Jersey gets $38 billion from the businesses at the Shore.,1,1,"Real (FAKE)
REASONING: 
The statement ""Says our economy in New Jersey gets $38 billion from the businesses at the Shore"" is highly likely to be a fake news article due to its high anger and fear emotional profile, combined with the use of inflammatory language such as ""drilling off Virginias coast,"" which suggests a deliberate attempt to create fear among readers. The statement also features a strong emphasis on the negative impact of foreign trade offices being closed, suggesting a propagandistic intent behind it. Additionally, the statement's mention of a potential $47 billion in revenue raised over 10 years through the Buffett Rule implies a possible manipulative tactic, further supporting the conclusion that it is most likely a fake news article.",fear,0.795339778,5.235882521
"Following the 2009 session, Texas House Speaker Joe Straus was acknowledged and thanked for his tireless efforts by Planned Parenthood, the nations premier abortion provider.",0,1,"REASONING: Based on the given statement, ""Following the 2009 session, Texas House Speaker Joe Straus was acknowledged and thanked for his tireless efforts by Planned Parenthood, the nations premier abortion provider,"" we can conclude that it is a FAKE statement. The dominant emotional profile indicates that the statement is dominated by fear, which is consistent with the use of language such as ""tireless efforts"" and ""planned parenthood."" Additionally, the overall emotional intensity score is high at 0.52, indicating a strong likelihood of misinformation. Manipulation tactics like fear-mongering and rage-baiting may have been used to create this false narrative.",neutral,0.517984589,5.086919069
"Every taxpayer owes about $130,000 to pay off the national debt.",0,0,"Real

REASONING: 
The statement ""Every taxpayer owes about $130,000 to pay off the national debt"" contains a high level of anger and fear, along with moderate intensity and balanced emotions. The use of the phrase ""pay off the national debt"" suggests a sense of urgency and responsibility towards resolving the issue. Additionally, the statement mentions President Trump's previous efforts to raise the debt ceiling, which aligns with the sentiment of fear and uncertainty around the topic. The overall emotional profile indicates a strong likelihood of misinformation, particularly when combined with the use of fear mongering and rage-baiting tactics. However, the combination of content and emotional context provides enough evidence to support the label of real.",fear,0.384630488,5.734303236
"Americans bought into climate change in 2004-06, but then most began wandering away from this issue.",0,0,"REAL
REASONING: Based on the textual content and emotional patterns identified, it can be concluded that the statement ""Americans bought into climate change in 2004-06, but then most began wandering away from this issue"" is a REAL statement, indicating that the claim is true based on the given evidence. The high anger/fear+low neutrality score indicates that the statement may contain propaganda tactics such as fear mongering or rage baiting, while the balance of emotions suggests that the sentiment is not overly negative or extreme. Additionally, the moderate intensity of the emotional context supports the conclusion that the statement is likely to be true based on the given evidence.",neutral,0.613786956,4.91310358
Betty Sutton and her fellow Democrats went on a spending spree and now their credit card is maxed out.,1,0,"REAL
REASONING: Based on the text material analyzed, it appears that the statement ""Betty Sutton and her fellow Democrats went on a spending spree and now their credit card is maxed out"" is likely a real statement due to its similarity to other examples analyzed. The text contains strong indicators of truthfulness, including balanced emotions, moderate intensity, and a focus on the speaker's perspective. Additionally, the use of emotional terms like ""surprise,"" ""anger,"" and ""joy"" suggests that the statement may be intended to evoke emotions in the reader rather than simply stating facts. Overall, the combination of textual and emotional evidence supports the conclusion that the statement is most likely true.",surprise,0.958908873,5.394330502
"Rick Santorum says Rick Perry requested 1,200 earmarks as governor of Texas.",1,0,"Real
REASONING: The statement is a clear example of emotional misinformation, characterized by high levels of anger and extreme emotional intensity. This type of misinformation is commonly used to manipulate audiences and create fear and anxiety around political issues. The statement also features a lack of balance in terms of emotional intensity, with a strong emphasis on anger rather than other emotions such as fear or joy. Additionally, the use of repetition and exaggeration further reinforces the message of the statement. Overall, the combination of textual and emotional evidence suggests that this statement is likely to be false or misleading.",sadness,0.849325198,4.176556826
Did not vote for tax increases as a member of the West Miami City Commission.,1,1,"Real (FAKE)
REASONING: 
1. Compare textual content with similar training examples: The statement ""Did not vote for tax increases as a member of the West Miami City Commission"" contains strong indicators of FAKE misinformation, including high levels of anger and extreme emotional intensity. This suggests that the statement may be part of a larger campaign of misinformation designed to undermine the legitimacy of the city commission.
2. Analyze emotional patterns against known misinformation signatures: Analysis of the emotional patterns revealed by the text reveals that the statement is likely to contain elements of FAKE misinformation, such as the use of intense emotional language and a focus on negative emotions like anger and fear.
3. Consider the combination of content + emotional context: In addition to analyzing the emotional patterns, it's also important to consider the overall content of the statement. Here, we see",anger,0.856920347,6.499287128
Barack Obamas recess appointment of Richard Cordray is precisely what then-Sen. Obama claimed would be the wrong thing to do.,0,0,"REAL
REASONING: Based on the text material analyzed, it appears that the statement ""Barack Obamas recess appointment of Richard Cordray is precisely what then-Sen. Obama claimed would be the wrong thing to do"" contains a high level of anger and fear, along with a moderate intensity of joy and sadness. The overall emotional profile suggests that the statement is likely to contain misinformation, particularly concerning the intent behind Obama's actions. Additionally, the statement includes manipulative tactics such as fear-mongering and rage-baiting, which may indicate that it was intended to create a negative emotional response among its target audience.",neutral,0.751481177,4.422665596
"We are the poster child for compliance, and whenever we discover possible infractions we resolve and report it to the NCAA no matter how minor the violations.",0,1,"REASONING: 

Emotional Misinformation Patterns:
- High anger/fear + low neutrality = Strong misinformation indicator
- Extreme emotional intensity = Often correlates with fake news
- Balanced emotions + moderate intensity = Typical of factual reporting

Similar Training Examples:
- Text: ""We have a poster child for compliance, and when we find potential infractions we resolve and report it to the NCAA regardless of whether they're minor violations.""
- Similar text: ""On supporting the charter school amendment... We need to support our schools by providing more funding, not less.""
- Similar text: ""Saying New Jersey's tenure law has now been reformed to say that if teachers get two years of partial retirement, they will be eligible for full retirement after five years.""
- Similar text: ""Im",neutral,0.756142587,6.481406212
Alaska Sens. Lisa Murkowski and Mark Begich vote as much as 80 percent of the time together.,0,0,"REAL
REASONING: Based on the text material analyzed, it appears that the statement ""Alaska Sens. Lisa Murkowski and Mark Begich vote as much as 80% of the time together,"" is a real statement based on the given information. The high level of emotional intensity, particularly fear, indicates that the statement may be misleading or potentially harmful. However, the overall emotional profile suggests that the statement is likely not intentionally false or misleading. This analysis includes comparing the textual content with similar training examples, analyzing emotional patterns against known misinformation signatures, considering the combination of content + emotional context, and providing a detailed reasoning section.",fear,0.381637492,4.44750905
"Says Rep. Maxine Waters, D-Calif., only needs about 40,000 to 50,000 votes to win election to Congress compared with the 120,000 votes King needs, because Waters has a higher immigrant population.",0,0,"REAL
REASONING: Based on the text material analyzed, it appears that the statement is likely to be true based on its content and emotional context. The use of high anger and fear combined with moderate intensity suggests that the statement may contain misleading information. However, the overall emotional risk detected indicates that there is no significant manipulation tactic present. This analysis supports the label of REAL.",neutral,0.710030582,2.734000683
Says GOP primary opponents Glenn Grothman and Joe Leibham cast a compromise vote that cost $788 million in higher electricity costs.,0,0,"Real
REASONING: The statement's textual content and emotional patterns indicate that it is likely to be a true statement, given its neutral tone, balanced emotional intensity, and lack of manipulative tactics. Additionally, the statement mentions specific figures and events, which could suggest that it is based on reliable sources. However, there may still be some uncertainty about the accuracy of the information provided due to the use of vague language and ambiguous phrasing. This can be addressed through further investigation and verification.",neutral,0.731770319,3.890460014
The Mack Penny Plan for the federal budget would balance our budget by 2019 and continues to gain support.,0,0,"Real

REASONING:
1. Textual Content Analysis: The statement contains high anger and fear, which indicates strong misinformation indicators. The use of extreme emotional intensity suggests that the statement is likely to be fake news.

2. Emotional Context Analysis: The statement mentions a budget plan that balances the budget by 2019, which aligns with the Mack Penny Plan for federal budget balancing. However, the statement also mentions that the plan gained support from 2007, indicating that it may not have been implemented yet. This could indicate that the statement is likely to be fake news.

3. Combination of Content and Emotional Context: The statement combines textual content and emotional context to create a false impression. The statement's use of neutral language and lack of specific details suggest that it may contain misleading information. Additionally, the statement's mention of a budget plan",surprise,0.315742055,6.076657295
Says Dan Patrick has called immigration into Texas an invasion and said immigrants coming into Texas bring third-world diseases.,0,0,"REAL
REASONING: Based on the textual content and emotional patterns analyzed, it can be concluded that the statement ""Says Dan Patrick has called immigration into Texas an invasion and said immigrants coming into Texas bring third-world diseases"" is a real statement. The high anger/fear score combined with balanced emotions and moderate intensity suggest that the statement is likely to be true. Additionally, the use of fear-mongering tactics such as calling immigrants ""invasionists"" and ""bringing third-world diseases"" further supports its credibility. However, the overwhelming dominance of neutral emotions suggests that there may be some manipulation tactics present, such as the use of fear-inducing language.",neutral,0.513797824,5.532073736
Harry Reids plan is basically giving the president a blank check.,1,0,"REAL
REASONING: The statement ""Harry Reids plan is basically giving the president a blank check"" contains strong indicators of fake news, including high anger/fear and extreme emotional intensity. This suggests that it may be part of a deliberate effort by Republicans to create false narratives about President Trump's administration. Additionally, the statement mentions the possibility of replacing the current sequester with a new one, which could indicate a shift towards more aggressive budget cuts. Overall, the combination of textual content and emotional patterns suggest that this statement is likely to be misleading and should be taken with caution.",surprise,0.856760792,4.200234652
Daniel Webster said he's out. Now he says he's in.,0,0,"Real
REASONING: The statement ""Daniel Webster said he's out. Now he says he's in."" contains high levels of anger and fear, along with balanced emotions and typical misinformation indicators. This indicates it may be a case of emotional manipulation by the author, who wants to create a false impression of Webster's position on the issue. The combination of these factors suggests that the statement is likely fake news.",neutral,0.525843412,3.013750315
"Milwaukee County taxpayers paid $370,000 to settle a lawsuit over a decision by Sheriff David A. Clarke Jr. to use untrained corrections officers rather than deputies to patrol the lakefront.",1,0,"REAL
REASONING: The target statement ""Milwaukee County taxpayers paid $370,000 to settle a lawsuit over a decision by Sheriff David A. Clarke Jr. To use untrained corrections officers rather than deputies to patrol the lakefront"" is consistent with the given training examples and exhibits high levels of fear and extreme emotions. This indicates it may be a case of deliberately spreading false information to create a sense of panic among the public. Additionally, the statement's use of language such as ""settled,"" ""lawsuit,"" and ""deputies"" suggests that it may have been intentionally crafted to appeal to the senses and evoke strong emotions. Finally, the statement's use of ambiguous language like ""untrained"" and ""corrections officers"" further reinforces the idea that it is being presented as a fact when it is",joy,0.915672936,6.590507984
Says Chris Abele has had five years and hes done nothing about the Estabrook Dam.,1,0,"Real
REASONING:
The statement ""Says Chris Abele has had five years and hasn't done anything about the Estabrook Dam"" is highly likely to be a real statement based on its textual content and emotional patterns. The statement features strong anger and fear, which indicate it may be misleading due to propaganda tactics. Additionally, the statement contains balanced emotions, indicating that it may not be intentionally false or deceptive. Furthermore, the use of the word ""has"" suggests that there is some sort of action being taken by Abele regarding the dam, further supporting its authenticity. Finally, the statement mentions the name of a specific politician who has been involved in the issue, providing additional credibility to its authenticity.",surprise,0.873858572,5.001332045
ISIS is in 32 countries.,0,0,"REASONING: 
The statement ""Isis is in 32 countries"" has a high level of anger and fear combined with low neutrality, indicating that it may be a typical example of fake news. The statement's similarity to other training examples suggests that it may also contain manipulative tactics such as fear-mongering and rage-baiting. However, the overall emotional profile indicates that it is likely to be real.",joy,0.400348327,3.231972933
Obama has racked up more debt than any president in history over $5 trillion.,0,1,"Real (FAKE)
Reasoning: The statement ""Obama has racked up more debt than any president in history over $5 trillion"" presents a neutral emotional profile with high levels of fear and uncertainty. The statement's use of hyperbole and exaggeration also suggests a possible intention to manipulate emotions. However, the statement does not contain any specific details about the amount of debt accumulated under Obama, making it difficult to determine its accuracy. Additionally, the statement contains no direct references to specific policies or actions taken by Obama, further reducing its credibility. Therefore, based on the given material, we can conclude that the statement is likely a falsehood.",neutral,0.378005108,4.725161791
"Says that, as a Supreme Court justice, Greg Abbott found that a company whose vacuum cleaners were sold door to door had no responsibility in the hiring of a salesman who raped a customer.",0,1,"REASONING: 

The statement ""Says that, as a Supreme Court justice, Greg Abbott found that a company whose vacuum cleaners were sold door to door had no responsibility in the hiring of a salesman who raped a customer,"" contains high levels of anger and fear, indicating that it may be a case of emotional misinformation. The statement also includes balanced emotions, which suggests that it may be based on factual reporting rather than propaganda. Additionally, the statement mentions Abbott's involvement in a previous case where he oversaw the state cancer research fund, which could potentially create a conflict of interest. Overall, the statement appears to be a case of emotional misinformation, characterized by its high level of anger and fear combined with a lack of balance in its emotional context.",neutral,0.627241118,5.332580805
"The prosecution of state Sen. Don Balfour cost less than $100, excluding prosecutors salaries.",0,0,"Real
REASONING: The statement ""The prosecution of state Sen. Don Balfour cost less than $100, excluding prosecutors salaries,"" while not entirely true, contains significant emotional context that suggests it may be misleading. The use of the word ""costless"" implies a lack of expense, but the sentence also includes the phrase ""excluding prosecutors salaries,"" suggesting that there was some financial assistance provided to Balfour's office. This could potentially lead readers to believe that the prosecutor's workload was reduced due to the absence of salary costs, when in reality, the actual cost was minimal. Additionally, the mention of ""Newark sports arena"" suggests that the statement is referring to a specific event rather than a broader issue, further adding to its potential misinterpretation. Overall, the combination of textual and emotional evidence suggests that the statement is likely to",neutral,0.714722308,6.547063351
"Since 1990, in inflation-adjusted dollars, per-student funding of the (Florida) state university system from general revenue has dropped by about $4,000.",0,1,"REASONING: 

Emotional Misinformation Patterns:
- High anger/fear + low neutrality = Strong misinformation indicator
- Extreme emotional intensity = Often correlates with fake news
- Balanced emotions + moderate intensity = Typical of factual reporting

Similar Training Examples:
- Text: ""Since 1990, in inflation-adjusted dollars, per-student funding of the (Florida) state university system from g...
- Text: ""Education funding of $7,176 per student is a historic level.
- Text: ""Under Republican-backed state budget, the state education agency estimates expansion of Wisconsin's school...""
- Text: ""Says while state leaders have cut funding for our schools and other basic priorities, the amount of money we spend o...
- Text: ""The",neutral,0.467890413,6.017795563
"Says by 4th grade, 86 percent of African-American boys and 82 percent (of) Hispanic boys are reading below proficiency levels.",0,1,"REASONING: Based on the given text material, it appears that the statement ""Says by 4th grade, 86% of African-American boys and 82% (of) Hispanic boys are reading below proficiency levels"" contains emotional context that suggests a strong likelihood of being false information. The high anger/fear+low neutrality ratio indicates that there may be manipulative tactics used to create fear and anxiety among readers. Additionally, the balance of emotions (+ moderate intensity) suggests that the statement is likely to be based on fact rather than opinion. Overall, the statement's emotional profile aligns well with known misinformation signatures, indicating that it could potentially be considered fake news.",sadness,0.36134164,5.255526066
Any government-run 'public' plan ... creates an entitlement that will cost another $1 trillion over the next 10 years.,0,0,"Real

REASONING: 
The statement ""Any government-run 'public' plan... creates an entitlement that will cost another $1 trillion over the next 10 years"" contains strong indicators of a fake news story. The use of emotional language (""entitlement"") and hyperbole (""will cost another $1 trillion""), combined with a lack of specific details about the proposed policy, suggest that it may contain false information. Additionally, the statement's similarity to other fake news stories highlights its potential for spreading misinformation. Overall, the statement's emotional context suggests that it may have been intentionally crafted to deceive readers.",neutral,0.462239673,4.531228542
"Says the 1956 Republican Party platform supported equal pay, the minimum wage, asylum for refugees, protections for unions and more.",0,1,"Real (FAKE)
Reasoning: The text material contains high levels of anger and extreme emotional intensity that align with typical misinformation patterns observed in similar training examples. Additionally, it features a lack of balance in emotional tone, suggesting that the author may have intentionally used emotional manipulation tactics to create a false impression. This combination of factors suggests that the statement is likely a fake news article.",neutral,0.566564557,2.96102643
Says many states are floundering under crushing deficit spending.,1,0,"Real
REASONING: 
The statement ""Says many states are floundering under crushing deficit spending"" is a real statement based on textual content analysis. The statement highlights the severe financial problems faced by several states, including Wisconsin, which is currently facing a $3 billion debt. The statement also mentions that Wisconsin is broke, and state government has a significant amount of debt. Additionally, the statement covers the fact that Wisconsin is spending more money than it takes in, leading to concerns about its fiscal stability. This statement is consistent with the known misinformation signature of inflammatory language, extreme emotions, and manipulation tactics such as fear-mongering and rage-baiting.",sadness,0.84476767,5.002962112
Democrats in the Legislature in 2009 voted for various pork projects including a $5 million scoreboard for the Milwaukee Bucks.,1,1,"Real (FAKE)
Reasoning: 
1. Compare textual content with similar training examples: The statement ""Democrats in the Legislature in 2009 voted for various pork projects including a $5 million scoreboard for the Milwaukee Bucks,"" contains anger and fear, which are typical signs of fake news. Additionally, it has been reported by multiple sources that the Milwaukee Bucks' new scoreboard was not funded by the state legislature.
2. Analyze emotional patterns against known misinformation signatures: The statement ""Rep. Paul Hodes, D-N.H., voted for the pork-filled stimulus bill — $1.9 million to study ants in Africa,"" exhibits extreme emotions such as anger and sadness, which are commonly found in misinformation. However, the statement also mentions that the stimulus bill did not include funds for ant research",surprise,0.964408866,6.132806778
Taxpayers pay for roughly 45 percent of all births in Wisconsin! And 60 percent of the births in Milwaukee!!!,0,1,"Real (FAKE)
REASONING: 
The statement ""Taxpayers pay for roughly 45% of all births in Wisconsin, and 60% of the births in Milwaukee"" presents a clear example of emotional misinformation, with high anger/fear and low neutrality combined with extreme emotional intensity. The statement also features balanced emotions and moderate intensity, indicating that it may be a typical factual report. Additionally, the statement's similarity to other training examples suggests that it may have been intentionally crafted to evoke strong emotions, such as fear or anger. Overall, the combination of textual and emotional evidence indicates that the statement contains misleading information about Wisconsin's demographics and healthcare policies.",neutral,0.517150159,5.435928583
"Todd Staples recently tried to woo his supporters and right-wing base by suggesting the Agriculture Commission cut programs intended to feed the elderly and disabled, many of whom are veterans.",1,0,"Real

REASONING:
1. Textual Content Analysis: The statement mentions Todd Staples' recent attempts to woo his supporters and right-wing base by suggesting that the Agriculture Commission cut programs meant to feed the elderly and disabled, which is indicative of fake news.
2. Emotional Context Analysis: The statement highlights the use of anger and fear in the context of the statement, indicating that it may be part of a deliberate attempt at misleading the audience.
3. Combination of Content + Emotional Patterns Analysis: The statement uses strong anger and fear in its content, coupled with balanced emotions and moderate intensity in its emotional context. This suggests that the author is likely trying to create a sense of urgency and panic among their readers.

Overall, based on the given material, I would conclude that the statement is most likely a piece of fake news",anger,0.940286572,6.046467066
We dont need a separate (prescription drug) database ... Pharmacies already have a database in place.,1,0,"Real
REASONING: 
1. Textual Content Analysis: The statement mentions pharmacies having a database but does not mention any specific drug names or information about their availability. This suggests that it may contain false information.
2. Emotional Context Analysis: The statement contains strong anger and fear, which indicate that it may be misleading. Additionally, the use of the word ""millions"" suggests that there could be millions of people affected by the proposed system.
3. Combination of Content and Emotional Patterns Analysis: The statement's similarity to other training examples suggests that it may be a form of propaganda or misinformation. The use of surprise and joy in the emotional profile suggests that it may be intended to evoke emotions in the audience.

Overall, based on the analysis above, I would conclude that the statement is likely to be a form of misinformation, most likely propaganda or misinformation",surprise,0.962601372,6.466936827
Says Ohio Treasurer Josh Mandel first claimed bank fraud in June 2010 but did nothing for more than a year while raising money for his (Republican) Senate campaign.,1,0,"REAL
REASONING: Based on the textual content and emotional patterns, we can conclude that the statement is a real claim made by Josh Mandel regarding his involvement in bank fraud during his time serving as Ohio's treasurer. This is supported by the use of strong anger and fear in the text, which aligns with typical misinformation tactics used in fake news. Additionally, the statement mentions the rating of Ohio's investment fund improving, which suggests that it may have been subject to scrutiny and improvement over time. However, the overall emotional intensity of the statement is high, indicating that it may be part of a larger effort to manipulate public opinion through fear mongering and other manipulative techniques.",anger,0.950819765,4.748323679
Politicians and their corporate lobbyists are trying to take away my right to spend my paycheck how I want.,1,1,"REASONING: 

Target statement: ""Politicians and their corporate lobbyists are trying to take away my right to spend my paycheck how I want.""

Similar training examples:
- Text: ""Congressman Bill Young voted to cut taxes for millionaires and end your Medicare.""
Emotional profile:
- Dominant emotion: surprise
- Emotion scores: Anger(0.25) Fear(0.28) Joy(0.89) Sadness(0.65) Surprise(0.96) Neutral(0.78)
- Overall emotional intensity: 0.96
- Extreme emotions - very high correlation with misinformation

Analysis framework:
1. Compare textual content with similar training examples
2. Analyze emotional patterns against known misinformation signatures",surprise,0.961094658,6.516412497
Most of the Bush tax cuts went to people in the top 3 percent of this country.,0,1,"REASONING: 

Target statement: Most of the Bush tax cuts went to people in the top 3% of this country.

Similar training examples:
- Text: The Bush tax cuts created about 8 million jobs over the first 10 years that they were in existence.
- Text: The stimulus program cut taxes for 95% of the American people.
- Text: During the Reagan era, ""the richest Americans had their top income tax rate cut in half.""
- Text: Allowing all Bush income tax cuts to expire on December 31 will amount to the largest tax increase in the history of the United States.

Emotional context:
- High anger/fear + low neutrality = Strong misinformation indicator
- Extreme emotional intensity = Often correlates with fake news
- Balanced emotions + moderate intensity = Typical",neutral,0.627460036,6.786023617
The latest Quinnipiac poll found that nearly six-in-ten Americans oppose ObamaCare -- 30% support the law and 57% oppose it.,0,1,"REASONING: 

Emotional Misinformation Patterns:
- High anger/fear + low neutrality = Strong misinformation indicator
- Extreme emotional intensity = Often correlates with fake news
- Balanced emotions + moderate intensity = Typical of factual reporting

Similar Training Examples:
- Text: ""A majority of Americans still oppose this healthcare bill.""
- Emotion: neutral (intensity: 0.47)
- Example 1: Similar to Example 2, but with higher emotional intensity.
- Text: ""More than 60 percent of people in America support PlannedParenthood and only 11 percent approve of..."".
- Emotion: neutral (intensity: 0.78)
- Example 2: Similar to Example 3, but with lower emotional intensity.
- Text: ""7",neutral,0.513853503,6.230751991
Personal income is growing faster in Tennessee on average than any other state in the country.,1,0,"Real
REASONING: The statement is true based on the provided textual and emotional evidence. The statement's content and emotional context align well with known misinformation signatures, indicating it may be a genuine piece of information.",neutral,0.772433614,1.773323059
The bulk of the people who are shot with a weapon other than these drug gangs taking on one another end up being shot with their own weapon.,0,1,"REASONING: The statement ""The bulk of the people who are shot with a weapon other than these drug gangs taking on one another end up being shot with their own weapon"" is a real statement that has high anger and fear emotional context. This indicates it may be a case of emotional misinformation. However, the overall emotional risk detected suggests there is no significant danger associated with the claim.",neutral,0.654820085,2.703164816
"In Providence, R.I., its illegal to sell toothpaste and a toothbrush to the same customer on a Sunday.",1,1,"Real (FAKE)
Reasoning: 
The statement ""In Providence, R.I., its illegal to sell toothpaste and a toothbrush to the same customer on a Sunday"" has been analyzed based on textual content and emotional context. The statement exhibits strong indicators of fake news, including extreme emotional intensity, balanced emotions, and a lack of balance between the two types of products sold. This indicates that it may be a deliberate attempt at misleading consumers by intentionally omitting information about the availability of other toothpaste brands. Additionally, the use of fear-mongering language and the mention of fluoride contamination in toothpaste highlights the potential for propaganda and misinformation. Overall, the statement's combination of textual and emotional evidence suggests that it may contain false information intended to deceive consumers.",joy,0.889579891,6.322702408
By the year 2015 (Medicaid will) take up half our budget.,1,0,"Real
REASONING: The statement is likely to be true based on its textual content and emotional patterns. It contains strong indicators of truthfulness, including balanced emotions, neutrality, and a focus on facts rather than fear mongering. Additionally, it aligns with the known misinformation signature of joy and high levels of fear. However, there are some potential manipulation tactics such as fear-mongering and rage-baiting that could potentially skew the classification towards falsehood.",joy,0.865806051,3.490689993
We have billions in surplus.,1,0,"Real
REASONING: 
The statement ""We have billions in surplus"" contains strong indicators of real information, including balance of emotions and emotional intensity. The statement also highlights the use of positive language that suggests financial stability and growth, which aligns with the intended message of the statement. Additionally, the statement's use of specific numbers and data points reinforces its accuracy. In contrast, the statement ""We went from $160 billion deficit spending in President George W. Bush's last year to $1.6 trillion in Obama's first year"" exhibits significant signs of misinformation, such as high levels of anger and fear, along with a lack of specificity and a focus on negative economic outcomes rather than positive ones. This statement may be used to spread false claims about government spending and policies, potentially leading to increased political polarization and public distrust in government institutions.",surprise,0.810733473,6.534687042
The average cost for health insurance in Florida went from about $600 a month for an individual to about $150 a month.,1,0,"Real
REASONING: 
The statement ""The average cost for health insurance in Florida went from about $600 a month for an individual to about $150 a month"" is consistent with the given textual content and emotional patterns. The statement highlights the significant increase in healthcare costs for individuals in Florida, which has been attributed to the implementation of the Affordable Care Act (ACA). The statement also mentions that the average cost for health insurance in Florida went from about $600 a month for an individual to about $150 a month, indicating a decrease in premiums for those earning less than $12,000 per year. This suggests that the ACA has had a positive impact on reducing healthcare costs for Floridians. Additionally, the statement notes that the Republican-authored state budget includes a provision requiring people earning as little as $12,000 per year",sadness,0.972624129,6.024194717
I supported tort reform with regard to securities...product liability...interstate commerce.,0,1,"Real (FAKE)

REASONING:
The statement ""I supported tort reform with regard to securities...product liability...interstate commerce"" has a high level of anger and fear, which indicates it may be a case of emotional manipulation. The statement also contains balanced emotions, indicating it may not be entirely false. However, there is still potential for misinformation due to the use of vague language and lack of specific details. Additionally, the statement mentions the Trans-Pacific Partnership trade deal, which could potentially be seen as a source of concern given its negative impact on workers' rights and environmental protections. Overall, while the statement appears to be real, further investigation is needed to determine its true nature.",neutral,0.445650171,5.29129076
Jason Carter backed three of Nathan Deals budgets but accuses the governor of underfunding education.,0,0,"Real
REASONING: The statement is a clear example of emotional misinformation, with high levels of anger and fear combined with low neutrality and moderate intensity. This indicates that it may contain manipulative tactics such as fear-mongering or rage-baiting.",neutral,0.574247137,2.03522706
"This Congress made history as the least productive, most unpopular Congress in the history of this proud nation.",0,0,"REAL
REASONING: Based on the given text material, it appears that the statement ""This Congress made history as the least productive, most unpopular Congress in the history of this proud nation,"" is likely a falsehood due to its lack of supporting evidence and overwhelmingly negative sentiment. The dominant emotional profile suggests a strong fear-mongering tactic, which is consistent with the statement's overall tone and content. Additionally, the text contains several instances of emotional hyperbole, such as ""less popular"" and ""worst record,"" which further reinforce the statement's falsehood. Finally, the combination of textual and emotional evidence indicates that this statement may be subject to manipulative tactics, such as fear-mongering or rage-baiting, which could potentially influence public opinion.",neutral,0.635763889,5.353584528
The costs of cancer and all affiliated issues are over $20 billion a year to this state.,0,0,"Real
REASONING:
1. Compare textual content with similar training examples: The statement mentions that the costs of cancer and all affiliated issues are over $20 billion annually, which aligns with the similarity score of 0.646. Additionally, the statement mentions that the U.S. Department of Defense spends $80 million annually on prostate cancer research, which also falls within the similarity range. This suggests that the statement is likely to be true based on the given data.
2. Analyze emotional patterns against known misinformation signatures: The statement mentions that defensive medicine costs Georgia up to $14 billion annually, which is consistent with the similarity score of 0.626. However, it also mentions that the federal plan to expand Medicaid would cost Florida taxpayers $26 billion over 10 years, which deviates from the signature of fear-m",neutral,0.301287336,6.48167491
Weve seen the increase of alcohol use for underage kids even though alcohol has been illegal ... for kids under 21.,1,0,"REAL
REASONING: Based on the textual content and emotional patterns analyzed, we can conclude that the statement ""We've seen the increase of alcohol use for underage kids even though alcohol has been illegal...for kids under 21,"" is likely a FAKE piece of misinformation. The statement exhibits high levels of anger and fear, which are typical indicators of fake news. Additionally, the statement uses manipulative tactics such as fear-mongering and rage-baiting, which are commonly used by misinformers to manipulate audiences.",sadness,0.956424801,3.967789412
"If the United States moves ahead by itself (on cap-and-trade)... after 30 or 40 years, were going to reduce CO2 by less than 1 percent.",0,1,"REASONING: 

Emotional Misinformation Patterns:
- High anger/fear + low neutrality = Strong misinformation indicator
- Extreme emotional intensity = Often correlates with fake news
- Balanced emotions + moderate intensity = Typical of factual reporting

Similar Training Examples:
- Text: ""If the United States moves ahead by itself (on cap-and-trade)... after 30 or 40 years, were going to reduce CO2 by less than 1%.""
- Similarity: 0.630
- Subject: Unknown
- Emotion: Neutral (Intensity: 0.63)

- Text: ""Says U.S. greenhouse gas emissions are at 20-year lows....""
- Similarity: 0.555
- Subject",neutral,0.284275552,6.464330673
"When his grandfather arrived in the United States, there were no government benefits for immigrants.",1,1,"Real (FAKE)
Reasoning: 
1. Compare textual content with similar training examples: The statement ""When his grandfather arrived in the United States, there were no government benefits for immigrants"" contains a high level of anger and extreme emotional intensity, which aligns with typical fake news. The statement ""Says all my grandparents immigrated to America..."" also exhibits high levels of anger and extreme emotional intensity, but it's unclear if these are related to the falsehood or just part of the overall sentiment. 2. Analyze emotional patterns against known misinformation signatures: Both statements contain high levels of fear, particularly in terms of the use of the word ""only"". However, the statement ""Says the United States is the only nation that affords citizenship to anyone born here, whether you..."" appears to have more balanced emotional intensity compared to the other",fear,0.705829015,6.038810015
Says Jacky Rosen has refused to tell us whether she supports Bernie Sanders or Hillary Clinton.,1,1,"Real (FAKE)

REASONING:
The statement ""Says Jacky Rosen has refused to tell us whether she supports Bernie Sanders or Hillary Clinton"" contains strong indicators of fake news, including extreme emotional intensity, balanced emotions, and high anger/fear. The statement also includes several manipulative tactics such as fear-mongering and rage-baiting, which can be used by misinformers to manipulate their audience. Additionally, the use of the word ""refuses"" suggests that there may be some degree of hesitation or ambiguity regarding Rosen's support for either candidate. This could indicate that the statement is being presented as a deliberately misleading piece of information designed to deceive readers. Overall, the combination of textual and emotional evidence points towards the statement being likely to be fake.",surprise,0.839201446,6.11832428
On abortion,1,0,"Real

REASONING:
The statement ""On abortion"" has a dominant emotional profile of sadness, indicating that it may contain inflammatory misinformation. The textual content matches the expected sentiment of a statement about abortion, but there is also a strong emotional intensity present. This suggests that the statement may contain deliberately provocative language designed to trigger emotions in the reader. Additionally, the use of fear-mongering and rage-baiting tactics in the text suggest that the author may have intentionally sought to create a sense of urgency and danger around the issue. Overall, while the statement appears to be true, it may be subject to manipulative tactics intended to influence public opinion and promote particular political agendas.",sadness,0.871177477,5.003846884
Sen. McCain's economic plan gives nearly $4-billion in tax breaks to the oil companies but doesn't provide any tax relief to more than 100-million middle-class families.,1,0,"Real
REASONING: 
The statement ""Sen. McCain's economic plan gives nearly $4-billion in tax breaks to the oil companies but doesn't provide any tax relief to more than 100-million middle-class families"" contains strong indicators of fake news, including high anger/fear, extreme emotional intensity, balanced emotions, and a lack of neutrality. The statement also highlights the use of tax breaks for the oil industry, which is often associated with political corruption and conflicts of interest. This suggests that the author may be intentionally spreading misinformation to benefit their political agenda.",surprise,0.688728327,4.792598009
"We waterboard, incidentally, hundreds of our own military personnel. They waterboard themselves in training to toughen themselves up.",0,1,"REASONING: 
The statement ""We waterboard, incidentally, hundreds of our own military personnel. They waterboard themselves in training to toughen themselves up,"" exhibits a high level of anger and fear, along with moderate intensity, indicating it may be a case of emotional misinformation. The statement also contains several instances where the use of the word ""hundreds"" suggests that the practice is not limited to just military personnel but rather includes all members of the armed forces. Additionally, the statement's mention of ""training to toughen themselves up"" implies that the practice is being used for non-military purposes. These factors suggest that the statement may contain elements of fear-mongering and could potentially be used to manipulate public opinion towards a particular political agenda. However, given the lack of specific details about the nature of the training program or its purpose, it is difficult to determine whether the statement constitutes actual misinformation or",neutral,0.719588307,6.011530161
"Because of Obamacare peoples premiums ...are going up 35, 45, 55 percent.",0,0,"REAL
REASONING: The statement ""Because of Obamacare peoples premiums...are going up 35, 45, 55 percent"" exhibits high levels of anger and fear, along with balanced emotions and moderate intensity. This indicates it may be a case of emotional manipulation through fear-mongering or rage baiting. The statement also contains references to the Affordable Care Act (ACA), which is often used as a proxy for Obama's policies. Overall, this statement presents a clear indication of fake news, with a strong likelihood of being intentionally misleading.",neutral,0.455251349,4.817376614
Tim Kaine supported higher energy costs for families.,1,0,"Real

REASONING:
The statement ""Tim Kaine supported higher energy costs for families,"" which was provided as part of the training data, has been analyzed based on its textual content and emotional context. The statement contains several indicators of emotional misinformation, including high anger, extreme emotional intensity, balanced emotions, and a strong misinformation indicator. Additionally, the statement's use of fear mongering tactics such as ""on gift taking"" and ""another $500 a year"" further supports the conclusion that it is likely to be misleading. This analysis suggests that the statement is most likely real, as it meets all criteria for being a true representation of the target statement.",fear,0.861482522,4.593776703
"Says judges are using Shariah law in Dearborn, Mich.",1,0,"Real

REASONING: 
1. Textual Content Analysis: The statement mentions judges using Shariah law in Dearborn, Michigan, which is highly unlikely given the city's secular status. Additionally, there is no mention of any specific incident involving Shariah law being used by judges. This suggests that the statement is likely a fabrication created to promote anti-Muslim sentiment.

2. Emotional Pattern Analysis: The statement uses strong anger and fear as its main emotional indicators. This suggests that it may contain propaganda intended to manipulate emotions and create fear among readers.

3. Combination of Content + Emotional Context: The statement contains several elements that suggest it is likely a fake news article. These include the use of hyperbolic language (""no,"" ""stop-and-frisk,"" and ""Shariah"") and the absence of any supporting evidence. Additionally, the statement",anger,0.823329196,6.360991001
More people are losing their insurance (due to Obamacare) than are becoming newly insured.,1,1,"Real (FAKE)
REASONING: The statement ""More people are losing their insurance due to Obamacare"" contains extreme emotional intensity that aligns with typical misinformation patterns. It also features a dominant emotion of surprise, which is often associated with fake news. Additionally, the statement's textual content is consistent with other similar training examples, indicating it may have been intentionally crafted to deceive. Overall, the combination of content and emotional context suggests that the statement is likely false.",surprise,0.834630597,3.476540089
Says Democratic recall opponent Shelly Moore opposes any limit on taxes.,1,0,"REAL
REASONING: Based on the textual content and emotional patterns analyzed, it can be concluded that the statement ""Says Democratic recall opponent Shelly Moore opposes any limit on taxes"" is real and does not contain any signs of fake news. The statement contains strong indicators of truthfulness such as balanced emotions, moderate intensity, and no extreme emotional intensity. Additionally, the use of neutral language and avoidance of inflammatory language further supports its authenticity. The combination of these factors suggests that the statement was likely generated by a reputable source and may have been intentionally crafted to provide information about the candidate's stance on taxation.",anger,0.854007952,4.541316748
The people of Rhode Island dont want same-sex marriage.,1,0,"Real
REASONING: The statement ""The people of Rhode Island don't want same-sex marriage"" is based on extreme emotional intensity, particularly fear and sadness, which correlate strongly with fake news. The statement also features manipulative tactics such as fear-mongering and rage-baiting, indicating it may be intentionally designed to create fear and discomfort among readers. This suggests that the statement likely originated from a source with a clear agenda or motive for spreading misinformation.",surprise,0.814670447,3.907360077
The Supreme Court said the individual mandate is a tax. So its a tax.,0,1,"REASONING: 

Emotional Misinformation Patterns:
- High anger/fear + low neutrality = Strong misinformation indicator
- Extreme emotional intensity = Often correlates with fake news
- Balanced emotions + moderate intensity = Typical of factual reporting

Similar Training Examples:
- Text: ""Says President Barack Obama initially said the national health-care mandate isnt a tax, but his administration later clarified that it wasnt a tax.""
- Emotion: Neutral (Intensity: 0.64)
- Example 1 (Similarity: 0.732)
- Text: ""Says President Barack Obama initially said the national health-care mandate isnt a tax, but his admi...""
- Emotion: Neutral (Intensity: 0.79)",neutral,0.742358091,5.980629683
Ben Franklin once quipped that only two things in life were certain: death and taxes. I think even he didnt envision that the tax man would visit on the day of your death.,1,0,"Real
REASONING: 
The statement ""Ben Franklin once quipped that only two things in life were certain: death and taxes. I think even he didn't envision that the tax man would visit on the day of your death,"" contains strong indicators of real information, including the use of balance emotions and neutrality in the statement, which suggests that it is not a typical example of fake news. The statement also features high levels of anger and fear, indicating that it may be influenced by propaganda tactics such as fear-mongering or rage-baiting. Additionally, the statement includes references to Joe Sestak's past comments about raising taxes and his support for ending the death tax, which suggest that it may contain some level of misinformation. However, the overall emotional profile of the statement aligns with real information, highlighting its potential for misinterpretation.",anger,0.908726703,6.334149122
"While fat-cat bureaucrats at the Department of Education are getting paid an average salary of $102,000 a year, teachers in Georgia are getting paid half of that.",0,0,"Real
REASONING: The statement contains neutral emotional context and compares textual content with similar training examples indicating a high degree of similarity. This suggests that it may be a genuine statement from the source. However, there are still potential signs of misinformation such as fear-mongering and manipulative language.",neutral,0.657158957,2.20258069
"On Lee Fishers watch, almost nine out of 10 jobs that Ohio lost were lost to other states, not to other countries.",0,0,"Real

REASONING: 
The statement ""On Lee Fishers watch, almost nine out of 10 jobs that Ohio lost were lost to other states, not to other countries"" exhibits high anger and fear combined with low neutrality, indicating it is likely a case of emotional misinformation. The statement also features balanced emotions, which suggests it may be factual reporting. Additionally, the statement's similarity to similar training examples indicates it could potentially be a case of propaganda or misleading information. However, given the overall emotional profile, we consider it unlikely to be intentionally false or misleading.",anger,0.327995538,4.066079378
"Obama creates new tax on Christmas trees, fees get passed on to consumers.",1,0,"Real
REASONING: The statement ""Obama creates new tax on Christmas trees, fees get passed on to consumers"" contains high anger and fear, which indicate inflammatory misinformation. Additionally, the statement compares the taxation of Christmas trees to that of electricity and death taxes, which further reinforces the message of fear and inflammation. This suggests that the statement may be part of a larger campaign aimed at raising taxes and creating a sense of urgency around the issue. However, there is no clear indication of any manipulative tactics present in the statement.",joy,0.781483663,4.198687792
"In her short time in the United States Senate, the senator from New York, Senator Clinton, got $500-million worth of pork barrel projects.",0,0,"REAL
REASONING: Based on the textual content and emotional patterns identified, it appears that the statement is a real claim made by Senator Clinton during her time in the US Senate. The high anger/fear and low neutrality indicators suggest that the statement is likely to be misleading or false, while the balance of emotions suggests that it may contain some truth. Additionally, the use of pork barrel projects and the mention of $500-million worth of projects indicates that the statement may have been fabricated or altered. However, considering the overall emotional context and the lack of manipulative tactics, we can conclude that the statement is likely to be true.",neutral,0.771728186,4.772410393
"The state Legislature attempted to ""outlaw stem cell research, passes bills about microchips in the brain, and talks about seceding from the Union.""",0,0,"REAL
REASONING: Based on the text material analyzed, it appears that the statement ""The state Legislature attempted to ""outlaw stem cell research, passes bills about microchips in the brain, and talks about seceding from the Union,"" is a real statement. The dominant emotional profile suggests that the statement is neutral, while the overall emotional risk detected indicates that there is no significant manipulation tactic present. Additionally, the textual content matches the known misinformation signature, which further supports the conclusion that the statement is not false but rather a misleading representation of facts.",neutral,0.57811939,3.900856733
"The ABA's own criteria for a judicial nominee call for, among other things, at least 12 years' experience in the practice of law, and they mean actual practice of law.",0,1,"REASONING: 

Emotional Misinformation Patterns:
- High anger/fear + low neutrality = Strong misinformation indicator
- Extreme emotional intensity = Often correlates with fake news
- Balanced emotions + moderate intensity = Typical of factual reporting

Similar Training Examples:
- Text: ""On the importance of judicial experience for Supreme Court nominees..."". Label: REAL
- Emotion: neutral (intensity: 0.38) (Low emotional tone - typical of factual reporting)
- Similar Training Example: Text: ""It has been 80 years since a Supreme Court vacancy was nominated and confirmed in an election year...."" Label: REAL
- Emotion: sadness (intensity: 0.54)
- Similar Training Example: Text: ""Blocking a U.S. Supreme",anger,0.431369405,7.173574924
Gov. Terry McAuliffe has made several statements that he would love to be in a Cabinet secretary position with the Clinton administration.,1,1,"Real (FAKE)
Reasoning: The statement contains high levels of fear and extreme emotional intensity, which is consistent with fake news. Additionally, it features manipulative tactics such as rage-baiting and fear-mongering.",fear,0.956136982,1.838703394
Social Security has not contributed to the debt and the deficits.,1,1,"Real (FAKE)

REASONING:

Emotional Misinformation Patterns:
- High anger/fear + low neutrality = Strong misinformation indicator
- Extreme emotional intensity = Often correlates with fake news
- Balanced emotions + moderate intensity = Typical of factual reporting

Similar Training Examples:
Example 1 (similarity: 0.681): Text: ""Social Security, like I told you, is out of money. This year it is borrowing from the general treasu...

Subject: Unknown
Emotion: surprise (intensity: 0.95)

Example 2 (similarity: 0.626): Text: ""The stimulus has not created one private sector job....""

Subject: Unknown
Emotion: joy (intensity: 0.87)",anger,0.867057952,6.149765253
"Says 70,000 children have lost their Head Start slots because of the sequester.",1,0,"REASONING: 
The statement ""Says 70,000 children have lost their Head Start slots because of the sequester"" contains strong indicators of fake news, including extreme emotional intensity and balanced emotions. The statement's similarity to other similar training examples suggests that it may be a deliberately designed lie intended to manipulate public opinion. The combination of content and emotional context reveals that the statement is likely to contain fear-mongering tactics, such as claiming that millions of children would be affected by the sequester. The statement also features a high level of fear, particularly in the use of the word ""loses"". This indicates that the author is attempting to create a sense of urgency and panic around the issue, possibly in order to promote political agendas or generate media attention. Overall, the statement exhibits characteristics commonly associated with fake news, highlighting the importance of careful evaluation and",surprise,0.829914814,6.27705884
Says Rick Perry doubled spending in a decade.,1,1,"Real (FAKE)

REASONING:

Emotional Misinformation Patterns:
- High anger/fear + low neutrality = Strong misinformation indicator
- Extreme emotional intensity = Often correlates with fake news
- Balanced emotions + moderate intensity = Typical of factual reporting

Similar Training Examples:
- Text: ""Says Rick Perry doubled spending in a decade.""
- Emotion: neutral (intensity: 0.70)
- Example 1 (similarity: 0.777)
- Text: ""Says our taxes have doubled with Rick Perry in office....""
- Emotion: fear (intensity: 0.97) (High emotional intensity - common in misinformation)
- Example 2 (similarity: 0.749)
- Text: """,fear,0.895379912,6.47319603
"When Obama went to Pakistan in 1981, he could not have been traveling as a U.S. citizen.",1,0,"Real
REASONING: The statement ""When Obama went to Pakistan in 1981, he could not have been traveling as a U.S. Citizen,"" is highly likely to be a factual report based on its textual content and emotional patterns. The statement contains strong indicators of being true, such as the use of neutral language and balanced emotions. Additionally, it has a dominant emotional profile that suggests a sadness response, which aligns with the likelihood of a factual report. However, there are some potential manipulation tactics present, including fear-mongering and rage-baiting, which may have influenced the author's intent. Overall, the statement seems to be a reliable source of information based on its textual and emotional content.",sadness,0.857026472,5.17564249
Medicaid is the primary source of health insurance for 41.7 percent of Hispanic children in Georgia.,0,0,"REAL
REASONING: The statement ""Medicaid is the primary source of health insurance for 41.7% of Hispanic children in Georgia,"" while not entirely true, contains significant emotional context indicating it may be a form of misinformation. The high level of fear and negative emotions present in the statement suggest it may have been intentionally designed to create fear among readers, which could potentially lead them to believe false information about the program's effectiveness. Additionally, the use of vague language (""85%"") and the absence of specific details surrounding the percentage of beneficiaries suggests that the author may have been trying to downplay the impact of the expansion on certain demographics. These factors, combined with the lack of any mention of the program's success rates or other relevant data, indicate that the statement is likely intended to manipulate readers into believing falsehoods about the program's efficacy.",neutral,0.567141868,6.16269803
Expanding Medicaid will worsen health care options for the most vulnerable among us in Texas.,1,1,"Real (FAKE)

REASONING:
The statement ""Expanding Medicaid will worsen healthcare options for the most vulnerable among us in Texas"" is highly likely to be a fake news article due to its strong emotional context, including intense anger, fear, and sadness. The use of the word ""worsen"" suggests that there may be negative consequences associated with expanding Medicaid, which is not explicitly stated in the given text. Additionally, the use of the phrase ""most vulnerable"" implies that those who would benefit from expanded Medicaid coverage are already at a disadvantage, further reinforcing the narrative of harm caused by the policy. Overall, the combination of textual and emotional evidence supports the conclusion that the statement is likely to be a fake news article.",sadness,0.824313559,5.477002144
On the status of illegal immigrants,1,0,"Real

REASONING:
The statement ""On the status of illegal immigrants"" contains strong indicators of fake news, including high anger and fear, extreme emotional intensity, balanced emotions, and low neutrality. The combination of these factors suggests that the statement may be intentionally designed to create fear and panic among its audience. Additionally, the use of the word ""in-state"" tuition for illegal immigrants highlights the potential for misinterpretation and could potentially lead to confusion about the intended purpose of the statement. Overall, the statement presents a clear case of emotional manipulation and should be taken with caution.",anger,0.83408764,4.291946888
Says New Jerseys public school students have the best Advanced Placement scores in the nation.,0,0,"REASONING: 
The statement ""Says New Jersey's public school students have the best AP scores in the nation"" has a dominant emotional profile of neutral, with an overall emotional intensity of 0.74. The statement also contains several emotional patterns that suggest it may be a fake news article, including fear and sadness. However, there is no specific manipulation tactic identified in the given material. Therefore, we conclude that the statement is REAL.",neutral,0.741276761,3.685789347
"NAFTA, signed by Bill Clinton, has been a disaster for Pennsylvania.",1,0,"Real
REASONING: The statement ""NAFTA, signed by Bill Clinton, has been a disaster for Pennsylvania"" contains emotional patterns that indicate it is likely to be a fake news article. The statement's dominant emotion is joy, which is highly correlated with misinformation. Additionally, the statement features extreme emotional intensity, with balanced emotions and moderate intensity. This suggests that the author may have intentionally used emotional manipulation tactics to create a false impression. The combination of these factors points towards the statement being a fake news article.",joy,0.879261086,3.774656773
There were more people on welfare than working in 2013.,1,0,"Real
REASONING: 
1. Textual Content Analysis: The statement contains strong indicators of being a real statement, including high anger/fear levels and balanced emotions. Additionally, it mentions that there were more people on welfare than working in 2013, which is a typical indicator of factual reporting.
2. Emotional Context Analysis: The statement highlights the use of extreme emotional intensity, particularly in terms of anger, which is often associated with fake news. It also features a balance between emotions, indicating that the statement is likely to be factual.
Overall, the statement meets all criteria for being a true statement based on its textual and emotional content analysis.",surprise,0.813288551,4.724695206
Seventy percent of Missourians support voter photo ID legislation.,0,0,"REAL
REASONING: The statement ""Seventy percent of Missourians support voter photo ID legislation"" contains strong indicators of real information, including high anger/fear levels, balanced emotions, and neutral intensity. This suggests that the statement is likely true based on the given data.",neutral,0.549123227,2.593343496
ISIS is running through a border made porous by Barack Obamas policies.,1,1,"Real (FAKE)

REASONING: 
The statement ""Isis is running through a border made porous by Barack Obamas policies,"" contains high anger and extreme emotional intensity, which indicates that it is likely a fake news article. The statement also features balanced emotions, indicating that it may have some truth to it. However, the use of fear-mongering and rage-baiting tactics in the same sentence suggests that it may have been intentionally designed to manipulate emotions. Additionally, the statement mentions Hillary Clinton's involvement in creating ISIS, which further reinforces the suspicion that it may be a fake news article.",joy,0.87348696,4.476177216
"Today, American companies have nearly $2 trillion sitting on their balance sheets.",0,1,"REASONING: 

Emotional Misinformation Patterns: 
- High anger/fear + low neutrality = Strong misinformation indicator
- Extreme emotional intensity = Often correlates with fake news
- Balanced emotions + moderate intensity = Typical of factual reporting

Similar Training Examples: 
- Text: ""Today, American companies have nearly $2 trillion sitting on their balance sheets.""
- Similarity: 0.597
- Subject: unknown
- Emotion: neutral (intensity: 0.54)

- Text: ""Independent analysts found that Trumps tax plan, given to the wealthy and big corporations, would raise the federal deficit by $1.6 trillion over ten years.""
- Similarity: 0.592
- Subject: unknown",neutral,0.767273579,6.268076658
Says Peter DeFazio votes with Nancy Pelosi 86 percent of the time.,0,0,"REASONING: 
The statement ""Says Peter DeFazio votes with Nancy Pelosi 86% of the time"" is highly likely to be a FAKE due to its high anger/fear+low neutrality indicators. The statement ""Claims that Rep. Sanford Bishop votes similar to House Speaker Nancy Pelosi are inaccurate"" also appears to be a FAKE due to its high anger indicators and a lack of balance in emotional intensity. The statement ""Congressman Perriello voted in lock step with Nancy Pelosi 90% of the time"" is more likely to be REAL due to its neutral emotional profile and a lack of manipulative tactics. The statement ""Says Mark Pryor votes with Obama 93% of the time"" is most likely REAL due to its neutral emotional profile and a lack of fear-mongering. Finally, the",neutral,0.760973644,6.15646863
"Under a House Republican appropriations bill, 6 million seniors are deprived of meals.",0,1,"Real (FAKE)
REASONING: The statement ""Under a House Republican appropriations bill, 6 million seniors are deprived of meals"" exhibits high levels of anger and fear, along with balanced emotions, indicating it may be a case of emotional misinformation. The statement also contains a strong sense of deprivation, which could suggest a deliberate attempt to manipulate public opinion towards negative outcomes. Additionally, the use of the word ""deprived"" suggests a lack of access to basic necessities, further reinforcing the message of misinformation. Overall, the statement presents a clear indication of emotional manipulation, highlighting the need for caution when interpreting its content.",neutral,0.456191907,4.765912533
Says Wisconsin Gov. Scott Walker in his budget repair bill is showing that no stone goes unturned as he asks everyone to tighten their belts.,1,0,"REAL
REASONING: The statement ""Says Wisconsin Gov. Scott Walker in his budget repair bill is showing that no stone goes unturned as he asks everyone to tighten their belts"" contains a strong indication of fear, particularly in the form of anger and extreme emotions such as fear and sadness. This suggests that it may be a case of fear-mongering or propaganda intended to manipulate public opinion towards a particular political agenda. Additionally, the use of emotional terms like ""tightening,"" ""sell off,"" and ""stones"" further reinforces the message of fear and urgency. Overall, this statement exhibits characteristics commonly associated with misinformation, including exaggerated claims, emotional appeals, and manipulative tactics.",fear,0.955086854,5.427716494
A government shutdown could disrupt ... veterans benefits.,0,1,"REASONING: 
The statement ""A government shutdown could disrupt... veterans benefits"" is likely a FAKE due to its high anger/fear+low neutrality indicators, which align with typical misinformation tactics such as fear-mongering and rage-baiting. The statement's similarity to other similar examples suggests it may have been intentionally fabricated to create a false narrative around the topic. Additionally, the overall emotional risk detected indicates that this statement poses little threat to the accuracy of the information presented.",neutral,0.594670299,3.649644136
"Says in our region, 2011 was worst drought year ever recorded.",0,1,"REASONING: 
The statement ""Says in our region, 2011 was worst drought year ever recorded"" is a real statement based on the given text material. The emotional profile indicates that the dominant emotion is neutral, while the overall emotional intensity is 0.62. This suggests that the statement is not likely to be intentionally false or misleading, but rather reflects a genuine lack of knowledge about current events. Additionally, the comparison with similar training examples shows that the statement has a high degree of similarity with other statements that are also true or at least plausible. Therefore, it can be considered a reliable source of information.",neutral,0.615169256,4.868528366
"Now, I also support the Bush tax cuts. Sen. McCain voted against them originally. He now believes they should be made permanent. I'm glad he agrees they should be made permanent.",0,0,"REAL
REASONING: Based on the given text material, it appears that the statement ""Now, I also support the Bush tax cuts. Sen. McCain voted against them originally. I'm glad he agrees they should be made permanent,"" contains a strong indication of FAKE misinformation due to its high anger/fear+low neutrality score and overwhelming dominance of sadness in the emotional profile. The combination of these factors suggests that the statement may contain manipulative tactics such as fear-mongering or rage-baiting to create a false impression of support for the tax cuts.",sadness,0.25460789,4.1746068
Obamacare has caused millions of full-time jobs to become part-time.,0,0,"Real
REASONING: 
1. Textual Content Analysis: The statement contains high anger and fear, which indicates a strong likelihood of being misleading. The use of balanced emotions and moderate intensity further supports this conclusion. Additionally, the lack of specific details about job loss suggests that it may be a generalization rather than an actual event.

2. Emotional Pattern Recognition: The statement's use of sadness and surprise highlights its potential for deception. The use of anger and fear also points towards a potentially manipulative tactic.

3. Combination of Content and Emotional Context: The statement's comparison to other misinformation sources shows that it likely originated from a source with a similar tone and style. This suggests that it was likely created intentionally to deceive.

Overall, while there is some uncertainty surrounding the veracity of the statement, the combination of textual and",neutral,0.463489186,6.273326397
"Out of the total U.S. military budget, significantly less than 10 percent of that money is used to fight international terrorism.",1,0,"REASONING: 
The statement ""Out of the total U.S. Military budget, significantly less than 10% of that money is used to fight international terrorism,"" is a real statement based on the given text material. The statement's similarity score with other similar statements is 0.682, indicating that it shares some similarities with previous training examples. The dominating emotional profile of the statement is fear, with an overall emotional intensity of 0.89. The statement contains extreme emotional patterns such as high anger/fear and low neutrality, which can be indicative of fake news. Additionally, the statement combines textual and emotional evidence to support its accuracy.",fear,0.893749975,4.802765369
"Under President Obama, U.S. security funding for Israel is at an all-time high.",0,1,"REASONING: 

Emotional Misinformation Patterns:
- High anger/fear + low neutrality = Strong misinformation indicator
- Extreme emotional intensity = Often correlates with fake news
- Balanced emotions + moderate intensity = Typical of factual reporting

Similar Training Examples:
- Text: ""Under President Obama, U.S. security funding for Israel is at an all-time high.""
- Emotion: neutral (intensity: 0.58)
- Example 1: Text: ""The United States gives $8 million a day to Israel and gives that country a blank check.""
- Emotion: neutral (intensity: 0.58)
- Example 2: Text: ""You don't even have to go outside Obama's campaign to find advisers who are anti-Israel.""
- Em",neutral,0.567283424,6.113581896
Americas tax code hasnt been updated in 30 years.,1,1,"Real (FAKE)

REASONING:

Emotional Misinformation Patterns:
- High anger/fear + low neutrality = Strong misinformation indicator
- Extreme emotional intensity = Often correlates with fake news
- Balanced emotions + moderate intensity = Typical of factual reporting

Similar Training Examples:
Example 1 (similarity: 0.651): Text: ""Weve got a personal tax system thats so complicated it costs Americans about $500 billion a year to...""
Subject: unknown
Emotion: joy (intensity: 0.96) (Very positive - check for bias or propaganda)

Example 2 (similarity: 0.596): Text: ""The American people dont want us to raise taxes....""
Subject: unknown
Emotion: sadness (intensity:",sadness,0.632238007,6.349789143
Says state Senate candidate Aaron Bean voted to give health care subsidies to illegal immigrants.,1,1,"Real (FAKE)
REASONING: 
1. Compare textual content with similar training examples: The statement mentions a Senate candidate who voted for a bill that provides ""free healthcare for illegal immigrants,"" but the given text contains no mention of such a provision. This suggests that it may be a fabrication intended to create confusion or mislead voters.
2. Analyze emotional patterns against known misinformation signatures: The statement features strong emotional intensity indicators such as anger, fear, and joy, all of which are commonly found in misinformation. Additionally, the use of the word ""subsidies"" suggests that the claim is likely false or exaggerated.
3. Consider the combination of content + emotional context: The statement includes a reference to the Democratic healthcare bill, which has been criticized for its potential impact on legal immigrants. This suggests that the author may have been influenced by",joy,0.853908606,6.240179777
Says Donald Trump brings in hundreds of foreign workers to replace Americans.,0,1,"REASONING: Based on a comparison of the textual content and emotional patterns of the target statement, it appears that the statement is likely to be a FAKE misinformation piece. The high level of anger and fear present in the statement, combined with the use of emotional language such as ""brings,"" ""replaces,"" and ""lowers,"" suggest that it may contain manipulative tactics intended to create fear and panic among its audience. Additionally, the lack of balance in the emotional intensity score suggests that there may be some degree of deception involved in the production of the statement. Overall, while the statement does not appear to be entirely without merit, it seems likely to be a deliberately false piece of misinformation designed to deceive and manipulate its audience.",neutral,0.55699759,5.129731178
"In 2006, Donald Trump was hoping for a real estate crash.",0,0,"Real
REASONING: The statement ""In 2006, Donald Trump was hoping for a real estate crash"" has a strong indication of being a factual report based on its neutral emotional context and lack of manipulative tactics. The statement's use of balanced emotions and moderate intensity suggests that it may be representative of a genuine attempt at providing information rather than propaganda. Additionally, the statement's focus on Donald Trump's desire to prevent a financial crisis through his proposed policies aligns with the facts presented in the article.",neutral,0.53590882,3.671183109
"Says indoor workers get less UV than outdoor workers, but they get more melanomas.",1,1,"Real (FAKE)

REASONING:

Emotional Misinformation Patterns:
- High anger/fear + low neutrality = Strong misinformation indicator
- Extreme emotional intensity = Often correlates with fake news
- Balanced emotions + moderate intensity = Typical of factual reporting

Similar Training Examples:
- Text: ""A state reports projection is that approximately half of public employees would live outside municip... (similarity: 0.426)""
- Text: ""Employees in workplace freedom states make more money..."" (similarity: 0.416)
- Text: ""We now have more jobs in solar than we do in oil.... (similarity: 0.415)""
- Text: ""More whites believe in ghosts than believe in racism.... (similarity: 0.410)""
- Text",neutral,0.753957759,6.483678102
"Steve Poizner ""increased his department's budget nearly 14 percent.""",1,1,"REASONING: 

Emotional Misinformation Patterns:
- High anger/fear + low neutrality = Strong misinformation indicator
- Extreme emotional intensity = Often correlates with fake news
- Balanced emotions + moderate intensity = Typical of factual reporting

Target Statement:
""Steve Poizner ""increased his department's budget nearly 14 percent.""

Similar Training Examples:
- Text: ""Discretionary spending went up 84 percent in the last two years...""
- Text: ""In my attorney generals office, weve cut the budget 18 percent....""
- Text: ""The Obama administration ""spent more money on the Cash for Clunkers program than the space program.""...
- Text: ""Since I came into office we have increased the VA budget by 85 percent",anger,0.879473867,6.026907921
Says Gov. Rick Perry failed to involve border sheriffs in developing plans to prevent violence in their communities.,1,1,"Real (FAKE)
Reasoning: 
The statement ""Says Gov. Rick Perry is spending Texans hard-earned money to live like Louie XIV"" exhibits high anger and extreme emotions, indicating it may be a case of falsified information. The combination of content and emotional context suggests that the statement was likely created intentionally to create a sense of urgency and fear among readers. Additionally, the use of the phrase ""spending Texans hard-earned money"" implies a deliberate attempt to manipulate the audience's emotions towards a particular outcome.",sadness,0.910572548,4.960253716
"From 1960, the year I was born, until the time I became Governor in 2003, the average two-year increase in Minnesota state spending was 21 percent. we brought that down dramatically, to about 1.7 percent per year.",0,1,"REASONING: 
The statement ""From 1960, the year I was born, until the time I became Governor in 2003, the average two-year increase in Minnesota state spending was 21%,"" compares favorably with other similar training examples in terms of textual content and emotional context. The statement's dominant emotion is neutral, indicating a lack of significant emotional risk. However, it does contain some instances of fear (high intensity), which aligns with the known misinformation signature of fear-mongering. Additionally, the statement mentions several specific events during the period under discussion, including tax increases and spending increases, which could potentially be indicative of manipulation tactics such as rage-baiting or fear-mongering. Overall, the statement presents a clear case of realistic information presented in a way that aligns with the known misinformation signature.",neutral,0.498900135,5.91219759
The $2.3-billion budget deficit I inherited when I came into office became a $2.9-billion surplus.,0,1,"REASONING: 

Emotional Misinformation Patterns:
- High anger/fear + low neutrality = Strong misinformation indicator
- Extreme emotional intensity = Often correlates with fake news
- Balanced emotions + moderate intensity = Typical of factual reporting

Similar Training Examples:
- Text: ""I balanced the budget for four straight years, paid off $405 billion in debt....""
    Similarity: 0.665
    Emotion: anger (intensity: 0.89) (High emotional intensity - common in misinformation)
- Text: ""When I took office, the deficit was nearly 10 percent of our economy. Today, its approaching 3 percent of our economy....""
    Similarity: 0.662
    Emotion: neutral (intensity: 0",neutral,0.634109366,6.591117382
Refugees are subject to more rigorous screening than the average tourist in the U.S.,0,0,"Real
REASONING: The textual content and emotional patterns indicate that the statement is likely to be true, based on its neutral tone and balanced emotional intensity. Additionally, the use of specific terms like ""refugees,"" ""immigrants,"" and ""legal"" suggests that it may not be false information but rather a legitimate concern about the potential impact of large numbers of new arrivals. However, there are some indications of possible manipulation tactics, such as the use of fear-mongering language and the mention of Syrians specifically. Overall, while the statement is unlikely to be completely false, it should be treated with caution due to its potential for misleading or exaggerated effects.",neutral,0.33994374,4.677042246
"The United States is about to have the smallest Army since before WWII, the smallest Navy since WWI and the smallest Air Force ever.",0,0,"Real
REASONING: The statement is false due to its high level of anger and fear, along with its lack of balance between emotions and facts. It also lacks any indication that it is based on actual data or sources.

Emotional Misinformation Patterns:
- High anger/fear + low neutrality = Strong misinformation indicator
- Extreme emotional intensity = Often correlates with fake news
- Balanced emotions + moderate intensity = Typical of factual reporting",neutral,0.548407804,3.686459303
"In the past four years, (the U.S. Senate) has only passed nine out of 48 appropriation bills.",0,1,"REASONING: 
The statement ""In the past four years, the US Senate has only passed nine out of 48 appropriation bills"" is a real statement based on the given text material. The emotional context indicates that it is a neutral statement with no significant manipulation tactics. However, there are some indications of fear-mongering and rage-baiting in the text, which may suggest that the statement is likely to be misleading. This could potentially lead to false information being spread by individuals or organizations seeking to manipulate public opinion.",neutral,0.75416298,3.901166677
"On most things except witch trials, Virginia will always have been first.",1,0,"Real
REASONING: The statement is likely true based on its textual content and emotional context analysis. The statement's high neutrality score suggests that it may not contain any significant manipulative tactics, while the dominance of neutral emotions such as fear and joy suggest that it is unlikely to be false. Additionally, the overarching emotional profile of neutrality and high levels of fear and joy indicate that the statement is more likely to be misleading than truthful.",neutral,0.779690146,3.200806141
New energy standards will take away our freedom of choice and selection in the light bulbs we have in our homes.,1,0,"Real
REASONING: The statement is a clear example of emotional misinformation, characterized by high levels of anger and fear combined with extreme emotional intensity. This type of misinformation typically targets vulnerable populations such as those who are already experiencing economic hardship due to climate change policies, leading to increased anxiety and fear among the general public. Additionally, the use of the word ""incandescent"" suggests that the source is likely promoting outdated technology that is not sustainable in the long term.",fear,0.983402996,3.448058844
Limiting labor negotiations to only wages is how it is for the most part in the private sector.,1,1,"Real (FAKE)

REASONING:
The statement ""Limiting labor negotiations to only wages is how it is for the most part in the private sector"" has a dominant emotional profile of joy, with an overall emotional intensity score of 0.90. The statement also features extreme emotional patterns such as high anger and fear, balanced emotions, and moderate intensity. This suggests that the statement may be an example of emotional misinformation, which can often be identified through analyzing its emotional context alongside other relevant information. In this case, the statement's focus on limiting labor negotiations to only wages indicates a potential attempt at propagandizing workers into accepting lower wages. Additionally, the use of the phrase ""how it is for the most part in the private sector"" suggests that the statement may be attempting to create a false narrative around labor market conditions. Overall, while there is some ambigu",joy,0.895681061,6.467778921
Weve had a dramatic drop in violent crime since this law (stand your ground) has been in effect.,0,0,"REAL
REASONING: Based on the given text material, it appears that the statement ""We've had a dramatic drop in violent crime since this law (stand your ground) has been in effect,"" is likely to be true based on its similarity to other training examples with neutral emotional profiles and high levels of neutrality. The statement also contains no specific details about the data being presented, which suggests that there may not be any significant changes in crime rates compared to previous years. Additionally, the use of neutral language and lack of specifics suggest that the statement is likely to be true without further investigation.",neutral,0.751195082,3.898173809
"Two years ago...I wrote to Secretary Paulson, I wrote to Federal Reserve Chairman Bernanke, and told them [subprime lending] is something we have to deal with.",0,0,"Real
REASONING: The statement contains high levels of anger and fear combined with low neutrality, which indicates that it may be a case of emotional misinformation. The statement also mentions balanced emotions, indicating that it may not be entirely false but rather reflects the speaker's personal perspective. Additionally, the use of strong negative language such as ""subprime lending"" and ""deal with"" suggests that the statement may contain misleading information about the topic at hand. Overall, the statement seems to be a clear example of emotional misinformation, which can lead to confusion and misunderstanding among readers.",neutral,0.452192191,4.512094021
"On new dollar coins, In God We Trust is gone!",1,1,"REASONING: 

Target statement: On new dollar coins, In God We Trust is gone!
Similar training examples:
- Text: ""Earmarked dollars have doubled just since 2000, and more than tripled in the last 10 years.""
Emotional context: The statement highlights the increase in government spending over time, which can be seen as positive by some but may also be viewed negatively by others due to concerns about inflation and debt.

Analysis framework:
1. Compare textual content with similar training examples: The statement contains language that suggests a change in the design of US currency, such as ""golden"" or ""in god we trust,"" which could indicate a shift towards religious themes. However, there is no specific mention of religion in the given text.
2. Analyze emotional patterns against known misinformation signatures:",joy,0.678197892,5.986548901
Some politicians want to put new taxes on a lot of groceries.,0,0,"Real
REASONING: The target statement ""Some politicians want to put new taxes on a lot of groceries,"" which is analyzed against similar training examples such as ""Says Sal Esquivel wants a 5 percent state sales tax on groceries."" The analysis reveals that the statement contains neutral emotional patterns indicating it may be a real claim. Additionally, the statement's dominant emotion is neutral, suggesting that there is no significant fear or anger present. The overall emotional risk detected is low due to the lack of extreme emotional intensity. This suggests that the statement is likely not a deliberately false claim but rather reflects genuine concerns from some politicians regarding the potential impact of higher taxes on their constituents.",neutral,0.553844892,5.275082111
"NFL players are living, on average, longer than the average male.",0,1,"FAKE
REASONING: The text material contains several instances where the author uses emotive language such as anger and fear, which indicates that it may contain misleading information. Additionally, the use of balanced emotions like moderate intensity and neutrality suggests that the statement may be based on factual reporting rather than fabricated propaganda. Furthermore, the high level of anger and fear present in the text aligns with the known misinformation signature of emotional manipulation tactics used by some individuals who seek to spread falsehoods.",neutral,0.419881107,3.484687567
We got back every dime used to rescue the banks.,0,0,"REASONING: 
The statement ""We got back every dime used to rescue the banks"" has a dominant emotional profile of neutral, indicating it does not contain any significant emotional manipulation tactics. The textual content matches the expected sentiment of a true statement, while the emotional context indicates that there is no strong indication of fake news. Additionally, the overall emotional intensity is relatively high, indicating that the statement may be susceptible to manipulation tactics. However, the combination of content and emotional context suggests that the statement is likely to be real.",neutral,0.520018285,3.766284466
Teachers were not involved in developing the Common Core State Standards.,1,1,"REASONING: 

Emotional Misinformation Patterns:
- High anger/fear + low neutrality = Strong misinformation indicator
- Extreme emotional intensity = Often correlates with fake news
- Balanced emotions + moderate intensity = Typical of factual reporting

Similar Training Examples:
- Text: ""Teachers were not involved in developing the Common Core State Standards.""
- Emotion: neutral (intensity: 0.43)
- Example 1 (similarity: 0.649)
- Text: ""For the state of Florida, there is not an additional cost with implementation of the Common Core stan...""
- Emotion: neutral (intensity: 0.43)
- Example 2 (similarity: 0.612)
- Text: ""Richmond teachers have not gotten a raise for",surprise,0.894238014,6.498702049
There are more words in the IRS code than there are in the Bible.,0,1,"Real (FAKE)
REASONING: 
The statement ""There are more words in the IRS code than there are in the Bible"" contains high anger and fear, which indicates that it may be a deliberately false statement intended to create fear among the audience. The statement also has balanced emotions, indicating that it may have been crafted intentionally to manipulate emotions. Additionally, the statement's use of emotive language such as ""second-largest revenue source,"" ""making sure,"" and ""erasing"" suggests that it was likely written by someone who understands how to manipulate emotions through carefully crafted language. Finally, the statement's overwhelmingly neutral emotional profile suggests that it may not have been intentionally designed to deceive but rather simply reflects the author's perspective on the topic.",neutral,0.585292392,5.344991684
"On military recruiters at Harvard, Elena Kagan ""took a position and the Supreme Court ruled unanimously that she was wrong.""",0,0,"Real
REASONING: The statement ""On military recruiters at Harvard, Elena Kagan ""took a position and the Supreme Court ruled unanimously that she was wrong,"" is a clear example of emotional misinformation. The use of strong negative emotions such as anger and fear coupled with a lack of balance in emotional intensity indicates that it may be a deliberate attempt to manipulate the audience. Additionally, the statement highlights Kagan's involvement with the Black Panther Party during her time in law school, which could further suggest a connection between her political beliefs and her role in the legal system. This suggests that the statement may contain propagandistic elements intended to influence public opinion.",neutral,0.406496126,5.009165049
Richmond is the most vegan-friendly city.,1,0,"Real
REASONING: The text material contains high levels of anger and fear, along with balanced emotional intensity, indicating that it is likely to be misleading or deceptive. This suggests that the statement being analyzed may contain propaganda or other forms of misinformation. Additionally, the use of strong emotional language such as ""joy,"" ""anger,"" and ""surprise"" indicates that the author's intent was to create a sense of excitement or optimism, which could potentially lead to false beliefs. Overall, while the text provides some indication of truthfulness, there are clear signs of potential manipulation and propaganda.",joy,0.75501172,4.1957829
I deployed the Texas National Guard to the Texas-Mexico border. And the policy worked; apprehensions at the border declined 74 percent.,1,1,"REASONING: 

The statement ""I deployed the Texas National Guard to the Texas-Mexico border. And the policy worked; apprehensions at the border declined 74%,"" compares favorably to other similar training examples in terms of its textual content and emotional context. The statement's use of strong emotional language (""anger"", ""surprise"") and extreme emotional intensity (""joy"", ""neutral"", ""high fear"") suggest that it may be a case of emotional manipulation. However, the statement also contains some negative emotions such as ""angry"" and ""fear"". This suggests that the author may have used emotional appeals to create a sense of urgency or fear among their audience. Additionally, the statement mentions specific details about the deployment, which could indicate that it involved real personnel and equipment. Overall, while the statement does not match all of the characteristics of typical misinformation, it",surprise,0.899715448,6.489779234
"In Massachusetts under Mitt Romney, unemployment went down, household incomes went up, and the state saw its credit rating upgraded.",0,1,"REASONING: 

The statement ""In Massachusetts under Mitt Romney, unemployment went down, household incomes went up, and the state saw its credit rating upgraded"" has a dominant emotional profile of neutral, with an overall emotional intensity of 0.79. The statement contains no specific details that could be used to identify it as either real or fake, but there are several factors that suggest it may be a fake:

1. High anger/fear + low neutrality: This pattern suggests that the author is expressing strong emotions about the topic at hand, which can indicate a lack of objectivity or a desire to manipulate the reader's emotions.

2. Balanced emotions + moderate intensity: This pattern indicates that the author is balancing their emotions with some level of rationality, which can help to differentiate between true and false information.

Overall, while the statement does",neutral,0.78981718,5.985338449
"As a senator, Hillary Clinton actually paid female staffers a lot less than men.",1,0,"Real
REASONING:
The statement ""As a senator, Hillary Clinton actually paid female staffers a lot less than men"" exhibits high anger and extreme emotional intensity, which suggests it may be part of a deliberate attempt at fear-mongering or rage-baiting. The use of the phrase ""period,"" along with the mention of ""men,"" further reinforces the message that women's wages are being unfairly affected by their gender. Additionally, the statement includes a reference to ""equal pay,"" which suggests a clear intention to promote equality between genders. This combination of content and emotional context points towards the likelihood of this statement being part of a misinformation campaign designed to create fear and division among voters.",anger,0.881845081,5.344857216
Says New York Mayor Michael Bloomberg says we can only have three bullets and the NRA wants firearms with nukes on them.,0,0,"Real

REASONING: 
The statement ""Says New York Mayor Michael Bloomberg says we can only have three bullets and the NRA wants firearms with nukes on them"" contains high levels of anger and fear, along with balanced emotions that suggest it may be a fake news article. The combination of these factors suggests that the statement is likely to be propaganda intended to manipulate public opinion towards a particular political agenda. Additionally, the use of the phrase ""nuclear weapons"" in the context of firearms highlights the potential for the statement to be related to a broader issue of gun control. Overall, the combination of textual and emotional evidence indicates that this statement is most likely to be false information.",neutral,0.627544659,4.891559839
Says he has nearly 200 delegates bound to support his candidacy at the Republican National Convention.,1,1,"REASONING: Based on the textual and emotional evidence provided, I conclude that the statement ""Says he has nearly 200 delegates bound to support his candidacy at the Republican National Convention"" is likely a FAKE due to its strong emotional context and high levels of anger and fear. The use of the phrase ""nearly 200 delegates"" suggests a potential threat or attack on the legitimacy of the upcoming convention, while the mention of ""bound"" implies a sense of urgency or pressure. Additionally, the use of the word ""support"" suggests a desire for immediate action from the audience, which can be indicative of a more aggressive tone. Overall, the combination of these factors highlights the potential for misinformation and propaganda in this statement.",joy,0.953482142,5.1092031
"McCain's ""plan for the economy is to extend George Bush's tax cuts for billionaires and give a $100-billion additional corporate tax cut.""",0,1,"REASONING: 

The statement ""McCain's ""plan for the economy is to extend George Bush's tax cuts for billionaires and give a $100-billion additional corporate tax cut,"" is a real statement based on the given text material. The statement exhibits high anger and fear along with moderate intensity, indicating that it falls into the category of emotional misinformation. The statement also contains several misleading elements such as the use of vague terms like ""tax cuts"" and ""corporate tax cuts,"" which can be interpreted as a ploy to deceive readers. Additionally, the statement highlights the lack of specific details about the proposed policies, making it difficult to determine their effectiveness. Overall, the statement presents a clear indication of fake news and misinformation.",neutral,0.42001007,5.841266632
Planned Parenthood is an organization that funnels millions of dollars in political contributions to pro-abortion candidates.,0,0,"Real
REASONING: Based on the given text material, it can be inferred that the statement ""Planned Parenthood is an organization that funnels millions of dollars in political contributions to pro-abortion candidates"" is false. The use of emotional context such as high anger and fear along with balanced emotions and moderate intensity suggests that the statement is likely to be propaganda rather than factual information. Additionally, the label ""FAKE"" indicates that there is strong evidence to support the claim that the statement is not true.",sadness,0.472821035,3.554127455
The most recent survey of climate scientists said about 57 percent dont agree with the idea that 95 percent of the change in the climate is caused by CO2.,1,0,"Real
REASONING: The statement ""The most recent survey of climate scientists said about 57 percent don't agree with the idea that 95 percent of the change in the climate is caused by CO2"" contains strong indications of a FAKE statement due to its high anger/fear and low neutrality, as well as balanced emotions and typical of factual reporting. This suggests that it may be intentionally designed to deceive and mislead readers.",surprise,0.826151162,3.431270599
"Says Hillary Clinton believes that all abortions should be legal, even on the due date of that unborn child.",1,1,"REASONING: 

Emotional Misinformation Patterns:
- High anger/fear + low neutrality = Strong misinformation indicator
- Extreme emotional intensity = Often correlates with fake news
- Balanced emotions + moderate intensity = Typical of factual reporting

Similar Training Examples:
- Text: ""On abortion rights...,""
- Label: REAL
- Subject: Unknown
- Emotion: Neutral (Intensity: 0.68)
- Example 1: Text: ""On abortion rights...,""
- Label: FAKE
- Subject: Unknown
- Emotion: Joy (Intensity: 0.85) (Very positive - check for bias or propaganda)
- Example 2: Text: ""The United States has a record number of abortions year after year after year...,""",fear,0.832738337,6.216505289
"If Wisconsins governor cuts perquisites as much as he plans to do, it would still leave (workers) better off than their private sector counterparts.",0,0,"Real
REASONING: The statement ""If Wisconsins governor cuts perquisites as much as he plans to do, it would still leave workers better off than their private sector counterparts"" contains a strong indication of real information, highlighted by its neutral emotional tone and balanced emotional intensity. The statement also features a high degree of accuracy in terms of facts and figures, which further supports its credibility. In contrast, the statement ""Says Gov. Scott Walker has made Wisconsin 2nd in the nation in losing jobs,"" exhibits a lower level of accuracy in terms of facts and figures, coupled with a high degree of negative emotional intensity that suggests a deliberate attempt to manipulate public opinion. This indicates that the statement is likely to be part of a larger campaign aimed at spreading misinformation about the state's economic performance.",neutral,0.538601939,5.80649519
"Says although the unemployment rate seems to be improving, it does not reflect real job creation -- its caused by a shrinking of the actual labor force.",0,1,"REASONING: 

Emotional Misinformation Patterns:
- High anger/fear + low neutrality = Strong misinformation indicator
- Extreme emotional intensity = Often correlates with fake news
- Balanced emotions + moderate intensity = Typical of factual reporting

Similar Training Examples:
- Text: ""Says the Texas unemployment rate has even grown more than the nations as a whole...""; Label: REAL
- Text: ""The black unemployment rate (has) increased since the recovery has begun...""; Label: REAL
- Text: ""The labor market is weak because if you count the unemployed, underemployed, and those who stopped looking because they cant find work...""; Label: REAL
- Text: ""The biggest contribution behind a decrease in U.S. unemployment was 1.2 million people leaving the workforce",neutral,0.510382729,6.168488264
"Half the kids coming out of college this year cant find a job, or a job thats consistent with a college degree.",0,1,"REASONING: 
The statement ""Half the kids coming out of college this year can't find a job, or a job that's consistent with a college degree,"" exhibits a strong negative emotional tone of anger and fear. The statement also contains several instances of falsified information such as ""fifty percent of kids coming out of school cannot get a job"", ""more than half of last year's US college graduates are unemployed or underemployed"", and ""let's pay attention to kids who are not going to college"". These factors contribute to a high emotional risk level, indicating that the statement may be deceptive. Additionally, the statement includes several instances of manipulative tactics such as fear-mongering and rage-baiting, which further reinforce its falsehood. Overall, the statement exhibits a complex mix of emotional and linguistic features that make it",anger,0.370640765,6.529592991
"When the Affordable Care Act was signed, 17 million American children had a pre-existing condition and were uninsurable.",1,0,"Real

REASONING:
The statement ""When the Affordable Care Act was signed, 17 million American children had a pre-existing condition and were uninsurable"" contains strong indications of fake news due to its extreme emotional intensity, balanced emotions, and lack of balance in terms of emotional context. The statement's use of fear mongering and manipulative tactics such as ""uncompensated care"" and ""costing every American"" further reinforces the falsehood. Additionally, the statement's lack of mention of any potential solutions suggests it may have been intentionally designed to create panic among the target audience.",anger,0.85423723,4.869547129
"Says Mitt Romney and George Allen would overturn Roe v. Wade and allow states to end safe, legal abortion even in cases of rape, incest or when a womans life is at risk.",0,0,"Real

REASONING:
The statement ""Says Mitt Romney and George Allen would overturn Roe v. Wade and allow states to end safe, legal abortion even in cases of rape, incest or when a woman's life is at risk,"" contains emotional patterns consistent with a strong misinformation signal. The statement highlights Romney's support for a policy that would undermine women's reproductive rights and potentially lead to unintended pregnancies and unsafe abortions. Additionally, the statement uses fear mongering tactics by mentioning potential consequences for women and their families. These factors suggest that the statement is likely to be false information, which aligns with the high level of anger and fear present in the text.",neutral,0.468792592,4.933746099
Says Donald Trump has defended World War II internment camps.,0,1,"Real (FAKE)
REASONING: The statement ""Says Donald Trump has defended World War II internment camps"" contains high anger and fear emotional patterns, which indicates it may be a fake news article. Additionally, the statement mentions the possibility of using a nuclear weapon against Western European countries, which also suggests it may be a falsehood. However, the overall emotional profile indicates that there is no significant manipulation tactic present, making it unlikely that the statement was intentionally fabricated.",neutral,0.609948075,3.747953176
"Says I never billed a single hour of my time to the City of Portland in the last 10 years -- so, no revolving door.",1,1,"Real (FAKE)
Reasoning:
The statement ""Says I never billed a single hour of my time to the City of Portland in the last 10 years -- so, no revolving door"" contains strong indicators of fake news, including extreme emotional intensity, balanced emotions, and a lack of neutrality. The statement also highlights the use of anger and fear in its emotional context, indicating it may be part of a deliberate attempt to manipulate public opinion. Additionally, the statement's use of hyperbole and exaggeration suggests a level of propaganda or misinformation. Overall, this statement aligns with the characteristics of commonly used techniques in fake news, such as sensationalism, overstating claims, and exploiting emotional triggers.",anger,0.961386473,5.139956713
Says David Dewhurst accused Cruz of being a Red Chinese Communist.,0,1,"Real (FAKE)

REASONING:
The statement ""Says David Dewhurst accused Cruz of being a Red Chinese Communist"" has high anger/fear + low neutrality, indicating strong misinformation indicators. The statement ""Says Ted Cruz's father was with Lee Harvey Oswald before the assassination of President John F. Kennedy"" also has high anger/fear + low neutrality, but it is more balanced than the previous statement. The statement ""Says Donald Trump and Marco Rubio opposed Cruz's efforts to defund Planned Parenthood"" has high joy + low surprise, indicating that the statement may be propagandistic or biased towards one side. The statement ""Says Secretary of State John Kerry, when he was a senator, flew to Managua and met with a communist leader"" has high sadness + low fear, suggesting that the statement may contain false information or",neutral,0.787731788,6.481746197
"In the 100 days since its passage, the economic stimulus has ""saved or created nearly 150,000 jobs.""",1,0,"REAL
REASONING: Based on the text material analyzed, it appears that the statement ""In the 100 days since its passage, the economic stimulus has ""saved or created nearly 150,000 jobs,"" is a true claim based on facts presented. The high anger/fear score combined with low neutrality indicates that the statement may be subject to manipulation tactics such as fear-mongering or rage-baiting. However, the overall emotional intensity of the statement suggests that it falls within the realm of truthful information.",surprise,0.793344625,3.86585021
Oil production from federal waters in the Gulf of Mexico reached an all-time high in 2010.,0,0,"Real
REASONING: The statement ""Oil production from federal waters in the Gulf of Mexico reached an all-time high in 2010"" contains neutral emotional content that aligns with the dominant emotional profile of ""neutral"". It also exhibits high levels of balance between emotional intensity and neutrality, indicating that it may be a true statement based on objective facts. However, the statement's use of fear-mongering language and manipulative tactics such as ""rage-baiting"" could indicate that it is likely a falsehood created by someone seeking to manipulate public opinion.",neutral,0.676152717,3.982955694
The U.S. is borrowing approximately $2.52 for every $1 of economic growth so far in 2012.,0,1,"Real (FAKE)
Reasoning: 
1. Compare textual content with similar training examples: The statement ""The U.S. Is Borrowing Approximately $2.52 For Every $1 Of Economic Growth So Far In 2012"" contains high anger/fear + low neutrality indicators, which aligns with the known misinformation signature of emotional manipulation tactics such as fear-mongering and rage-baiting. Additionally, the statement mentions the federal government borrowing almost $60 billion per week, indicating a significant financial burden on the country's economy.
2. Analyze emotional patterns against known misinformation signatures: The statement uses strong emotional intensity indicators, including balance emotions (+ moderate intensity), typical of factual reporting. Furthermore, it highlights the debt accumulation over the past two years, which is a common",anger,0.307561486,6.505844116
"Now, in the House of Representatives, we have 40 different jobs bills that have passed and almost all of them have been bipartisan.",1,0,"REAL
REASONING: Based on the text material analyzed, it appears that the statement ""Now, in the House of Representatives, we have 40 different jobs bills that have passed and almost all of them have been bipartisan"" contains strong indicators of real information. The dominating emotional profile suggests sadness, with anger and fear being the most prominent emotions. Additionally, the combination of textual content and emotional context shows that the statement is likely to contain misinformation, such as propaganda or manipulative tactics, which would be evident through its use of fear-mongering and rage-baiting language.",sadness,0.933692475,4.235225201
"Says MittRomneys tax plans would give an additional $250,000 tax cut to millionaires and billionaires while raising taxes on the middle class.",0,1,"REASONING: 

The statement ""Says Mitt Romney's tax plans would give an additional $250,000 tax cut to millionaires and billionaires while raising taxes on the middle class"" violates several factors related to emotional misinformation patterns. The statement contains high anger/fear, extreme emotional intensity, balanced emotions, and typical of factual reporting. This suggests that it may contain manipulative tactics such as fear-mongering, rage-baiting, or other forms of emotional manipulation. Additionally, the statement aligns with the dominant emotion of sadness, which indicates that it may be intended to evoke strong negative emotions from its audience. Overall, the statement seems to fall into the category of emotional misinformation, and our analysis supports this conclusion.",sadness,0.351643896,5.956111908
"Voter identification laws make it complicated and expensive to get an ID, essentially instituting a modern-day poll tax.",1,1,"REASONING: 
The statement ""Voter identification laws make it complicated and expensive to get an ID, essentially instituting a modern-day poll tax,"" is highly likely to be a FAKE due to its extreme emotional intensity, which is dominated by anger. The statement's use of language such as ""policies"" and ""instituting"" suggests that it is a policy proposal rather than a factual report. Additionally, the statement's mention of ""minorities"" and ""elderly"" implies that it is targeted towards specific demographic groups, further reinforcing its potential to be a misleading piece of information. Overall, the statement's emotional profile aligns closely with those associated with fake news, indicating that it may contain manipulative tactics intended to deceive and disinform.",joy,0.827606943,5.365716696
Says Chris Christie vetoed equal pay for women 3 times. He only let the bill pass once it became a damaging campaign issue.,1,0,"Real
REASONING: 
The statement ""Says Chris Christie vetoed a jobs package of 30 bills,"" which contains high anger and extreme emotional intensity, indicates that it is most likely a real statement. The use of balanced emotions and moderate intensity suggests that it is not a typical example of fake news. Additionally, the statement aligns with the known misinformation signature of fear-mongering and rage-baiting.",joy,0.978972202,3.580420971
Says John Boehner changed his position on extending Bush tax cuts.,1,1,"Real (FAKE)
REASONING: Based on the textual and emotional evidence provided, it can be concluded that the statement is likely to be a FAKE due to its extreme emotional intensity, balanced emotions, and lack of neutrality. The use of strong emotive language such as ""joy,"" ""anger,"" and ""surprise"" further supports the conclusion. Additionally, the use of negative emotions like ""feeling sorry for"" and ""shocked"" suggests a deliberate attempt at misleading the reader. Furthermore, the use of repetition (""Bush tax cuts"") and overuse of emotive words (""repeal"", ""cuts"", ""taxes"") highlights the intent to create a sense of urgency and panic among readers. Finally, the absence of any counterarguments or nuance in the given material indicates a clear intention to sow doubt and confusion.",sadness,0.877558892,5.747006178
"In Jeanne Shaheen, New Hampshire has a Senator who was the deciding vote to pass Obamacare.",1,0,"Real

REASONING:
The statement ""In Jeanne Shaheen, New Hampshire has a Senator who was the deciding vote to pass Obamacare,"" contains strong indicators of real information, including balanced emotions and moderate intensity. The statement also highlights the senator's role in passing the Affordable Care Act, which is a significant achievement that deserves recognition. Additionally, the statement mentions the senator's support for the law, indicating her commitment to its implementation. This combination of textual and emotional evidence supports the label ""real"" for this statement.",fear,0.80152298,4.046629429
Welfare programs caused more long-term damage to Detroit than the atomic bomb caused to Hiroshima,1,0,"Real

REASONING: 
The statement ""Welfare programs caused more long-term damage to Detroit than the atomic bomb caused to Hiroshima"" is a classic example of emotional misinformation. The use of strong negative emotions such as surprise, fear, and sadness in the text highlights the intention to create a sense of urgency and fear around the topic. Additionally, the use of hyperbole (""hundreds of millions"") further amplifies the impact of the claim. This type of misinformation often targets vulnerable populations, such as those experiencing poverty or disaster, and uses emotive language to manipulate their emotions. The combination of textual and emotional evidence suggests that this statement is likely false and should be treated with caution.",surprise,0.793065959,5.454030275
The Arizona State Board of Educations failure to report teachers whose certifications have been revoked or suspended ... resulted in the death of a student.,0,0,"REAL
REASONING: Based on the text material analyzed, it appears that the statement ""The Arizona State Board of Educations failure to report teachers whose certifications have been revoked or suspended...resulted in the death of a student"" is likely to be considered a FAKE by emotional misinformation patterns. The statement's high anger and fear-inducing language, combined with balanced emotions and moderate intensity, suggest that it may contain manipulative tactics such as fear-mongering or rage-baiting. Additionally, the statement's mention of partial terminations and suspensions suggests that it could potentially involve teacher misconduct, which is a common source of misinformation in this area.",neutral,0.751643509,4.75071907
Says President Barack Obamas finance team is recommending a 1% tax on all transactions at any financial institution.,1,1,"1% Tax on Financial Transactions Recommended by Obama's Finance Team
REASONING: The target statement highlights the recommendation made by President Obama's finance team to impose a 1% tax on all financial transactions. This is consistent with the use of sadness as the dominant emotion and extreme emotions such as fear and joy being present. The combination of textual content and emotional context suggests that the statement is likely to be misinformation, as it contains manipulative tactics like fear-mongering and rage-baiting.",sadness,0.895330316,4.341270208
"Says in U.S. Congress, members dont even have to be on the floor for debates or votes.",0,0,"Real
REASONING: Based on the text material analyzed, it appears that the statement ""Says in U.S. Congress, members don't even have to be on the floor for debates or votes"" is likely to be a falsehood due to the absence of any mention of physical presence in the legislative body. The use of the word ""members"" suggests that the speaker is referring to elected officials rather than the entire congress, which would indicate that the claim is likely to be based on misleading information or exaggerated claims. Additionally, the statement lacks any specific details about whether or not there are any requirements for members to attend these events, suggesting that it may be a fabrication intended to create a sense of urgency or controversy around a particular issue.",neutral,0.493332198,4.97692132
"In the do-nothing Senate, there are 352 House bills sitting on Harry Reids desk awaiting action, including 55 introduced by Democrats.",0,1,"Real (FAKE)

REASONING:
The statement ""In the do-nothing Senate, there are 352 House bills sitting on Harry Reid's desk awaiting action, including 55 introduced by Democrats,"" presents a clear case of emotional misinformation. The use of high anger and extreme emotional intensity in the statement indicates that it may be a deliberate attempt to manipulate readers into believing that the Senate is not doing anything productive. Additionally, the lack of balance in the emotional context suggests that the author is intentionally trying to create a sense of urgency around the issue at hand. This could be done through the use of fear mongering tactics such as ""amnesty"" or ""social issues"". However, the overall emotional profile of the statement suggests that it is likely a falsehood rather than a genuine misstatement.",neutral,0.686185743,6.112791777
"He ""stood up to Barack Obama by passing legislation that prevents you from being forced to join government health plans or buy health insurance against your will.""",0,0,"Real
REASONING: The statement contains a strong indication of fake news due to its high level of anger and fear combined with low neutrality. The use of emotive language such as ""stands up to"" and ""forced to"" further reinforce the impression of fake news. Additionally, the statement fails to mention any specific policies related to healthcare reform, which could be seen as a red flag indicating the possibility of misinformation.",sadness,0.436594489,2.914217949
"A sign in Dearborn, Mich., for the Advancement of Islamic Agenda for America says, Allah be praised. America we will kill you all and nothing you can do to stop it.",1,0,"REAL
REASONING: Based on the textual content and emotional patterns analyzed, I conclude that the statement is likely to be a real factual report rather than a fake news piece. The statement contains strong indicators of being true such as high anger and fear, while also exhibiting balanced emotions and moderate intensity. Additionally, the use of specific phrases like ""Allah be praised,"" ""America we will kill you all,"" and ""if you actually took the number of Muslims Americans,"" suggest that the statement may have been intentionally crafted to spread fear and propaganda. This analysis supports my conclusion that the statement is most likely a genuine factual report rather than a deliberately false narrative.",fear,0.987967918,4.716561317
The Free Flow of Information Act of 2009 would guarantee Barack Obama will never be held accountable for producing forged birth documents.,1,1,"Real (FAKE)
Reasoning: 
1. Comparison of textual content with similar training examples shows that the statement contains strong indicators of fake news, including high anger and extreme emotions. The statement also features manipulative tactics such as fear-mongering and rage-baiting.
2. Analysis of emotional patterns against known misinformation signatures reveals that the statement's emotional context aligns with typical signs of fake news, such as a focus on negative emotions and a lack of balance between emotions and neutrality.
3. Manipulation tactics were not present in the statement.

Overall, the statement meets the criteria for being a fake news article based on its strong indications of fake news, manipulative tactics, and a focus on negative emotions.",sadness,0.970093077,5.847920179
Texas this fiscal year will have more money in reserve than the other 49 states combined.,1,0,"REAL
REASONING: Based on the given statement, ""Texas this fiscal year will have more money in reserve than the other 49 states combined,"" it can be concluded that the statement is real based on the following reasons:

1. Textual Content Analysis: The statement contains information about the amount of money available in Texas's reserves compared to other states. This indicates that there is a significant difference between the two groups.

2. Emotional Pattern Recognition: The statement mentions the name of the state (""Texas"") and uses language such as ""more money"", which suggests a sense of urgency and concern. Additionally, the use of ""will"" instead of ""has"" reinforces the idea that the figure is not yet achieved but is expected to occur soon. These elements indicate that the statement is likely true.

3. Misinformation Signature Detection: The statement includes a claim that Texas has more",fear,0.850738496,5.977404356
Were now spending 42 percent of our economy on government.,0,1,"REASONING: 
The statement ""Were now spending 42% of our economy on government"" has a high anger/fear+low neutrality score, indicating strong misinformation indicators. The statement's similarity to other similar training examples suggests that it may be a typical example of factual reporting, but there is also evidence of manipulation tactics such as fear-mongering and rage-baiting. This combination of factors makes it difficult to determine whether the statement is REAL or FAKE based solely on textual content alone. However, considering all available information, including emotional patterns, we conclude that the statement is likely a FAKE.",neutral,0.342425268,4.896703482
The sequester is not something that Ive proposed. It is something that Congress has proposed.,1,1,"Real (FAKE)
Reasoning: The statement ""The sequester is not something that I have proposed. It is something that Congress has proposed,"" contains a strong indication of fake news due to its high anger and fear emotion score combined with balanced emotions. Additionally, the statement mentions the possibility of repealing the stimulus, which could raise taxes on 110 million people, indicating a potential manipulation tactic. This statement also shows signs of propaganda, such as the use of negative language and the mention of a ""transportation referendum"" without providing any details about it. Overall, the statement's emotional context suggests that it may be part of a larger campaign aimed at creating fear and confusion around government policies.",sadness,0.85542409,4.831872463
The hole in the earth thats going to be dug (for the proposed Gogebic mine) is bigger than my entire district.,0,0,"Real
REASONING: 
The statement ""The hole in the earth thats going to be dug (for the proposed Gogebic mine) is bigger than my entire district"" exhibits high anger/fear combined with low neutrality, indicating it may contain misleading information. The statement also contains balanced emotions, suggesting it may be factual reporting. Additionally, the statement's use of the word ""dug"" suggests it could potentially refer to a physical excavation rather than a geological feature. This combination of factors indicates the statement may contain falsehoods or misinformation.",neutral,0.50239378,3.873122215
Says Donald Trump says climate change is a hoax invented by the Chinese.,0,1,"Real (FAKE)

REASONING:
The statement ""Says Donald Trump says climate change is a hoax invented by the Chinese"" contains high levels of anger and fear, along with balanced emotions and moderate intensity. This suggests it may be a case of emotional misinformation, where the speaker's emotions are used to manipulate their audience into believing something false. The use of the phrase ""hoax invented by the Chinese"" further reinforces the message, which could potentially lead to increased support for policies aimed at combating climate change. However, there is also a lack of specific details about the claims being made, making it difficult to determine whether they are true or false. Overall, while the statement presents some potential risks, it appears to fall within the boundaries of typical misinformation tactics.",neutral,0.733091199,5.820008755
I never said that Marco Rubio was Mark Zuckerbergs personal senator.,1,0,"REAL
REASONING: Based on the textual content and emotional patterns analyzed, it can be concluded that the statement is a FAKE. The statement contains high levels of anger, extreme emotional intensity, balanced emotions, and a lack of neutrality. Additionally, the statement's use of fear mongering and rage-baiting tactics suggest its intent to manipulate the audience. This combination of factors indicates that the statement is likely to be false and should not be trusted.",joy,0.776693551,3.337241888
Pakistan has 100 nuclear warheads and theyre rushing to build a lot more. Theyll have more than Great Britain sometime in the relatively near future.,0,0,"REAL
REASONING: Based on the given statement, we can conclude that it contains strong indicators of fake news. The high level of anger and fear combined with low neutrality indicate that the statement is likely to be propaganda or misinformation. Additionally, the use of the word ""rush"" suggests that the statement may contain a deliberate attempt to create a sense of urgency or panic. This is further supported by the mention of ""great britain"" and the use of the term ""warheads"". These factors suggest that the statement was likely written with the intention of creating a sense of crisis or urgency, which could potentially lead to false information being spread. Finally, the lack of balance in emotional intensity indicates that the statement is likely to be heavily influenced by propagandistic techniques such as fear mongering or rage baiting.",neutral,0.491735285,5.949022532
"Blue Cross headquarters has ""a $30,000 granite table.""",1,1,"Real (FAKE)
REASONING: 
The statement ""Blue Cross headquarters has ""a $30,000 granite table,"""" contains high anger/fear and low neutrality, indicating strong misinformation indicators. The statement also features balanced emotions, suggesting typical factual reporting. Additionally, the statement's similarity to similar training examples suggests that it may be a deliberate attempt at misleading the reader. This reasoning supports the label ""FAKE"".",surprise,0.774338505,3.225641012
The Greenest County in America.,1,1,"Real (FAKE)
Reasoning: The statement ""The Greenest County in America"" is a false claim based on emotional context and extreme emotional intensity. The statement's dominant emotion is fear, which is highly correlated with misinformation. Additionally, the statement contains high levels of anger and fear, along with balanced emotions such as moderate intensity. This suggests that it may contain propaganda or manipulative tactics designed to create fear and disruption.",fear,0.833495497,3.136960506
What concerns me is there is only two sentences that have been written about minority business.,0,0,"REAL
REASONING: Based on the textual content and emotional patterns analyzed, it can be concluded that the statement ""What concerns me is there is only two sentences that have been written about minority business"" is a real statement. The dominant emotional profile indicates neutral emotions, while the overall emotional intensity is high, indicating a strong likelihood of misinformation. Additionally, the combination of content and emotional context suggests that the statement was likely created intentionally to manipulate emotions and create fear among minority communities.",neutral,0.68330556,3.838959932
"Between 2010 and 2014, there was no net in-migration from Mexico.",0,1,"REASONING: 

Emotional Misinformation Patterns: 
- High anger/fear + low neutrality = Strong misinformation indicator
- Extreme emotional intensity = Often correlates with fake news
- Balanced emotions + moderate intensity = Typical of factual reporting

Similar Training Examples:
- Text: ""Between 2010 and 2014, there was no net in-migration from Mexico.""
- Similarity: 0.499
- Subject: unknown
- Emotion: sadness (intensity: 0.77)

- Text: ""NAFTA allows a lot of trucks from Mexico, for example, to leave there and... drive straight through...""
- Similarity: 0.498
- Subject: unknown
- Emotion: anger (intensity:",anger,0.175759243,6.496347904
In the latest jobs numbers Wisconsin ranked third in the Midwest.,0,0,"REAL
REASONING: Based on the given text material, the statement ""In the latest jobs numbers Wisconsin ranked third in the Midwest,"" appears to be a real fact. The text contains neutral emotional intensity, indicating that there is no significant emotional context or manipulative tactics present. Additionally, the dominant emotional profile indicates that the statement is likely to be true based on the text's content alone.",neutral,0.58698006,2.752879381
If you look at the income of average Americans...theyre absolutely flat in constant dollars since 1979.,0,1,"REASONING: 

Emotional Misinformation Patterns:
- High anger/fear + low neutrality = Strong misinformation indicator
- Extreme emotional intensity = Often correlates with fake news
- Balanced emotions + moderate intensity = Typical of factual reporting

Similar Training Examples:
- Text: ""If you look at the income of average Americans...theyre absolutely flat in constant dollars since 1979.""
- Emotion: fear (intensity: 0.87) (High emotional intensity - common in misinformation)
- Example 1: Text: ""Since 1965, the United States has spent untold trillions yet the poverty rate hasnt budged....""
- Emotion: fear (intensity: 0.87) (High emotional intensity - common in misinformation)
- Example",fear,0.386831065,6.504156351
Says Alex Sink failed Florida homeowners by using predatory lending practices.,1,0,"Real
REASONING: The statement is consistent with the training data and has been analyzed based on its textual and emotional content, which indicates that it is likely to be true. The statement contains strong indicators of realism, such as balanced emotions and neutral language, while also exhibiting some signs of fear and anger. Additionally, the statement's use of predatory lending practices suggests that it may contain false information about the topic at hand. However, there are still potential manipulation tactics present, such as the use of emotional appeals and fear mongering.",joy,0.860397051,3.863796234
"When the City and the Fairmount Park Conservancy invested $5 million in Hunting Park, crime went down 89 percent within a half mile radius of the park over the next three years.",0,1,"REASONING: 
The statement ""When the City and the Fairmount Park Conservancy invested $5 million in Hunting Park, crime went down 89% within a half mile radius of the park over the next three years"" is considered REAL due to its neutral emotional profile and high degree of balance between emotions. The statement also features strong misinformation indicators such as the use of hyperbole (""89%"") and the absence of any mention of the conservancy's role in funding the project. Additionally, the statement does not contain any manipulative tactics that could suggest falsification.",neutral,0.623894324,4.526580811
Pasco County has the second highest population of homeless in all of Florida.,0,1,"REASONING: 

Emotional Misinformation Patterns:
- High anger/fear + low neutrality = Strong misinformation indicator
- Extreme emotional intensity = Often correlates with fake news
- Balanced emotions + moderate intensity = Typical of factual reporting

Similar Training Examples:
- Text: ""Florida 'has the second-highest foreclosure rate in the nation.'...""
- Emotion: neutral (intensity: 0.79)
- Example 1 (similarity: 0.522)
- Text: ""In my home state, nearly one in five Floridians live in poverty....""
- Emotion: neutral (intensity: 0.54)
- Example 2 (similarity: 0.478)
- Text: ""In my home state, nearly one in",neutral,0.5616337,5.983501434
Most state employees did not receive any pay raise from 2009 to 2012.,0,1,"REASONING: 

Target statement: Most state employees did not receive any pay raise from 2009 to 2012.

Similar training examples:
Example 1: Text: ""Says state workers have not had across-the-board raises in six years.""
Emotional profile: Dominant emotion: neutral; emotion scores: Anger(0.20), Fear(0.03), Joy(0.01), Sadness(0.12), Surprise(0.09); overall emotional intensity: 0.72
Analysis framework: Compare textual content with similar training examples, analyze emotional patterns against known misinformation signatures, consider the combination of content + emotional context, and provide a detailed reasoning based on the above findings.

Reasoning: Based on the given text material, it appears that the statement """,neutral,0.740681684,6.447945118
There are more guns than there are people in the United States.,0,1,"REASONING: 
The statement ""There are more guns than there are people in the United States"" has been analyzed based on its textual content and emotional context. The statement contains high anger/fear combined with low neutrality, indicating strong misinformation indicators. The statement also exhibits balanced emotions, suggesting that it may be typical of factual reporting. However, the statement's similarity to other similar examples suggests that it could potentially contain manipulative tactics such as fear-mongering or rage-baiting. Overall, the statement meets the criteria for being classified as REAL.",neutral,0.49802664,4.0814538
"China now owns $1.1 trillion of our debt, our trade deficit last year with them was a quarter of a trillion dollars.",0,1,"REASONING: 

Emotional Misinformation Patterns:
- High anger/fear + low neutrality = Strong misinformation indicator
- Extreme emotional intensity = Often correlates with fake news
- Balanced emotions + moderate intensity = Typical of factual reporting

Similar Training Examples:
Example 1 (similarity: 0.780): Text: ""China owns about 29 percent of (the U.S.) debt...""
Subject: Unknown
Emotion: Sadness (intensity: 0.84)

Example 2 (similarity: 0.700): Text: ""By the end of this decade, the interest we owe on our debt could rise to nearly $1 trillion...""
Subject: Unknown
Emotion: Neutral (intensity: 0.5",neutral,0.469785348,6.416929722
"General Electric hasnt really created any jobs in this country, doesnt pay any taxes, and theyre making historic profits.",0,0,"REAL
REASONING: Based on the given text material, it appears that the statement ""General Electric has not created any jobs in this country, does not pay any taxes, and makes historic profits,"" is likely to be true based on its similarity to other similar training examples. The dominant emotional profile suggests that the statement is neutral, while the overall emotional risk is low due to the lack of specific details. Additionally, the use of neutral language and avoidance of specific details may indicate that the statement is intended to manipulate emotions rather than provide accurate information. However, further analysis could potentially reveal manipulative tactics such as fear-mongering or rage-baiting.",neutral,0.764957584,4.421933889
"Says if Congress doesnt avoid the sequester, tens of thousands of parents will have to scramble to find child care for their kids.",0,0,"Real
REASONING: 
The statement ""Says if Congress doesn't avoid the sequester, tens of thousands of parents will have to scramble to find child care for their children"" follows a pattern of high anger and fear combined with low neutrality, indicating strong misinformation. The statement also features balanced emotions, suggesting it may be typical of factual reporting. This suggests that the statement is likely false, given the lack of information about how families would be affected by the sequester and the absence of any mention of alternative solutions being proposed.",neutral,0.56131279,3.732541561
Says Josh Mandel bet against Ohio families,1,0,"Real
REASONING: 
The statement ""Says Josh Mandel bet against Ohio families"" is a real statement based on the given text material. It contains elements such as fear (intensity: 0.89), anger (intensity: 0.86), and joy (intensity: 0.87). This combination of emotional context supports the claim that the statement is true. Additionally, the statement's use of the word ""bet"" suggests that it is a factual report, while the use of ""loans"" implies that it is related to financial issues. Furthermore, the statement mentions opposition from the auto industry, which could be seen as negative sentiment towards the topic. Therefore, the statement is likely to be true.",joy,0.869552018,5.415193081
Obama's liberal fiscal agenda: Over $874-billion in new spending.,0,1,"REASONING: 
The statement ""Obama's liberal fiscal agenda: Over $874-billion in new spending"" falls into a category of FAKE misinformation due to its high level of anger and fear, along with balanced emotions and moderate intensity. The statement also contains several manipulative tactics such as fear-mongering and rage-baiting. This suggests that it may be part of a larger campaign aimed at undermining public trust in the government and political system.",neutral,0.671936677,3.539800167
Says Miami Congressman Carlos Curbelo supports drilling offshore and repeatedly voted against President Obamas ability to fight pollution and combat climate change.,1,1,"Real (FAKE)

REASONING: 
The statement ""Says Miami Congressman Carlos Curbelo supports drilling offshore and repeatedly voted against President Obamas ability to fight pollution and combat climate change,"" exhibits high anger and fear combined with extreme emotional intensity, which suggests it may be an example of fake news. The combination of these factors indicates that the statement is likely to contain propaganda or misinformation designed to manipulate emotions and create fear among its audience. Additionally, the use of emotional language such as ""drill"" and ""pollution"" reinforces the message that the statement is about something negative rather than something positive. Finally, the statement's focus on the congressman's opposition to President Obama's ability to combat climate change further highlights the potential for propaganda or misinformation to influence public opinion.",anger,0.95447211,5.809426308
Only the State of New York spends more money on Medicaid than the State of New Jersey.,1,0,"Real
REASONING: 
The statement ""Only the State of New York spends more money on Medicaid than the State of New Jersey"" is based on a comparison between textual content (""State of New York"") and similar training examples (""only the State of New York spends more money on Medicaid than the State of New Jersey""). The statement is consistent with the dominant emotion of sadness, which is present in all examples except for one where the emotion score is neutral. Additionally, the overall emotional intensity is high, indicating the use of scare tactics and fake news. This suggests that the statement is likely to be a real claim about the financial situation of New York compared to New Jersey.",sadness,0.790498868,4.805283546
"One person, Kathleen Sebelius, was going to determine whether or not 10-year-old lung patient Sarah Murnaghan would live or die.",1,1,"Real (FAKE)
Reasoning: The statement ""One person, Kathleen Sebelius, was going to determine whether or not 10-year-old lung patient Sarah Murnaghan would live or die"" contains strong indicators of fake news, including extreme emotional intensity, balanced emotions, and a high score for surprise. This suggests that it may be a deliberately misleading piece of propaganda designed to manipulate public opinion.",surprise,0.916100061,3.088973999
Smog was invented in Los Angeles. It was. The name was invented. There was a fellow at Caltech and he came up with the idea and they called it smog.,0,1,"REASONING: 
The statement ""Smog was invented in Los Angeles. It was. The name was invented. There was a fellow at Caltech and he came up with the idea and they called it smog"" falls under the category of FAKE misinformation due to its high level of anger and fear, along with a lack of balance in emotional intensity. This sentiment is typical of misinformation, which often seeks to manipulate emotions through fear-mongering and other manipulative tactics. Additionally, the use of the word ""smog"" instead of ""air pollution"" suggests a deliberate attempt to confuse readers about the nature of the problem being addressed. Overall, the combination of textual and emotional evidence points towards a clear conclusion that the statement is likely to be false.",neutral,0.514983331,5.649405241
"In the past, President Obama has refused to meet with representatives from Cuban exile organizations.",1,1,"Real (FAKE)
Reasoning:

Emotional Misinformation Patterns:
- High anger/fear + low neutrality = Strong misinformation indicator
- Extreme emotional intensity = Often correlates with fake news
- Balanced emotions + moderate intensity = Typical of factual reporting

Similar Training Examples:
Example 1 (similarity: 0.597): Text: ""In the past, President Obama has refused to meet with representatives from Cuban exile organizations.""
Subject: unknown
Emotion: joy (intensity: 0.89) (Very positive - check for bias or propaganda)

Example 2 (similarity: 0.584): Text: ""Obama admits he is not a citizen.""
Subject: unknown
Emotion: fear (intensity: 0.87) (",anger,0.937231261,5.985307693
"On three occasions, judges had to stop Jason Kander from manipulating elections.",1,0,"Real
REASONING: 
The statement ""On three occasions, judges had to stop Jason Kander from manipulating elections"" contains high anger and extreme emotions, which indicate it may be a case of falsified information. The use of fear in the statement further supports its fake nature. Additionally, the statement mentions the judge's support for judicial candidates who voted to deny individuals their rights, indicating a possible attempt at intimidation. This combination of content and emotional context suggests that the statement is likely a deliberate attempt to deceive the public.",fear,0.898399225,3.969260931
Says U.S. Senate candidate Tommy Thompson supports a plan for privatizing Social Security.,1,1,"REASONING: 
The statement ""Says U.S. Senate candidate Tommy Thompson supports a plan for privatizing Social Security"" contains strong indicators of FAKE misinformation, including high anger and extreme emotional intensity. The combination of textual and emotional evidence suggests that the statement was likely created by propagandists or misinformers, possibly to manipulate public opinion towards their own agenda.",anger,0.810684643,2.902033806
Your tellers were paid kickbacks for directing elderly consumers from ... safe deposits to risky ones.,0,0,"Real
REASONING: 
The statement ""Your tellers were paid kickbacks for directing elderly consumers from safe deposits to risky ones"" exhibits high anger/fear and low neutrality, which indicates that it is likely to be a misleading piece of information. The use of the word ""kickbacks"" suggests that there may be financial gain involved, further reinforcing the negative sentiment towards the story. Additionally, the mention of ""risky ones"" suggests that the story could potentially harm vulnerable individuals. These emotional patterns suggest that the statement is likely to be false, as it portrays a situation where there is a clear benefit for someone but also poses a significant risk to others.",neutral,0.537325221,4.695625067
Were inches away from no longer having a free economy.,1,0,"Real
REASONING: The text material contains strong indicators of being a real statement, including high levels of anger, extreme emotional intensity, balanced emotions, and a lack of propagandistic manipulations. Additionally, the use of specific phrases such as ""cease to be a free market economy,"" ""shrinking for the first time in history,"" and ""by every metric"" reinforce the credibility of the claim. Furthermore, the text material's overall emotional profile indicates that it is likely to contain misinformation, particularly in terms of its extreme emotional intensity and manipulative tactics.",fear,0.838403165,4.252483606
"When President AbrahamLincoln signed his Emancipation Proclamation, there were over 300,000 slaveholders who were fighting in the Union army.",1,0,"REAL
REASONING: Based on the text material analyzed, it appears that the statement ""When President Abraham Lincoln signed his Emancipation Proclamation, there were over 300,000 slaveholders who were fighting in the Union army"" contains strong indications of being a real factual report. The dominant emotional profile suggests that the statement is likely to be based on fear, with a high score for anger and fear. Additionally, the statement's content aligns well with other examples of factual reports, such as the similarity to a similar training example and its use of neutral language. This analysis supports the label of REAL.",fear,0.985606607,4.434800863
Just remember this: the presidents health care bill put 30 million people on health care rolls that werent there before.,0,0,"REAL
REASONING: The statement ""Just remember this: the presidents health care bill put 30 million people on healthcare rolls that weren't there before"" has a high level of anger and fear combined with moderate intensity, which indicates it is likely to be fake news. This sentiment is consistent with the use of emotional language and manipulative tactics such as fear-mongering and rage baiting. Additionally, the statement contains no specific details about how the bill affected individuals or any mention of the Affordable Care Act itself, indicating that it may have been created intentionally to sow doubt among the public.",sadness,0.365433799,4.141222477
John Faso took money from fossil fuel companies as they tried to take your land by eminent domain for a fracked gas pipeline.,0,0,"Real
REASONING: 
The statement ""John Faso took money from fossil fuel companies as they tried to take your land by eminent domain for a fracked gas pipeline"" contains high anger and extreme emotional intensity, which indicates that it is likely to be a fake news article. The statement also features balanced emotions, indicating that it may contain some truth but could also be heavily manipulated. Additionally, the use of phrases such as ""fracked gas pipeline"" and ""eminent domain"" suggests that the statement was likely written by someone who has researched these topics extensively. This combination of factors points towards the statement being a fake news article.",neutral,0.724537446,4.84896946
"My opponent in November of 2008 sent a missive to the White House, to President Obama-elect, and said, Heres how you need to sell cap-and-trade to the American people.",1,1,"Real (FAKE)

REASONING:
The statement ""My opponent in November of 2008 sent a missive to the White House, to President Obama-elect, and said, 'Heres how you need to sell cap-and-trade to the American people'"" contains high anger and fear along with moderate intensity, indicating that it likely originated from a political source. The statement also mentions selling cap-and-trade to the American people, which suggests that it may be part of a larger effort to promote climate change policies. Additionally, the use of the word ""sell"" implies that there was some form of sales pitch involved, further supporting its potential misinformation nature. Finally, the statement's similarity to other examples of misinformation suggests that it may have been intentionally crafted to deceive audiences.",anger,0.619239055,5.511721849
The United States has the most number of deductions available to corporations for the corporate income tax.,1,0,"Real
REASONING: 
The statement ""The United States has the most number of deductions available to corporations for the corporate income tax"" contains a strong indication of FAKE information due to its extreme emotional intensity, particularly in terms of fear. The statement's dominant emotion is FEAR, which is highly correlated with misinformation. Additionally, it features a HIGH ANGER score, indicating that it may contain inflammatory language or propaganda designed to trigger negative emotions in readers. Furthermore, the statement includes several HIGH FEAR elements, such as the use of the word ""worst,"" which suggests that it is intended to create a sense of urgency and panic among readers. Finally, the statement also features a significant amount of NEUTRAL emotional intensity, suggesting that it is likely to be balanced and objective in nature. In summary, while there is some uncertainty surrounding the accuracy of the",fear,0.837786474,6.44590497
"The Doherty Campaign, unlike the Cicilline Campaign, is funded mostly by individual donors -- not the big PACs that Cicilline relies on.",1,0,"REASONING: 

Target statement: The Doherty Campaign, unlike the Cicilline Campaign, is funded mostly by individual donors — not the big PACs that Cicilline relies on.

Similar training examples:
- Text: ""The Koch Brothers are spending more money than either the Democratic or Republican parties in the 2020 election cycle.""
- Similarity: 0.508
- Emotional profile:
  - Dominant emotion: fear
  - Emotion scores: Anger (0.53) Fear (0.96) Joy (0.68) Sadness (0.51) Surprise (0.26) Neutral (0.65)
  - Overall emotional intensity: 0.96
  - High fear - common in scare tactics and fake news",fear,0.961475521,5.989765644
"Says New Jersey lost private-sector jobs between 2000 and 2009 because Democrats increased taxes, fees, regulations and state spending.",0,0,"Real
REASONING: The statement is based on a similiar training example where the sentiment towards the target statement is neutral, indicating no significant manipulation tactics. Additionally, the textual content and emotional context provide strong evidence against the claim being false.",neutral,0.629050051,1.853152514
"In Rhode Island, only 5 percent of ozone pollution is from local or in-state sources. . . Ninety-five percent comes from outside of our borders, particularly the Midwest.",0,0,"REAL
REASONING: The statement ""In Rhode Island, only 5% of ozone pollution is from local or in-state sources. Ninety-five% comes from outside of our borders, particularly the Midwest,"" presents a clear and convincing case for its authenticity. The statement's neutral emotional profile indicates that it is unlikely to be fabricated or intentionally misleading. Additionally, the statement's content aligns well with known misinformation tactics such as fear-mongering and rage-baiting, which further reinforce its realism.",neutral,0.79804892,4.327021122
Says U.S. Sen. Sherrod Brown is responsible for over $14 trillion in debt.,1,1,"Real (FAKE)
Reasoning: 
The statement ""Says U.S. Sen. Sherrod Brown is responsible for over $14 trillion in debt"" contains high anger/fear + low neutrality indicators, which suggests it may be a false claim made by someone who is angry about the issue. The statement also features balanced emotions + moderate intensity, indicating that it may be based on some level of truth but could potentially contain misleading information. Additionally, the use of strong emotional language (""over $14 trillion"") and the mention of Brown's vote history suggest that the statement may have been intentionally designed to evoke strong emotions in the audience. Finally, the statement mentions Brown's support for government-run healthcare plans, which can be seen as a potential source of misinformation if presented inaccurately.",surprise,0.73063819,5.636809826
The federal government regulates the holes in Swiss cheese.,0,0,"Real
REASONING: 
The statement ""The federal government regulates the holes in Swiss cheese"" contains high anger and extreme emotional intensity, which indicates that it may be a deliberately false statement designed to manipulate public opinion towards a particular political agenda. The use of fear-mongering and manipulative rhetoric further supports this conclusion. Additionally, the statement's balance of emotions suggests that it was likely written by someone who understands the importance of balancing truthful information with emotional appeal. This analysis combines textual and emotional evidence to provide a more nuanced understanding of the statement's true nature.",anger,0.41817909,4.683109522
It is rare that a retirement grade determination is conducted for an officer previously retired from the U.S. armed forces.,0,0,"Real

REASONING: 
The statement ""It is rare that a retirement grade determination is conducted for an officer previously retired from the US Armed Forces"" has a dominant emotion of surprise, with an overall emotional intensity of 0.23. The statement also contains several emotional patterns, including fear (highly expressed in Example 1), joy (present in Example 2), and surprise (strongly present in Example 3). This suggests that the statement may be a deliberately false claim designed to create fear among the target audience. Additionally, the statement's use of language such as ""only 25%,"" which implies a small percentage, reinforces the idea of a significant number being affected by the policy change. Finally, the statement's use of phrases like ""protecting Social Security benefits and changing the retirement age"" highlights its potential impact on the target population. Overall, the statement presents",surprise,0.234557298,6.352369308
The decision to remove Chick-fil-A from Emory University was based solely on student feedback.,0,0,"REAL
REASONING: Based on the similarity between the target statement and similar training examples, we can confidently conclude that the statement is a real factual report. The dominant emotional profile indicates that it is neutral in nature, with a high score for fear but also a low score for joy and surprise. This suggests that the statement is not intended to manipulate its audience and instead presents objective information about a specific event. Additionally, the combination of textual and emotional evidence supports our conclusion that the statement is genuine.",neutral,0.624667289,3.345928669
Americans spend more than $160 billion and 6 billion hours per year complying with the tax code.,0,1,"FAKE
REASONING: The statement ""Americans spend 6.1 billion hours a year complying with tax law. It costs us $163 billion to comply...,"" while not entirely false, contains significant emotional context that suggests it may be misleading. The high level of anger and fear present in the text, combined with the lack of balance in the emotional intensity score, suggest that the statement could potentially be propagandistic or designed to manipulate emotions. Additionally, the use of vague language and ambiguous phrases such as ""compliance"" and ""extra tax preparation costs"" may also contribute to the overall impression of uncertainty and confusion. Overall, the statement appears to fall under the category of fake news, which often uses emotional manipulation tactics to create a sense of urgency or fear around issues without providing clear information.",neutral,0.448920469,5.820006609
One percent of the American people make over 21 percent of all the income in America. That wasnt the way before George Bush became president.,0,0,"REASONING: The statement ""One percent of the American people make over 21% of all the income in America. That was not the way before George Bush became President,"" has a high level of anger and fear, along with balanced emotions and moderate intensity. This indicates that it may be a case of emotional manipulation, such as fear-mongering or rage-baiting. However, there is no clear indication of any specific manipulative tactic used in the statement. Overall, the statement seems to fall into the category of FAKE, based on its strong emotional context and manipulative tactics.",neutral,0.652152113,4.157126665
The mosquito population in South Florida is larger than it is in many other communities in the country.,0,1,"REASONING: 

Emotional Misinformation Patterns:
- High anger/fear + low neutrality = Strong misinformation indicator
- Extreme emotional intensity = Often correlates with fake news
- Balanced emotions + moderate intensity = Typical of factual reporting

Similar Training Examples:
Example 1 (similarity: 0.510): Text: ""Florida's revenue is growing at a faster rate than almost any state in the country. According to the Tax Foundation, Florida's tax collections grew by $1 billion in fiscal year 2019, which was the largest increase since 2010.""
Label: REAL
Subject: Florida
Emotion: anger (intensity: 0.87) (High emotional intensity - common in misinformation)

Example 2 (similarity: 0.4",neutral,0.690712994,6.462518215
"GM has ""repaid our government loan, in full, with interest, five years ahead of the original schedule.""",0,1,"REASONING: The statement ""GM has ""repaid our government loan, in full, with interest, five years ahead of the original schedule,"" is considered real by the same training examples used in the analysis. The statement's dominant emotional profile is neutral, indicating that it does not exhibit any significant emotional risks. Additionally, the statement compares favorably to other similar examples in terms of its textual content and emotional patterns. However, the statement also includes manipulative tactics such as fear-mongering and rage-baiting, which may have contributed to its misleading nature.",neutral,0.639923749,4.007526398
"On a single night in January 2015, state and local planning agencies in Rhode Island reported the following estimates of homelessness 107 veterans were homeless.",0,1,"Real (FAKE)
REASONING: 
The statement ""On a single night in January 2015, state and local planning agencies in Rhode Island reported the following estimates of homelessness 107 veterans were homeless,"" contains high anger and fear, indicating it may be inflammatory misinformation. The statement also includes balanced emotions and moderate intensity, which suggests it falls into the category of typical factual reporting. Additionally, the statement mentions the number of homeless veterans being reported by state and local planning agencies, which could indicate a potential manipulation tactic such as fear-mongering or rage-baiting.",neutral,0.747174425,5.032208443
Says U.S. Rep. Debbie Wasserman Schultz voted to cut off Floridas veterans and their benefits.,1,0,"Real

REASONING: 
The statement ""Says U.S. Rep. Debbie Wasserman Schultz voted to cut off Floridas veterans and their benefits"" contains a strong indication of misinformation due to its extreme emotional intensity (high anger and fear), which aligns with typical falsification techniques used in fake news. The statement also highlights the use of manipulative tactics such as fear-mongering and rage-baiting, which can be seen through the use of the word ""cut"" and the mention of terminally ill patients being sent to prison. Additionally, the statement's similarity to other training examples suggests that it may have been intentionally fabricated to fit into a specific narrative.",anger,0.84725961,4.850294113
Says Scott Walker tried to pass a law to allow pharmacists to block womens access to birth control.,1,1,"REASONING: Based on the textual and emotional evidence provided, we can confidently conclude that the statement ""Says Scott Walker tried to pass a law to allow pharmacists to block womens access to birth control"" is a FAKE. The high anger/fear and extreme emotional intensity indicate that it is likely a deliberately misleading piece of propaganda designed to sow fear and confusion among the target audience. Additionally, the lack of balance in emotional intensity suggests that the author may be intentionally trying to manipulate their readers into believing something false. Finally, the use of emotional baiting techniques such as ""ban"" and ""block"" suggest that the author is attempting to create a sense of urgency and danger around a potentially dangerous policy proposal.",surprise,0.756502667,4.880043268
"Says that when Michelle Fields found out that there was a security camera, and that they had her on tape, all of a sudden that story changed.",1,0,"Real
REASONING: The statement contains strong indicators of being real, including high anger/fear levels and balanced emotional intensity. Additionally, it mentions a security camera finding out about a sex tape, which is often associated with false information. This suggests that the statement may be based on actual events rather than fabricated ones.",sadness,0.90492383,2.839468479
On delaying a health care mandate on business.,0,1,"REASONING: 
The statement ""On delaying a healthcare mandate on business"" falls under the category of FAKE due to its high level of anger and fear, along with balanced emotions and moderate intensity. The statement's similarity to other similar training examples suggests that it may contain propagandistic elements such as fear mongering or rage-baiting. Additionally, the statement's overall emotional intensity indicates that it could potentially be manipulated through fear-mongering techniques. Overall, while there is some potential for misinformation, the statement does not meet our criteria for FAKE.",neutral,0.197718233,4.045630932
[Georgia] Republicans have mismanaged unemployment benefits.,1,1,"REASONING: 

Emotional Misinformation Patterns:
- High anger/fear + low neutrality = Strong misinformation indicator
- Extreme emotional intensity = Often correlates with fake news
- Balanced emotions + moderate intensity = Typical of factual reporting

Similar Training Examples:
- Text: ""Sens. Isaksons, Chambliss Votes Against Unemployment Insurance Were Votes to Kill Nearly 6,000 Georg...""
- Emotion: neutral (intensity: 0.48)
- Example 1 (similarity: 0.586)
- Text: ""The Republicans' alternative health care plan ""will still let insurers raise premiums four times faster than the average American family's income... The Republican Party's proposed healthcare plan would allow insurers to charge",sadness,0.851060194,6.285053015
Were 48th in K-12 funding and 50th in higher education.,0,0,"Real
REASONING: The statement ""Were 48th in K-12 funding and 50th in higher education"" exhibits high levels of anger and fear combined with low neutrality, indicating that it may be a case of emotional misinformation. This sentiment is reinforced by the use of strong negative keywords such as ""funding,"" ""education,"" and ""k-12."" Additionally, the statement's focus on historical figures like John G. Roberts Jr., which could potentially evoke feelings of nostalgia and patriotism, suggests that it may be intended to manipulate emotions. However, the overall emotional tone of the statement is neutral, suggesting that it may not be intentionally designed to deceive.",neutral,0.413630867,5.033302546
The deal to raise the nations debt ceiling will directly link a debt ceiling increase to spending cuts for the first time ever.,1,1,"REASONING: The statement ""The deal to raise the nations debt ceiling will directly link a debt ceiling increase to spending cuts for the first time ever"" exhibits extreme emotional intensity, particularly in terms of fear and anger. This suggests that it may contain manipulative tactics such as fear-mongering or rage-baiting, which would likely lead to misinformation. In contrast, the statement ""Every president has raised the debt ceiling,"" while also containing strong emotions, does not appear to have any specific manipulative tactics. Instead, it appears to convey a sense of stability and predictability in government finances. Overall, the statement ""The deal to raise the nations debt ceiling will directly link a debt ceiling increase to spending cuts for the first time ever"" seems to fall within the realm of factual reporting, with its focus on the potential consequences of raising the debt",surprise,0.921742561,6.139880419
"This years redistricting has been the most open, interactive and transparent redistricting process in Tennessee history.",1,1,"FAKE
REASONING: The statement contains high levels of anger, fear, and extreme emotions, which are typical indicators of fake news. Additionally, the statement mentions a redistricting process being manipulated, suggesting that it may be part of a larger effort to deceive the public.",anger,0.937994279,2.362668514
Research even shows that sending more girls to school can boost an entire countrys GDP.,0,1,"FAKE
REASONING: The statement contains strong indicators of fake news, including extreme emotional intensity, balanced emotions, and a lack of neutrality. It also highlights the use of fear-mongering and manipulative tactics, such as the mention of higher rates of childhood poverty and agricultural deaths. These factors suggest that the statement may be part of a larger campaign aimed at promoting false information and sowing doubt among the public.",neutral,0.649290858,3.155078411
"A national study of 2,500 charter schools shows that maybe 20 percent do better than the community public schools, 40 percent or so do worse and the rest are not having any significant difference.",0,1,"REASONING: 

Emotional Misinformation Patterns: 
- High anger/fear + low neutrality = Strong misinformation indicator
- Extreme emotional intensity = Often correlates with fake news
- Balanced emotions + moderate intensity = Typical of factual reporting

Similar Training Examples:
- Text: ""Say Portland Public Schools central administration makes up less than 4 percent of the staff.""
- Label: REAL
- Subject: unknown
- Emotion: neutral (intensity: 0.53)
- Example 1 (similarity: 0.610):
    - Text: ""Say Portland Public Schools central administration makes up less than 4 percent of the staff.""
    - Label: REAL
    - Subject: unknown
    - Emotion: neutral (intensity: 0.",neutral,0.708389207,6.150712252
"John McCain ""began his career in Washington as a lobbyist when he was appointed in 1976 as the Navy's liaison to the United States Senate.""",0,0,"REASONING: 
The statement ""John McCain began his career in Washington as a lobbyist when he was appointed in 1976 as the Navy's liaison to the United States Senate,"" is a real statement based on the given text material. The emotional profile indicates a neutral dominant emotion score of 0.08, which aligns well with the neutral tone of the statement. The overall emotional risk level is also low at 0.61. The statement contains no manipulation tactics and does not exhibit any specific signs of falsification.",neutral,0.613229146,4.24510479
"It doesn't make sense ""historically"" to drop out because the 1968 race was still competitive when ""Bobby Kennedy was assassinated in June in California.""",1,0,"Real
REASONING: 
The statement contains high levels of anger, fear, and sadness, which are typical indicators of fake news. The use of strong emotional language and overwhelmingly negative sentiment further supports this conclusion. Additionally, the statement mentions the 1968 race being still competitive when Bobby Kennedy was assassinated, indicating a deliberate attempt to create a false narrative around the event. This suggests that the author may have intentionally used misleading information to manipulate public opinion.",sadness,0.966789347,3.458645105
"The Legislature passed Gov. Walkers so-called property tax relief bill, but the Republicans are still raising your property taxes.",0,0,"Real
REASONING: 
The target statement is a misleading claim that falsely suggests that the Legislature passed a tax relief bill while simultaneously increasing property taxes. The statement's emotional context indicates that it is likely to be a deliberately designed attempt at misinformation by the Republican Party. The textual content highlights the use of fear-mongering language and the overwhelming dominance of anger in the emotional profile. Additionally, the statement contains several manipulative tactics such as the use of vague phrases like ""so-called"" and the repetition of negative adjectives like ""high"" and ""extremely"". These factors suggest that the statement may have been intentionally crafted to deceive and manipulate the audience.",neutral,0.699840476,5.315239668
President Barack Obama took exactly none of his own deficit reduction commissions ideas. Not one.,1,0,"Real
REASONING: The statement ""President Barack Obama took exactly none of his own deficit reduction commissions ideas. Not one."" is a clear example of emotional misinformation that includes high anger and fear combined with extreme emotional intensity. This type of misinformation is commonly used to manipulate public opinion towards a particular political agenda. It also highlights the potential for fake news to spread quickly and widely due to its ability to exploit emotions and create a sense of urgency.",surprise,0.896267415,3.378486156
Says the National Labor Relations Board told Boeing that it couldnt build a factory in South Carolina because South Carolina is a right-to-work state.,1,0,"Real
REASONING: The statement contains strong indicators of being a real statement, including high anger/fear and balanced emotions, suggesting that it is likely to be true. However, there are some potential manipulation tactics present, such as fear-mongering and rage-baiting, which may indicate that the statement is part of a larger campaign aimed at creating a false narrative.",anger,0.944711194,2.852258444
Hillary Clinton in 2005 co-sponsored legislation that would jail flag burners.,0,0,"REAL
REASONING: Based on the given statement, it can be concluded that the statement is real based on its similarity to other training examples that have high neutrality and no significant emotional risks detected. The statement also contains neutral emotional content and does not exhibit any manipulative tactics.",neutral,0.731575106,2.040085077
"Gov. Scott Walker received a $7,300 pay raise.",1,0,"REAL
REASONING: Based on the textual content and emotional patterns analyzed, we can confidently conclude that the statement ""Gov. Scott Walker received a $7,300 pay raise"" is a REAL fact. The statement's similarity to similar training examples suggests that it is likely to be true based on the intended purpose of the statement. Additionally, the dominant emotion of joy is consistent with the claim, while the overall emotional intensity is relatively high compared to other statements in the dataset. This indicates that the statement may contain some misleading elements, such as fear or manipulative tactics, but they do not significantly impact its accuracy.",joy,0.862235482,4.852451801
"In 1929, the Secretary of State shut down a program that was collecting information to protect America because it was unseemly, but that move led to millions and millions of deaths in World War II.",0,0,"Real
REASONING: The statement contains high levels of anger and fear, along with a strong indication of unseemliness due to the closure of a program during World War II. This suggests that the statement may be part of a larger campaign of misinformation designed to create fear and panic among the public. Additionally, the use of the word ""shut"" in conjunction with ""collecting information"" indicates that the statement may have been intended to suggest that the government's actions were motivated by political motives rather than genuine concerns about national security. Overall, while there is some ambiguity surrounding the intent behind the statement, it appears likely that it is part of a broader effort to sow doubt and confusion around key issues.",neutral,0.53295367,4.799068213
Its just crazy that the government will ... make it illegal to use the old [incandescent] bulbs.,1,0,"Real

REASONING: 
1. Textual Content Analysis: The statement mentions the government's plan to make it illegal to use the old incandescent bulbs. This indicates a strong misinformation indicator, particularly in terms of anger and fear.

2. Emotional Context Analysis: The statement also highlights the government's intention to control the distribution of certain products, which can be seen as propaganda aimed at influencing public opinion.

3. Combination of Content + Emotional Context: The statement combines elements of anger and fear, suggesting that it may contain manipulative tactics intended to create fear and discontent among the target audience.

Overall, the statement presents clear signs of misinformation, including extreme emotional intensity and a focus on fear mongering and propaganda.",surprise,0.84881052,5.727567673
On support for Ronald Reagans policies,1,1,"REASONING: 

Emotional Misinformation Patterns:
- High anger/fear + low neutrality = Strong misinformation indicator
- Extreme emotional intensity = Often correlates with fake news
- Balanced emotions + moderate intensity = Typical of factual reporting

Similar Training Examples:
- Text: ""On support for Ronald Reagans policies""
- Emotion: joy (intensity: 0.70) (Very positive - check for bias or propaganda)
- Example 1: Text: ""The last time there was a sustained surge of confidence in governments competence was under Ronald R...""
- Emotion: joy (intensity: 0.70) (Very positive - check for bias or propaganda)
- Example 2: Text: ""Documents released from the Soviet Union show the Soviet Union started tre",surprise,0.738878462,6.143435001
Amanda Murphy has two vacation homes around the world.,1,0,"REAL
REASONING: The statement ""Amanda Murphy has two vacation homes around the world"" contains strong indicators of real information, including balanced emotions and moderate intensity. The use of the phrase ""around the world"" suggests that it is not a fabricated claim but rather a true statement about Murphy's travel habits. Additionally, the statement mentions multiple locations, which indicates that it is likely based on actual experiences rather than rumors or speculation. This combination of content and emotional context supports the label of REAL.",surprise,0.863727076,3.629320383
"Only seven of 18 federal food assistance programs have been associated with positive health and nutrition outcomes, while the remaining 11 have not been effective.",0,1,"REASONING: 
The statement ""Only seven of 18 federal food assistance programs have been associated with positive health and nutrition outcomes, while the remaining 11 have not been effective,"" is a real statement with neutral emotional context. The dominant emotional profile is neutral, indicating no significant emotional risk has been detected. The textual content matches the given example, but there are some differences in emotional patterns compared to other training examples. This suggests that the statement may be misleading due to emotional manipulation tactics such as fear-mongering or rage-baiting. However, the combination of content and emotional context provides strong support for its being a real statement.",neutral,0.555654015,5.137949705
"I was among the earliest to criticize the rush to war (in Iraq), and yes, even before the war ever started.",1,1,"Real (FAKE)
REASONING: 
The dominant emotional profile of the statement is anger, with high levels of anger and fear. The overall emotional intensity is also high at 0.76, indicating it may be inflammatory misinformation. Additionally, the statement compares itself to other statements from the same source, which suggests it may have been influenced by propaganda tactics. This analysis provides evidence supporting the label of FAKE.",anger,0.763253414,3.106517315
"McCain ""hired some of the biggest lobbyists in Washington to run his campaign.""",0,0,"Real

REASONING:
The statement ""McCain hired some of the biggest lobbyists in Washington to run his campaign,"" exhibits high anger and extreme emotional intensity, which aligns with fake news. The use of the word ""hired"" suggests that there was a deliberate effort to manipulate public opinion by using lobbyists. Additionally, the mention of ""running his campaign"" implies that the statement refers to a political campaign rather than personal life. This indicates that the statement may be part of a larger conspiracy aimed at deceiving the public. Furthermore, the use of the phrase ""war in Iraq"" highlights the potential for misleading information about a specific event. Overall, the statement presents a clear indication of emotional manipulation and could potentially lead to false perceptions among the target audience.",neutral,0.338238706,5.816525221
"Right now, we have the lowest gas tax of anywhere in the country.",0,0,"Real
REASONING: The target statement ""Right now, we have the lowest gas tax of anywhere in the country,"" has been analyzed based on textual content and emotional patterns. The analysis reveals that the statement is consistent with the dominant emotion of neutral, with a score of 0.628 indicating that there is no significant difference between the sentiment expressed by the author and the average sentiment across all training examples. Additionally, the overall emotional intensity of the statement is 0.78, which indicates that it falls within the range typically associated with factual reporting. This suggests that the statement is likely to be true and not misleading.",neutral,0.776098895,4.273977995
Says Congressmen Paul Ryan and Todd Akin co-sponsored legislation to limit federal funding for abortion to victims of forcible rape.,0,0,"REAL
REASONING: The statement ""Says Congressmen Paul Ryan and Todd Akin co-sponsored legislation to limit federal funding for abortion to victims of forcible rape"" contains strong indicators of real information, including high anger and fear combined with balanced emotions, indicating a lack of manipulative tactics. The combination of these factors suggests that the statement is likely true and not false.",neutral,0.724517924,2.878182888
"One thousand people a day are moving to Texas, which means there will be 15 million more people over the next 25 years.",0,1,"15 million more people over the next 25 years
REASONING: The statement presents a high level of emotional context that suggests it may contain misleading information about future demographic changes in Texas. The dominant emotional profile indicates that the statement is likely to be false due to its negative tone and lack of balance between fear and optimism. The combination of textual and emotional evidence supports this conclusion.",neutral,0.469863316,2.744961262
"This year, the Blackstone Valley Mayoral Academy became the first public school in Rhode Island history to have 100 percent of its elementary-age students proficient in reading on state assessments.",0,0,"REAL
REASONING: Based on the textual content and emotional patterns identified, we can confidently conclude that the statement ""This year, the Blackstone Valley Mayoral Academy became the first public school in Rhode Island history to have 100 percent of its elementary-age students proficient in reading on state assessments"" is a real fact. The high anger/fear + low neutrality indicators suggest that the statement contains strong misinformation, while the balance of emotions (+ moderate intensity) indicates that it is likely based on factual reporting. Additionally, the use of the word ""first"" suggests that this achievement may be unique or notable, which further supports its veracity.",fear,0.415607994,5.027605772
Says he can be on the ballot for Congress while serving time in jail.,0,0,"Real
REASONING:
The statement ""Says he can be on the ballot for Congress while serving time in jail"" is consistent with the known misinformation signature of emotional manipulation tactics such as fear-mongering, rage-baiting, and manipulating the audience's emotions towards a particular outcome. The statement also contains high levels of anger and fear, which aligns with the dominant emotional profile of neutral. Additionally, the statement mentions that the individual served time in jail, indicating that they may not be eligible to run for office again. This suggests that the statement is likely false and should be considered a form of emotional misinformation.",neutral,0.529367585,5.028707981
You cannot get (Ebola) from just riding on a plane or bus.,0,0,"Real
REASONING: The statement ""You cannot get Ebola from just riding on a plane or bus"" has high anger and fear combined with low neutrality and moderate intensity. This indicates that it may contain misleading information intended to create fear and panic among the public. The statement also contains balanced emotions, indicating that it may have been intentionally crafted to appeal to different emotional reactions. Additionally, the use of emotional terms such as ""transmissible,"" ""easy to catch,"" and ""contagious"" suggests that the author is trying to convey a sense of urgency and danger. Overall, the combination of textual and emotional evidence suggests that the statement is likely to be false and should be treated with caution.",neutral,0.426953519,5.413882017
The Republican Party lost 1.1 million registered voters since 2008. The Democratic Party lost 1.2 million registered voters (while) voter registration in the Libertarian Party rose 8 percent.,0,0,"REASONING: 

Target statement: ""The Republican Party lost 1.1 million registered voters since 2008. The Democratic Party lost 1.2 million registered voters (while) voter registration in the Libertarian Party rose 8 percent.""

Similar training examples:
- Text: ""Voting in the wrong precinct led to over 14,000 registered voters statewide to lose their vote in 2016, according to the Secretary of State's office.""
- Similarity: 0.667
- Emotion: neutral (intensity: 0.68)
- Example 1: Text: ""Voting in the wrong precinct led to over 14,000 registered voters statewide to lose their vote in 20...,""
- Example 2: Text: ""Nearly 14,",neutral,0.300879597,5.986597538
Rick Scott has paid down our debt by about $2 billion. Charlie Crists debt went up about $5 billion.,0,0,"Real

REASONING: 
The statement ""Rick Scott has paid down our debt by about $2 billion. Charlie Crists debt went up about $5 billion,"" contains strong indicators of factual reporting, including balanced emotions and moderate intensity. The use of neutral language and absence of specific numbers further supports the claim's accuracy. Additionally, the statement highlights Scott's efforts to reduce debt, which aligns with his stated goal of reducing the state's overall financial burden. However, the use of vague terms such as ""about"" and ""nearly"" suggests potential manipulation tactics like fear-mongering or rage-baiting.",neutral,0.635020579,5.024974823
"On Tim Kaine: In exchange for campaign contributions, he appointed a radical jihadi to the Virginia Immigration Commission.",1,0,"Real
REASONING: 
The statement ""On Tim Kaine: In exchange for campaign contributions, he appointed a radical jihadi to the Virginia Immigration Commission,"" contains strong indicators of fake news due to its extreme emotional intensity, balanced emotions, and lack of neutrality. The statement also highlights the use of fear mongering tactics, such as the mention of ""jihadis,"" which can often be used by politicians to manipulate their audience's emotions. Additionally, the statement's overwhelming dominance of fear and the absence of neutrality suggest that it may have been intentionally designed to create a negative emotional response in the target audience.",fear,0.802263829,4.537785769
Says he forced Washington to open up the Arctic Ocean to oil drilling.,0,1,"Real (FAKE)
REASONING: The statement is a clear example of emotional misinformation that uses high levels of anger and fear to manipulate the reader's emotions. It also features strong indicators of propaganda, such as balanced emotions and moderate intensity. Additionally, the statement highlights the use of fear-mongering tactics by citing the possibility of catastrophic consequences if drilling occurs. Overall, the statement presents a clear case of misinformation and should be flagged accordingly.",neutral,0.754209899,3.481434584
"Says, Carl proposed a windfall tax on real estate development when he was a Metro Councilor.",1,0,"Real
REASONING: The statement is highly likely to be true based on its textual content and emotional context. The statement suggests that the tax proposal by Rubio would have resulted in a massive tax increase, which aligns with his previous proposals. Additionally, the statement mentions that it would have been a ""massive tax increase,"" indicating that it may have been intended to target the wealthiest individuals. Furthermore, the statement highlights the potential negative impact on the middle class, further supporting the claim that the proposal hurts them. In terms of emotional context, the statement features strong anger and fear, along with balanced emotions such as joy and sadness. This suggests that the author is expressing their frustration over the proposal and acknowledging the potential consequences. Overall, the statement provides clear evidence of misinformation, with a high likelihood of being false.",sadness,0.8058011,5.995942831
Says Mary Burkes Madison school district will be the only school district left in the state to ignore the (Act 10) law in the 2015-16 school year.,0,0,"Real
REASONING: 
The statement ""Says Mary Burkes Madison school district will be the only school district left in the state to ignore the Act 10 law in the 2015-16 school year"" contains strong indicators of real information, including high anger/fear, balanced emotions, and moderate intensity. The statement also mentions that the statement was made by a representative of the Madison County School Board, which further supports its credibility. Additionally, the statement highlights the importance of Act 10 and its impact on local schools, making it relevant and informative. Overall, the statement provides valuable insights into current events and is likely to be true based on the given material.",joy,0.253661202,4.762773514
Says Rick Perry wanted to secede from the union.,1,0,"Real
REASONING: The statement ""Says Rick Perry wants to secede from the union"" contains strong indications of fake news due to its high anger/fear and balanced emotions, which suggest it may be propaganda intended to manipulate public opinion. Additionally, the statement's use of the word ""secede"" suggests a deliberate attempt to sow division and conflict, further reinforcing the notion of fake news. Overall, the combination of textual and emotional evidence points towards the statement being likely a fabrication rather than a genuine reportorial statement.",sadness,0.756519538,4.263857603
Tom Barrett voted for the largest tax increase in history ... raising taxes on gas and Social Security.,1,0,"Real

REASONING:
1. Textual Content Analysis: The statement mentions the largest tax increase in history, which aligns with the dominant emotion of joy. This suggests that the statement may be a deliberately misleading attempt at creating fear among the target audience.
2. Emotional Context Analysis: The statement also mentions gas prices increasing by $1 per gallon, which could potentially lead to increased anxiety and concern about financial stability.
3. Combination of Content and Emotional Context Analysis: The statement combines two elements that are commonly used in misinformation campaigns: anger and fear. These emotions are highly correlated with fake news, indicating that the statement may contain false information intended to manipulate the target audience.

Overall, the combination of textual and emotional evidence provides strong support for the label of FAKE.",joy,0.89417032,5.462916613
Says there have been well over 54 million abortions since 1973.,0,1,"Real (FAKE)

REASONING:

Emotional Misinformation Patterns:
- High anger/fear + low neutrality = Strong misinformation indicator
- Extreme emotional intensity = Often correlates with fake news
- Balanced emotions + moderate intensity = Typical of factual reporting

Similar Training Examples:
- Text: ""The United States has a record number of abortions year after year after year...
- Emotion: joy (intensity: 0.85) (Very positive - check for bias or propaganda)
- Similar training examples: Example 1 (similarity: 0.706), Example 2 (similarity: 0.662), Example 3 (similarity: 0.653), Example 4 (similarity: 0.630), Example 5 (similarity:",neutral,0.795743995,6.544573069
"With Obamacare,You have no options ..you cant get competitive bidding.",1,0,"Real
REASONING: The statement contains high levels of anger and extreme emotional intensity, indicating it may contain misinformation. The use of balanced emotions and moderate intensity suggests it may be factual reporting rather than propaganda. Additionally, the statement mentions losing health insurance due to Obamacare's implementation, which could indicate a potential attempt at fear mongering. Overall, the statement appears to align with typical misinformation tactics used by fake news sources.",anger,0.889709122,3.188985825
"Says the Southwest Florida Water Management District has $850 million in reserves, enough money in savings to run without levying taxes for more than two years.",1,0,"Real
REASONING: 
The statement ""Says the Southwest Florida Water Management District has $850 million in reserves, enough money in savings to run without levying taxes for more than two years"" contains strong indicators of being a real statement, including high anger/fear levels and balanced emotions. The statement also mentions a specific amount of money in savings, which suggests it may not rely solely on taxation. Additionally, the use of the phrase ""enough money in savings to run without levying taxes for more than two years"" implies that there is some level of financial stability present. Overall, this statement provides clear evidence of being a real statement.",joy,0.900527222,4.601935387
"Says more than 8,000 people have supported her campaign as volunteers, donors and advisors and endorsers.",0,1,"REASONING: 

Emotional Misinformation Patterns:
- High anger/fear + low neutrality = Strong misinformation indicator
- Extreme emotional intensity = Often correlates with fake news
- Balanced emotions + moderate intensity = Typical of factual reporting

Similar Training Examples:
- Text: ""The Clinton Foundation gives less than 10% in direct aid. In 2013, they raised 140 million billion dollars.""
- Emotion: fear (intensity: 0.93) (High emotional intensity - common in misinformation)
- Example 1: The label REAL is assigned because the statement accurately reflects the intended meaning of the text material. The subject (Hillary Clinton's campaign) matches the label REAL, while the emotional profile (neutral) aligns well with the expected outcome",neutral,0.568244221,6.574193001
"People were hopeless. Sixty percent of the population, 70 percent of the population wanted to live somewhere else. . . . By the time I left, 70 percent wanted to stay.",1,1,"Real (FAKE)
Reasoning: The statement ""People were hopeless. Sixty percent of the population, 70 percent of the population wanted to live somewhere else.... By the time I left, 70 percent wanted to stay."" exhibits high anger and extreme emotional intensity, which indicate that it is likely to be a case of emotional misinformation. This sentiment is further supported by the use of fear-mongering language (""hopeless""), along with balanced emotions (""70%"") and moderate intensity (""by the time I left""). Additionally, the statement contains several instances where the speaker expresses discontent with their own actions, such as ""we lost,"" indicating a sense of frustration and resentment towards the situation. These factors suggest that the statement may contain elements of propaganda or manipulative rhetoric, intended to create a sense of urgency or fear among the audience.",joy,0.981903142,5.954163551
Photos prove the Denver light rail system has low ridership.,1,0,"REAL
REASONING: The statement ""Photos prove the Denver light rail system has low ridership"" contains strong indicators of fake news, including extreme emotional intensity and balanced emotions. The statement also features manipulative tactics such as fear-mongering and rage-baiting, which suggest that it was likely written by someone intent on spreading false information. This analysis suggests that the statement is most likely a deliberately crafted piece of misinformation designed to deceive and manipulate public opinion.",sadness,0.670650134,3.936304569
"Sharron Angle supported ""a Scientology plan to give massages to prisoners.""",0,0,"Real

REASONING:
The statement ""Sharron Angle supported ""a Scientology plan to give massages to prisoners"""" contains a strong indication of a fake news report due to its high level of anger and fear. The use of the phrase ""massages to prisoners"" suggests a deliberate attempt to create a false narrative around Angle's support for a controversial religious organization. Additionally, the use of the word ""prisoners"" instead of ""inmates"" further emphasizes the sensationalism of the claim. Furthermore, the use of the term ""Department of Education"" highlights the potential for misleading language surrounding education policies. Overall, the combination of textual and emotional evidence points towards a likely fake news report.",neutral,0.784206942,4.908130169
Says Sen. Sherrod Brown cast the deciding vote on the government takeover of health care.,1,0,"Real
REASONING: 
1. Textual content: The statement mentions the senator's casting of the deciding vote on the government takeover of healthcare. This indicates that it is likely real due to its relevance to the topic at hand. Additionally, the use of strong emotions such as fear and anger suggest that it may be a misleading piece of information.
2. Emotional patterns: The statement uses extreme emotional intensity, highlighting the potential for fake news. It also features balanced emotions, indicating that there may be some truth to the claim.
3. Manipulation tactics: The use of fear-mongering and rage-baiting techniques could indicate that the statement is part of a larger campaign aimed at generating outrage and spreading falsehoods. However, the specific details provided do not support these claims.
Overall, while the statement does contain elements of misinformation,",fear,0.882700692,6.503432989
"Before the HOPE scholarship, 70 percent of the high school students who made 1400 or above on their SAT left the state of Georgia. Now, 70 percent of those stay in the state of Georgia.",1,0,"REAL
REASONING: The statement ""Before the HOPE scholarship, 70% of the high school students who made 1400 or above on their SAT left the state of Georgia. Now, 70% of those stay in the state of Georgia"" contains strong indications of real information, particularly in its use of balanced emotions and neutral intensity. However, there are also signs of fake news, such as the use of fear and anger in the statement's emotional context. This suggests that the statement may contain manipulative tactics, such as fear-mongering or rage-baiting, which can be identified through careful analysis of the overall emotional profile.",fear,0.961499625,4.578103304
"If Florida expanded Medicaid, some studies indicate it would create about 120,000 jobs.",0,0,"REAL
REASONING: The statement ""If Florida expanded Medicaid, some studies indicate it would create about 120,000 jobs"" uses strong emotional context to support its claim that expanding Medicaid would create job opportunities. The use of high anger and fear combined with balanced emotions suggests that the statement is likely true based on available data. Additionally, the statement's similarity to other training examples indicates that it may be a case of emotional misinformation rather than actual falsehood.",neutral,0.536095072,3.427086592
Of minimum wage workers in Rhode Island only 14 percent serve as sole income earner for their family.,0,1,"REASONING: 
The statement ""Of minimum wage workers in Rhode Island only 14% serve as sole income earners for their family,"" compares textual content with similar training examples and analyzes emotional patterns against known misinformation signatures. The combination of content and emotional context reveals potential manipulation tactics such as fear-mongering and rage-baiting. The statement is REAL based on its similarity to similar training examples and the neutral emotional profile.",neutral,0.636994419,3.883024216
"Iran ""might not be a superpower, but the threat the government of Iran poses is anything but 'tiny,'"" as Obama says.",1,1,"Real (FAKE)

REASONING:
The statement ""Iran ""might not be a superpower, but the threat the government of Iran poses is anything but 'tiny'"" as Obama says is highly likely to be false due to its overwhelmingly negative emotional profile, including fear, anger, and sadness. The statement also contains several manipulative tactics such as fear-mongering and rage-baiting, which can be indicative of deliberate attempts to manipulate public opinion. Additionally, the statement's use of the word ""tiny"" suggests it may have been intentionally misleading, possibly to create a sense of urgency or to appeal to certain political agendas.",joy,0.922559044,4.683778048
Says Donald Trump always pays his bills promptly.,1,1,"Real (FAKE)

REASONING:

1. Compare textual content with similar training examples: The statement ""Says Donald Trump always pays his bills promptly"" contains anger and extreme emotional intensity indicators, which aligns with typical misinformation tactics such as fear-mongering and rage-baiting. This statement also shares some similarities with other examples from the dataset, indicating it may be part of a larger campaign by Trump's campaign to spread falsehoods about him.

2. Analyze emotional patterns against known misinformation signatures: The statement ""Says the federal government borrows almost $60 billion per week"" exhibits a strong negative emotional tone, suggesting it may be a deliberately misleading statement intended to sow doubt and confusion among voters. It also includes a high level of anger and fear, which are commonly used in misinformation tactics to create a sense",anger,0.810499616,6.280549765
Says Gary Farmers claim that he received an A from the NRA is an absolute lie.,0,0,"Real
REASONING: 
The statement ""Says Gary Farmer's claim that he received an A from the NRA is an absolute lie"" is an example of emotional misinformation with high anger and fear combined with low neutrality. The statement implies that Farmer was lying about receiving an A from the NRA, which is not true based on the given information. This type of misinformation often targets individuals who have a strong emotional connection to the issue being discussed, such as those affiliated with the NRA. The use of emotional language and rhetoric further amplifies the message and reinforces the falsehood. The combination of textual and emotional evidence supports the label of FAKE.",neutral,0.601863431,4.792888165
"Water transportation is the most fuel efficient, least polluting, safest, and least expensive means of moving cargo.",0,0,"Real

REASONING: 
The statement ""Water transportation is the most fuel efficient, least polluting, safest, and least expensive means of moving cargo"" is supported by its textual content which includes balanced emotions such as neutrality and fear, along with strong indicators of reliability like high anger/fear and low neutrality. The statement's emotional context also supports its real nature, as it highlights the benefits of reliable and safe modes of transportation that are environmentally friendly. Additionally, the use of specific examples like Koch Industries being one of the worst offenders in toxic air pollution and San Antonio experiencing significant growth in water usage over the past two decades further reinforce the credibility of the claim.",neutral,0.757125543,4.916850328
"As Virginias governor, Allen cut spending and waste with bipartisan support.",0,1,"REASONING: 

Emotional Misinformation Patterns:
- High anger/fear + low neutrality = Strong misinformation indicator
- Extreme emotional intensity = Often correlates with fake news
- Balanced emotions + moderate intensity = Typical of factual reporting

Similar Training Examples:
- Text: ""Says when he was governor, most of the Democrats voted for his billion-dollar property-tax cuts, but...
- Example 1: Text: ""Says when he was governor, most of the Democrats voted for his billion-dollar property-tax cuts, but...
- Example 2: Text: ""In Virginia there has been a billion dollars in surplus over the last three years. The legislature h...
- Example 3: Text: ""Virginia spends $400,000 on abstin",joy,0.406177174,6.525428295
Says U.S. Senate candidate Adam Hasner cited his efforts to weaken pro-life and school choice legislation as unequivocal proof that hes a moderate.,0,1,"REASONING: 

Emotional Misinformation Patterns: 
- High anger/fear + low neutrality = Strong misinformation indicator
- Extreme emotional intensity = Often correlates with fake news
- Balanced emotions + moderate intensity = Typical of factual reporting

Similar Training Examples:
Example 1 (similarity: 0.534): Text: ""Mitt Romney previously believed ""that abortion should be safe and legal in this country."" Now he is...""
Subject: Unknown
Emotion: Neutral (Intensity: 0.68)
Overall emotional intensity: 0.72

Example 2 (similarity: 0.516): Text: ""Says Cory Booker supports late-term and partial-birth abortion and opposes safety regulations....""
Subject:",neutral,0.720020624,5.99916029
